user_id,week,renk_hatasi,success_rate,is_resolved
1,1,sarı,33.2,0
1,1,yeşil,33.4,0
1,1,yeşil,26.8,0
1,1,yeşil,39.3,0
1,1,kırmızı,33.3,0
1,2,mavi,54.5,1
1,2,turuncu,51.4,0
1,2,turuncu,20.0,0
1,2,mavi,34.5,0
1,3,mor,32.0,0
1,3,yeşil,42.6,0
1,3,sarı,39.6,0
1,4,mor,49.3,0
1,4,kırmızı,47.5,0
1,4,mavi,39.3,0
1,4,turuncu,68.0,1
1,4,sarı,52.2,1
1,5,mavi,46.2,0
1,5,turuncu,53.1,0
1,5,mavi,45.8,0
1,6,mor,68.9,0
1,6,sarı,45.4,0
1,6,yeşil,42.9,0
1,6,yeşil,56.1,1
1,6,turuncu,26.7,0
2,1,mor,36.6,0
2,1,mavi,30.9,0
2,1,turuncu,37.3,0
2,1,turuncu,67.7,1
2,1,kırmızı,20.0,0
2,2,turuncu,39.6,0
2,2,sarı,41.4,0
2,2,mavi,47.9,0
2,3,turuncu,36.5,0
2,3,turuncu,43.9,0
2,3,mavi,46.6,0
2,4,mor,59.4,1
2,4,sarı,64.6,0
2,4,kırmızı,46.1,0
2,4,sarı,34.1,0
2,5,yeşil,52.7,0
2,5,mavi,38.2,0
2,5,mavi,44.5,0
2,5,sarı,56.5,0
2,6,sarı,66.7,1
2,6,mavi,61.0,0
2,6,kırmızı,60.3,1
3,1,sarı,72.3,1
3,1,sarı,51.4,1
3,1,yeşil,60.3,0
3,1,kırmızı,52.5,0
3,2,sarı,81.2,1
3,2,mor,72.1,1
3,2,kırmızı,81.7,1
3,2,yeşil,57.8,1
3,2,kırmızı,76.2,1
3,3,yeşil,70.5,1
3,3,kırmızı,69.5,0
3,3,sarı,79.3,1
3,4,sarı,78.2,1
3,4,turuncu,92.6,1
3,4,sarı,90.5,1
3,4,mor,100.0,1
3,5,sarı,92.3,1
3,5,yeşil,80.2,1
3,5,kırmızı,92.5,1
3,6,mavi,100.0,1
3,6,kırmızı,100.0,1
3,6,kırmızı,91.5,1
3,6,mavi,100.0,1
4,1,yeşil,63.7,0
4,1,yeşil,50.0,1
4,1,yeşil,73.4,1
4,1,yeşil,70.0,0
4,2,kırmızı,63.1,0
4,2,mavi,72.0,1
4,2,kırmızı,67.1,1
4,2,yeşil,77.1,1
4,3,mor,72.2,1
4,3,sarı,73.1,1
4,3,yeşil,74.3,1
4,4,yeşil,52.0,0
4,4,kırmızı,77.5,1
4,4,kırmızı,57.5,1
4,4,yeşil,79.8,1
4,5,turuncu,92.3,1
4,5,yeşil,100.0,1
4,5,mavi,100.0,1
4,5,mor,79.0,1
4,6,mavi,87.8,1
4,6,kırmızı,94.4,1
4,6,mor,74.9,1
5,1,mavi,62.0,0
5,1,yeşil,38.4,0
5,1,turuncu,41.4,0
5,1,mor,48.0,0
5,2,kırmızı,35.9,0
5,2,sarı,38.1,0
5,2,turuncu,45.0,0
5,2,mor,62.2,1
5,2,mor,33.3,0
5,3,yeşil,32.9,0
5,3,turuncu,54.1,0
5,3,mor,51.6,1
5,3,sarı,34.1,0
5,4,kırmızı,42.1,0
5,4,mor,43.2,0
5,4,kırmızı,50.0,0
5,4,turuncu,59.0,1
5,5,sarı,47.9,0
5,5,turuncu,60.9,0
5,5,turuncu,56.3,0
5,6,yeşil,67.0,1
5,6,mor,56.1,1
5,6,turuncu,63.7,1
5,6,mavi,71.9,1
5,6,turuncu,77.1,1
6,1,mor,35.5,0
6,1,mavi,46.5,0
6,1,yeşil,60.3,0
6,1,yeşil,43.0,0
6,1,mor,36.0,0
6,2,mor,48.7,0
6,2,sarı,41.0,0
6,2,kırmızı,34.7,0
6,3,turuncu,39.6,0
6,3,mavi,54.2,0
6,3,mor,43.2,0
6,3,kırmızı,39.3,0
6,3,yeşil,54.0,0
6,4,turuncu,60.0,1
6,4,kırmızı,45.3,0
6,4,mavi,54.0,0
6,4,kırmızı,57.7,1
6,5,sarı,67.2,1
6,5,yeşil,50.5,1
6,5,kırmızı,56.1,0
6,6,turuncu,89.5,1
6,6,mavi,57.3,1
6,6,yeşil,57.5,1
7,1,mavi,63.6,0
7,1,turuncu,57.3,0
7,1,mor,41.0,0
7,2,mavi,46.1,0
7,2,kırmızı,47.4,0
7,2,mavi,47.1,0
7,2,sarı,57.5,0
7,3,yeşil,54.4,0
7,3,turuncu,55.1,0
7,3,sarı,57.4,1
7,4,yeşil,73.9,1
7,4,mor,68.8,1
7,4,kırmızı,51.1,0
7,4,mavi,69.0,0
7,5,kırmızı,67.2,1
7,5,turuncu,85.4,1
7,5,kırmızı,83.1,1
7,5,kırmızı,68.7,0
7,6,kırmızı,74.2,1
7,6,mavi,75.4,1
7,6,sarı,72.5,1
7,6,sarı,73.8,1
7,6,mor,71.1,1
8,1,turuncu,34.6,0
8,1,yeşil,43.7,0
8,1,sarı,68.6,0
8,1,kırmızı,48.3,0
8,2,mor,41.0,0
8,2,yeşil,44.6,0
8,2,yeşil,38.4,0
8,3,sarı,51.5,1
8,3,yeşil,50.9,1
8,3,sarı,59.7,1
8,3,mor,61.8,0
8,3,yeşil,62.9,1
8,4,mor,42.9,0
8,4,kırmızı,47.5,0
8,4,mavi,63.1,1
8,4,mor,50.9,0
8,5,turuncu,71.8,1
8,5,turuncu,54.6,0
8,5,mor,73.7,1
8,6,yeşil,92.1,1
8,6,mavi,57.0,1
8,6,yeşil,66.8,0
9,1,sarı,33.1,0
9,1,kırmızı,30.3,0
9,1,mavi,35.9,0
9,1,sarı,47.5,0
9,2,mavi,44.0,0
9,2,sarı,37.6,0
9,2,sarı,42.9,0
9,2,mavi,46.8,0
9,3,sarı,48.9,0
9,3,mavi,46.1,0
9,3,mor,48.3,0
9,3,mor,36.5,0
9,3,mavi,59.5,0
9,4,kırmızı,58.3,1
9,4,turuncu,35.3,0
9,4,turuncu,54.6,1
9,4,yeşil,47.9,0
9,5,sarı,52.9,1
9,5,turuncu,45.5,0
9,5,mor,40.4,0
9,5,kırmızı,53.0,1
9,5,mor,70.1,1
9,6,turuncu,59.3,0
9,6,kırmızı,56.2,0
9,6,mor,47.2,0
9,6,turuncu,45.9,0
10,1,kırmızı,58.4,0
10,1,mor,29.0,0
10,1,kırmızı,46.8,0
10,1,yeşil,47.6,0
10,1,mavi,48.8,0
10,2,mavi,42.5,0
10,2,mor,42.2,0
10,2,sarı,37.2,0
10,2,kırmızı,47.5,0
10,2,yeşil,34.6,0
10,3,turuncu,53.6,0
10,3,turuncu,34.4,0
10,3,sarı,62.0,0
10,3,mor,77.9,1
10,3,yeşil,52.1,1
10,4,mavi,66.6,0
10,4,mor,61.5,1
10,4,turuncu,66.1,1
10,4,mavi,62.7,1
10,5,mavi,63.1,0
10,5,mavi,62.3,1
10,5,mor,62.2,0
10,5,mor,84.0,1
10,6,yeşil,71.5,1
10,6,mavi,60.1,0
10,6,yeşil,67.6,0
10,6,turuncu,82.2,1
10,6,yeşil,66.5,0
11,1,turuncu,71.0,1
11,1,mavi,54.9,0
11,1,mavi,64.0,0
11,2,kırmızı,62.9,1
11,2,mavi,77.2,1
11,2,mavi,59.7,1
11,2,mor,66.3,0
11,2,mor,81.9,1
11,3,sarı,68.3,1
11,3,kırmızı,79.0,1
11,3,mor,77.2,1
11,3,kırmızı,79.0,1
11,3,turuncu,74.5,1
11,4,mavi,88.8,1
11,4,mavi,83.6,1
11,4,kırmızı,78.4,1
11,5,mavi,90.9,1
11,5,kırmızı,90.8,1
11,5,yeşil,80.8,1
11,5,sarı,90.0,1
11,6,turuncu,93.4,1
11,6,yeşil,95.4,1
11,6,yeşil,100.0,1
12,1,kırmızı,49.3,0
12,1,sarı,50.4,1
12,1,sarı,33.1,0
12,1,mor,20.6,0
12,2,mor,46.3,0
12,2,mavi,47.2,0
12,2,sarı,31.5,0
12,2,kırmızı,36.8,0
12,2,yeşil,31.2,0
12,3,turuncu,38.6,0
12,3,mor,44.9,0
12,3,kırmızı,58.1,0
12,3,mavi,46.0,0
12,3,turuncu,22.2,0
12,4,sarı,64.7,0
12,4,sarı,37.5,0
12,4,sarı,59.1,1
12,4,yeşil,43.1,0
12,4,mor,42.4,0
12,5,sarı,41.3,0
12,5,kırmızı,60.2,1
12,5,mor,46.8,0
12,6,yeşil,49.5,0
12,6,kırmızı,63.9,1
12,6,mor,36.8,0
13,1,yeşil,63.8,0
13,1,yeşil,57.4,0
13,1,turuncu,75.8,1
13,1,turuncu,63.6,0
13,1,mor,57.4,0
13,2,kırmızı,79.4,1
13,2,mavi,68.7,1
13,2,kırmızı,72.8,1
13,3,sarı,75.9,1
13,3,mor,86.2,1
13,3,yeşil,87.2,1
13,3,kırmızı,69.7,1
13,3,sarı,83.5,1
13,4,kırmızı,83.2,1
13,4,sarı,89.2,1
13,4,mavi,85.8,1
13,4,mavi,82.4,1
13,4,sarı,87.2,1
13,5,sarı,100.0,1
13,5,yeşil,89.9,1
13,5,sarı,100.0,1
13,6,sarı,100.0,1
13,6,turuncu,100.0,1
13,6,turuncu,94.3,1
13,6,turuncu,100.0,1
13,6,sarı,99.2,1
14,1,mavi,47.1,0
14,1,sarı,73.5,1
14,1,sarı,58.2,0
14,2,mavi,42.7,0
14,2,mavi,65.9,1
14,2,mor,77.4,1
14,3,turuncu,78.8,1
14,3,sarı,62.6,0
14,3,turuncu,84.0,1
14,3,yeşil,54.2,1
14,3,mor,74.5,1
14,4,mavi,80.6,1
14,4,yeşil,83.8,1
14,4,sarı,80.4,1
14,4,kırmızı,61.3,0
14,4,turuncu,92.1,1
14,5,sarı,87.3,1
14,5,kırmızı,79.8,1
14,5,mavi,76.9,1
14,5,yeşil,71.9,1
14,6,sarı,84.2,1
14,6,kırmızı,84.0,1
14,6,kırmızı,94.9,1
15,1,kırmızı,24.3,0
15,1,kırmızı,31.8,0
15,1,mor,28.1,0
15,1,yeşil,35.5,0
15,2,sarı,20.0,0
15,2,sarı,52.0,0
15,2,mor,23.8,0
15,3,sarı,37.0,0
15,3,mavi,53.6,1
15,3,mavi,48.2,0
15,3,sarı,48.3,0
15,4,mavi,44.3,0
15,4,mor,42.7,0
15,4,yeşil,39.6,0
15,4,mavi,38.9,0
15,5,kırmızı,43.7,0
15,5,mavi,72.7,1
15,5,yeşil,32.8,0
15,5,mor,58.4,1
15,6,mavi,59.6,1
15,6,mavi,52.8,0
15,6,sarı,39.9,0
15,6,mavi,47.9,0
16,1,kırmızı,37.2,0
16,1,yeşil,67.6,1
16,1,kırmızı,38.3,0
16,2,kırmızı,47.0,0
16,2,sarı,71.9,1
16,2,turuncu,81.7,1
16,2,turuncu,60.6,1
16,2,kırmızı,68.2,0
16,3,mavi,69.7,1
16,3,mavi,52.2,0
16,3,sarı,70.8,1
16,4,mor,65.7,0
16,4,mavi,70.5,1
16,4,turuncu,90.0,1
16,5,mor,80.9,1
16,5,yeşil,100.0,1
16,5,kırmızı,71.6,1
16,6,mor,77.5,1
16,6,sarı,80.5,1
16,6,kırmızı,65.0,1
16,6,turuncu,83.5,1
17,1,kırmızı,35.0,0
17,1,turuncu,35.2,0
17,1,turuncu,27.4,0
17,1,turuncu,28.4,0
17,1,sarı,32.0,0
17,2,turuncu,54.4,1
17,2,mavi,36.8,0
17,2,sarı,57.6,0
17,2,mor,54.1,1
17,2,sarı,38.4,0
17,3,kırmızı,47.0,0
17,3,yeşil,56.7,1
17,3,sarı,43.4,0
17,4,mavi,38.1,0
17,4,turuncu,46.2,0
17,4,kırmızı,26.7,0
17,4,sarı,23.6,0
17,4,mor,52.6,0
17,5,mavi,59.8,0
17,5,sarı,49.8,0
17,5,mavi,54.7,1
17,5,sarı,51.4,0
17,6,yeşil,56.7,1
17,6,mavi,44.5,0
17,6,turuncu,56.0,0
17,6,mor,71.6,1
17,6,sarı,51.7,1
18,1,mor,44.8,0
18,1,mor,50.2,1
18,1,turuncu,62.3,0
18,1,mor,39.8,0
18,1,sarı,51.9,1
18,2,kırmızı,44.1,0
18,2,turuncu,63.4,0
18,2,turuncu,65.1,1
18,2,mavi,43.2,0
18,3,sarı,49.1,0
18,3,kırmızı,67.3,1
18,3,turuncu,62.5,1
18,3,yeşil,65.4,0
18,4,mor,53.4,0
18,4,turuncu,70.0,1
18,4,kırmızı,70.7,1
18,5,mor,64.7,1
18,5,mavi,49.2,0
18,5,sarı,71.5,1
18,5,mor,70.1,1
18,5,kırmızı,82.1,1
18,6,mor,71.1,1
18,6,turuncu,90.2,1
18,6,kırmızı,97.6,1
19,1,mavi,48.3,0
19,1,mor,42.0,0
19,1,sarı,46.7,0
19,1,mavi,44.1,0
19,1,sarı,48.1,0
19,2,sarı,40.9,0
19,2,sarı,41.6,0
19,2,mavi,51.0,0
19,2,turuncu,70.4,1
19,2,mavi,63.0,0
19,3,mor,51.1,1
19,3,yeşil,70.7,1
19,3,yeşil,61.5,0
19,3,sarı,59.9,1
19,3,yeşil,63.4,0
19,4,sarı,85.3,1
19,4,mor,54.8,0
19,4,turuncu,70.7,1
19,4,kırmızı,69.5,0
19,5,yeşil,75.8,1
19,5,yeşil,77.1,1
19,5,yeşil,76.4,1
19,6,turuncu,62.2,0
19,6,yeşil,82.9,1
19,6,turuncu,88.7,1
19,6,mor,100.0,1
19,6,turuncu,78.7,1
20,1,mor,48.8,0
20,1,mavi,45.1,0
20,1,kırmızı,62.0,1
20,1,mavi,64.3,0
20,1,sarı,55.1,1
20,2,mor,69.0,1
20,2,yeşil,70.5,1
20,2,yeşil,65.4,0
20,3,sarı,74.0,1
20,3,sarı,87.5,1
20,3,mor,78.6,1
20,3,turuncu,74.2,1
20,4,sarı,59.2,0
20,4,kırmızı,100.0,1
20,4,mor,77.0,1
20,5,kırmızı,100.0,1
20,5,sarı,95.3,1
20,5,mor,92.1,1
20,6,sarı,79.4,1
20,6,kırmızı,92.1,1
20,6,kırmızı,86.2,1
20,6,mor,95.6,1
20,6,kırmızı,100.0,1
21,1,turuncu,20.0,0
21,1,turuncu,32.3,0
21,1,mavi,45.1,0
21,1,turuncu,38.4,0
21,1,kırmızı,44.9,0
21,2,mavi,36.8,0
21,2,sarı,38.9,0
21,2,kırmızı,32.6,0
21,2,sarı,49.6,0
21,3,kırmızı,39.9,0
21,3,sarı,67.8,1
21,3,sarı,56.8,0
21,3,sarı,55.1,0
21,4,mor,57.1,1
21,4,sarı,57.3,0
21,4,yeşil,57.8,0
21,4,mavi,37.7,0
21,5,sarı,65.9,0
21,5,mor,64.4,1
21,5,mavi,53.8,0
21,6,turuncu,70.6,1
21,6,kırmızı,45.5,0
21,6,mor,55.6,1
21,6,turuncu,54.4,0
22,1,mor,56.8,1
22,1,mor,48.4,0
22,1,mavi,53.5,0
22,1,mavi,74.8,1
22,1,sarı,45.9,0
22,2,sarı,54.7,1
22,2,mor,52.7,1
22,2,turuncu,75.7,1
22,2,sarı,68.2,0
22,3,sarı,74.3,1
22,3,turuncu,83.4,1
22,3,kırmızı,71.5,1
22,3,kırmızı,77.7,1
22,3,turuncu,61.8,0
22,4,kırmızı,64.1,1
22,4,mavi,73.4,1
22,4,kırmızı,80.1,1
22,4,kırmızı,69.4,0
22,4,mavi,74.5,1
22,5,sarı,74.8,1
22,5,yeşil,58.3,0
22,5,yeşil,87.5,1
22,5,mavi,82.8,1
22,5,kırmızı,75.0,1
22,6,mavi,97.7,1
22,6,turuncu,100.0,1
22,6,turuncu,66.4,0
23,1,yeşil,64.4,1
23,1,mor,83.7,1
23,1,yeşil,50.2,1
23,1,yeşil,54.3,1
23,1,yeşil,61.5,0
23,2,turuncu,67.0,0
23,2,kırmızı,67.1,1
23,2,mavi,51.9,1
23,2,mor,78.2,1
23,2,sarı,69.0,1
23,3,sarı,71.2,1
23,3,turuncu,79.2,1
23,3,kırmızı,69.3,1
23,4,turuncu,89.2,1
23,4,sarı,96.2,1
23,4,mor,79.5,1
23,5,mor,87.3,1
23,5,yeşil,89.4,1
23,5,turuncu,91.0,1
23,5,kırmızı,81.2,1
23,6,mor,83.4,1
23,6,kırmızı,100.0,1
23,6,mavi,94.2,1
24,1,mor,51.8,0
24,1,kırmızı,66.6,0
24,1,mor,76.1,1
24,2,yeşil,56.0,1
24,2,sarı,65.5,0
24,2,sarı,59.9,1
24,3,mor,54.7,0
24,3,turuncu,56.9,1
24,3,mavi,65.0,0
24,3,turuncu,59.4,0
24,4,sarı,79.7,1
24,4,kırmızı,66.7,1
24,4,mor,66.7,1
24,5,kırmızı,80.4,1
24,5,kırmızı,82.7,1
24,5,turuncu,86.8,1
24,5,mavi,86.8,1
24,5,mavi,68.3,1
24,6,kırmızı,91.7,1
24,6,turuncu,77.9,1
24,6,mor,87.2,1
25,1,mavi,41.0,0
25,1,sarı,49.6,0
25,1,yeşil,48.9,0
25,2,kırmızı,53.9,1
25,2,mavi,48.4,0
25,2,turuncu,55.0,1
25,2,kırmızı,42.3,0
25,2,kırmızı,61.7,0
25,3,mavi,47.1,0
25,3,turuncu,56.6,1
25,3,kırmızı,48.7,0
25,4,mavi,59.3,1
25,4,mor,52.7,0
25,4,mavi,77.2,1
25,4,mor,70.9,1
25,4,sarı,57.2,0
25,5,turuncu,53.4,1
25,5,mor,67.4,1
25,5,sarı,57.1,0
25,5,sarı,65.5,1
25,6,sarı,73.5,1
25,6,yeşil,74.5,1
25,6,turuncu,50.9,1
26,1,turuncu,52.5,1
26,1,turuncu,45.8,0
26,1,mavi,65.4,0
26,2,turuncu,42.1,0
26,2,kırmızı,52.0,0
26,2,mor,56.2,1
26,3,mor,42.7,0
26,3,yeşil,35.7,0
26,3,mor,46.3,0
26,4,mavi,69.5,1
26,4,sarı,79.1,1
26,4,kırmızı,74.6,1
26,4,yeşil,56.9,0
26,5,mavi,56.1,0
26,5,mavi,61.2,0
26,5,yeşil,87.0,1
26,5,mavi,79.6,1
26,5,turuncu,55.7,1
26,6,yeşil,77.9,1
26,6,mavi,76.7,1
26,6,sarı,72.1,1
26,6,yeşil,38.2,0
27,1,yeşil,38.6,0
27,1,mavi,55.7,1
27,1,turuncu,55.2,0
27,2,mavi,51.8,1
27,2,kırmızı,63.5,1
27,2,mor,67.5,1
27,2,turuncu,55.8,0
27,3,yeşil,64.8,0
27,3,turuncu,75.6,1
27,3,mor,75.3,1
27,3,sarı,94.1,1
27,3,sarı,74.4,1
27,4,mavi,87.8,1
27,4,mavi,82.5,1
27,4,kırmızı,77.2,1
27,5,turuncu,93.8,1
27,5,mavi,87.0,1
27,5,yeşil,89.2,1
27,5,kırmızı,91.7,1
27,6,mor,91.3,1
27,6,sarı,96.8,1
27,6,sarı,87.6,1
27,6,turuncu,87.0,1
27,6,turuncu,100.0,1
28,1,mor,52.5,0
28,1,sarı,40.1,0
28,1,mavi,38.0,0
28,2,kırmızı,41.4,0
28,2,sarı,49.3,0
28,2,mavi,39.5,0
28,2,kırmızı,46.7,0
28,3,mavi,54.7,1
28,3,kırmızı,48.8,0
28,3,turuncu,71.0,1
28,4,sarı,39.2,0
28,4,yeşil,48.2,0
28,4,mavi,64.6,0
28,4,kırmızı,58.5,0
28,4,mavi,60.5,0
28,5,yeşil,87.1,1
28,5,turuncu,69.6,1
28,5,sarı,55.4,1
28,5,kırmızı,62.4,1
28,6,mavi,60.7,0
28,6,turuncu,75.0,1
28,6,sarı,68.8,1
28,6,yeşil,69.5,0
29,1,mavi,38.2,0
29,1,mavi,35.6,0
29,1,kırmızı,43.0,0
29,1,sarı,43.6,0
29,1,kırmızı,44.4,0
29,2,sarı,26.8,0
29,2,sarı,45.7,0
29,2,sarı,40.0,0
29,2,sarı,23.0,0
29,3,mor,45.3,0
29,3,kırmızı,56.4,0
29,3,turuncu,49.2,0
29,3,mavi,47.7,0
29,3,yeşil,54.1,0
29,4,yeşil,73.1,1
29,4,yeşil,56.6,0
29,4,yeşil,79.7,1
29,4,sarı,55.9,0
29,5,yeşil,73.0,1
29,5,mavi,56.9,0
29,5,mor,54.3,1
29,5,turuncu,53.3,1
29,6,turuncu,69.2,0
29,6,mor,55.2,1
29,6,turuncu,67.3,1
29,6,kırmızı,58.5,0
29,6,kırmızı,64.9,0
30,1,mavi,32.4,0
30,1,mavi,42.5,0
30,1,mor,35.0,0
30,1,turuncu,40.9,0
30,2,sarı,51.8,1
30,2,turuncu,54.0,1
30,2,kırmızı,37.1,0
30,2,mavi,38.1,0
30,3,kırmızı,51.1,1
30,3,mor,40.9,0
30,3,mavi,43.8,0
30,3,kırmızı,49.0,0
30,3,mor,47.5,0
30,4,sarı,53.3,0
30,4,sarı,52.8,0
30,4,sarı,50.4,1
30,5,sarı,83.5,1
30,5,mavi,72.2,1
30,5,sarı,66.5,1
30,6,turuncu,27.0,0
30,6,kırmızı,54.7,0
30,6,yeşil,49.4,0
30,6,mavi,54.0,1
30,6,kırmızı,57.4,1
31,1,mavi,34.0,0
31,1,yeşil,41.7,0
31,1,mavi,47.5,0
31,1,mor,35.1,0
31,1,kırmızı,37.8,0
31,2,mor,58.2,1
31,2,turuncu,50.9,1
31,2,mor,50.4,1
31,2,yeşil,45.7,0
31,3,turuncu,54.9,1
31,3,turuncu,53.5,0
31,3,mavi,55.0,0
31,4,mor,56.9,1
31,4,turuncu,57.1,1
31,4,yeşil,58.0,0
31,4,sarı,52.1,1
31,4,turuncu,79.2,1
31,5,mor,60.1,1
31,5,sarı,72.5,1
31,5,turuncu,47.7,0
31,5,turuncu,74.6,1
31,6,mavi,65.6,0
31,6,turuncu,73.2,1
31,6,mor,67.7,0
31,6,yeşil,69.3,0
32,1,kırmızı,50.4,0
32,1,yeşil,54.6,0
32,1,kırmızı,47.5,0
32,1,mor,30.1,0
32,1,yeşil,49.3,0
32,2,mor,35.3,0
32,2,kırmızı,55.3,0
32,2,yeşil,50.0,0
32,2,turuncu,58.1,0
32,2,turuncu,52.5,1
32,3,yeşil,67.7,0
32,3,kırmızı,52.9,1
32,3,yeşil,50.4,0
32,3,yeşil,60.1,1
32,4,yeşil,66.8,0
32,4,turuncu,60.1,1
32,4,kırmızı,76.8,1
32,5,mor,80.5,1
32,5,turuncu,58.0,0
32,5,sarı,61.8,1
32,6,mor,82.1,1
32,6,sarı,82.5,1
32,6,yeşil,73.3,1
32,6,sarı,90.7,1
33,1,turuncu,58.9,1
33,1,sarı,63.6,1
33,1,kırmızı,40.8,0
33,2,mor,49.0,0
33,2,mor,58.4,1
33,2,mavi,61.6,1
33,3,turuncu,83.5,1
33,3,mor,89.6,1
33,3,turuncu,81.6,1
33,3,sarı,81.1,1
33,4,sarı,90.8,1
33,4,sarı,81.2,1
33,4,kırmızı,81.6,1
33,4,sarı,98.9,1
33,4,yeşil,52.7,0
33,5,mavi,83.2,1
33,5,mor,97.3,1
33,5,mavi,99.1,1
33,5,turuncu,86.6,1
33,5,yeşil,94.0,1
33,6,yeşil,88.2,1
33,6,mavi,87.7,1
33,6,mor,100.0,1
33,6,turuncu,92.4,1
33,6,yeşil,87.3,1
34,1,mor,72.7,1
34,1,yeşil,59.8,1
34,1,turuncu,47.5,0
34,2,mavi,71.2,1
34,2,mavi,70.2,1
34,2,yeşil,68.4,0
34,3,mavi,69.3,1
34,3,turuncu,74.8,1
34,3,sarı,86.4,1
34,3,mavi,76.2,1
34,4,kırmızı,58.4,0
34,4,mor,86.3,1
34,4,turuncu,81.1,1
34,4,kırmızı,84.2,1
34,4,yeşil,70.4,1
34,5,kırmızı,99.8,1
34,5,mavi,85.7,1
34,5,mor,89.6,1
34,5,mavi,100.0,1
34,5,kırmızı,97.8,1
34,6,sarı,100.0,1
34,6,sarı,99.5,1
34,6,turuncu,100.0,1
34,6,mavi,92.2,1
35,1,mavi,37.0,0
35,1,sarı,23.6,0
35,1,turuncu,44.1,0
35,2,mor,45.2,0
35,2,mor,74.9,1
35,2,mor,54.2,0
35,2,mor,57.9,1
35,3,sarı,76.6,1
35,3,sarı,53.7,1
35,3,turuncu,53.3,1
35,3,kırmızı,41.5,0
35,3,turuncu,59.1,1
35,4,kırmızı,55.2,1
35,4,mavi,71.8,1
35,4,kırmızı,48.9,0
35,4,yeşil,67.4,0
35,5,mor,64.9,1
35,5,mor,81.4,1
35,5,yeşil,59.0,0
35,6,mor,69.4,1
35,6,kırmızı,86.9,1
35,6,kırmızı,65.5,0
35,6,yeşil,89.9,1
36,1,yeşil,34.5,0
36,1,kırmızı,32.7,0
36,1,kırmızı,41.6,0
36,1,mavi,45.4,0
36,1,mavi,37.8,0
36,2,mor,25.6,0
36,2,sarı,52.8,1
36,2,sarı,55.5,0
36,3,mavi,55.8,0
36,3,turuncu,49.2,0
36,3,mavi,52.7,0
36,3,yeşil,41.6,0
36,3,kırmızı,60.2,0
36,4,sarı,54.4,1
36,4,kırmızı,26.1,0
36,4,mavi,67.4,0
36,4,kırmızı,46.2,0
36,4,mor,54.1,0
36,5,mavi,55.7,0
36,5,turuncu,71.2,1
36,5,mor,55.9,0
36,6,mavi,50.6,0
36,6,kırmızı,73.3,1
36,6,yeşil,63.7,1
36,6,yeşil,55.3,1
37,1,sarı,48.2,0
37,1,mor,20.0,0
37,1,mavi,37.6,0
37,2,turuncu,37.7,0
37,2,mor,36.9,0
37,2,turuncu,45.7,0
37,2,sarı,33.0,0
37,3,sarı,65.2,1
37,3,mavi,59.0,1
37,3,turuncu,37.6,0
37,3,turuncu,47.9,0
37,4,turuncu,35.0,0
37,4,kırmızı,45.6,0
37,4,mavi,28.5,0
37,4,yeşil,49.9,0
37,4,mavi,54.4,1
37,5,kırmızı,51.0,1
37,5,kırmızı,56.7,1
37,5,turuncu,40.3,0
37,5,yeşil,49.9,0
37,5,mavi,57.5,0
37,6,kırmızı,39.8,0
37,6,yeşil,62.5,0
37,6,yeşil,54.3,1
38,1,turuncu,40.4,0
38,1,sarı,55.0,0
38,1,kırmızı,61.0,0
38,1,yeşil,67.3,0
38,2,sarı,62.4,0
38,2,yeşil,64.5,1
38,2,mavi,56.3,0
38,3,yeşil,64.5,0
38,3,kırmızı,78.6,1
38,3,sarı,67.3,0
38,3,kırmızı,68.7,0
38,3,kırmızı,54.5,1
38,4,yeşil,78.3,1
38,4,mor,85.5,1
38,4,mor,75.0,1
38,5,yeşil,81.8,1
38,5,kırmızı,86.2,1
38,5,mavi,95.0,1
38,6,sarı,100.0,1
38,6,sarı,93.2,1
38,6,mavi,85.7,1
39,1,yeşil,34.6,0
39,1,mor,33.2,0
39,1,mor,20.0,0
39,2,sarı,53.1,0
39,2,yeşil,29.6,0
39,2,mor,68.5,1
39,3,mor,48.4,0
39,3,mavi,46.9,0
39,3,mavi,47.7,0
39,3,turuncu,42.0,0
39,4,mavi,40.5,0
39,4,mavi,64.6,0
39,4,turuncu,67.0,1
39,4,mavi,56.6,0
39,4,mavi,36.5,0
39,5,kırmızı,53.7,1
39,5,yeşil,65.6,1
39,5,turuncu,55.7,1
39,6,mavi,57.9,0
39,6,sarı,56.0,0
39,6,turuncu,67.7,1
39,6,yeşil,66.7,1
39,6,turuncu,66.9,0
40,1,mavi,65.9,0
40,1,turuncu,60.8,0
40,1,mavi,60.3,0
40,2,sarı,61.8,0
40,2,yeşil,77.6,1
40,2,kırmızı,83.0,1
40,2,mavi,69.5,0
40,3,sarı,70.5,1
40,3,sarı,72.2,1
40,3,sarı,75.3,1
40,3,mor,87.4,1
40,4,mor,92.3,1
40,4,kırmızı,91.1,1
40,4,turuncu,85.8,1
40,5,yeşil,98.0,1
40,5,yeşil,97.6,1
40,5,kırmızı,88.4,1
40,5,yeşil,98.2,1
40,5,sarı,94.6,1
40,6,sarı,100.0,1
40,6,turuncu,100.0,1
40,6,mavi,100.0,1
41,1,mor,54.9,1
41,1,sarı,47.7,0
41,1,yeşil,55.5,0
41,1,turuncu,37.4,0
41,2,mor,68.5,1
41,2,sarı,67.1,1
41,2,mavi,73.8,1
41,2,sarı,62.1,1
41,3,mavi,69.7,1
41,3,sarı,47.5,0
41,3,mavi,77.6,1
41,3,turuncu,50.7,0
41,4,sarı,72.8,1
41,4,sarı,67.4,1
41,4,mor,79.0,1
41,4,mor,80.8,1
41,5,turuncu,77.6,1
41,5,turuncu,73.7,1
41,5,mavi,89.1,1
41,5,turuncu,92.4,1
41,5,turuncu,89.3,1
41,6,mavi,91.1,1
41,6,kırmızı,87.3,1
41,6,yeşil,89.8,1
42,1,yeşil,48.4,0
42,1,mor,75.3,1
42,1,turuncu,80.1,1
42,2,kırmızı,73.9,1
42,2,yeşil,72.7,1
42,2,turuncu,86.3,1
42,2,mavi,73.9,1
42,2,sarı,68.8,0
42,3,turuncu,86.0,1
42,3,mavi,77.2,1
42,3,kırmızı,82.5,1
42,3,yeşil,86.6,1
42,4,mor,91.1,1
42,4,kırmızı,77.1,1
42,4,kırmızı,95.5,1
42,4,mor,83.7,1
42,5,turuncu,93.5,1
42,5,yeşil,100.0,1
42,5,sarı,73.3,1
42,6,yeşil,95.2,1
42,6,sarı,91.7,1
42,6,sarı,100.0,1
42,6,mor,100.0,1
42,6,mor,99.6,1
43,1,turuncu,49.3,0
43,1,yeşil,57.2,0
43,1,yeşil,51.1,0
43,1,turuncu,47.7,0
43,2,sarı,51.1,1
43,2,kırmızı,60.7,1
43,2,yeşil,74.7,1
43,3,sarı,60.9,1
43,3,mavi,66.4,1
43,3,mor,65.5,0
43,3,mor,61.9,0
43,3,kırmızı,54.7,0
43,4,turuncu,57.6,0
43,4,mor,77.0,1
43,4,mor,88.3,1
43,4,yeşil,44.0,0
43,5,kırmızı,83.9,1
43,5,yeşil,64.7,0
43,5,mor,88.4,1
43,5,sarı,73.8,1
43,5,yeşil,72.0,1
43,6,turuncu,84.7,1
43,6,mavi,89.8,1
43,6,turuncu,84.6,1
43,6,kırmızı,80.9,1
43,6,yeşil,66.3,0
44,1,mor,63.6,0
44,1,mavi,60.0,0
44,1,sarı,52.3,0
44,1,mor,56.5,0
44,2,turuncu,76.4,1
44,2,mor,60.7,0
44,2,mavi,70.6,1
44,2,sarı,49.9,0
44,2,kırmızı,60.9,1
44,3,yeşil,55.6,0
44,3,yeşil,65.8,1
44,3,kırmızı,67.7,0
44,3,sarı,56.0,0
44,3,turuncu,54.8,1
44,4,mavi,58.3,0
44,4,mor,71.7,1
44,4,yeşil,46.7,0
44,4,sarı,79.4,1
44,5,sarı,69.4,0
44,5,kırmızı,69.3,1
44,5,sarı,62.0,1
44,5,turuncu,66.5,0
44,5,turuncu,89.8,1
44,6,yeşil,60.4,1
44,6,sarı,72.9,1
44,6,sarı,85.7,1
44,6,turuncu,91.7,1
44,6,kırmızı,66.5,0
45,1,sarı,50.4,0
45,1,yeşil,46.1,0
45,1,turuncu,43.8,0
45,1,mor,53.2,1
45,1,yeşil,49.5,0
45,2,kırmızı,58.6,0
45,2,mor,47.9,0
45,2,sarı,52.0,1
45,2,mor,60.3,0
45,2,turuncu,80.5,1
45,3,mor,76.7,1
45,3,sarı,71.3,1
45,3,sarı,63.4,1
45,3,turuncu,51.5,0
45,4,mor,47.9,0
45,4,sarı,70.1,1
45,4,kırmızı,60.4,0
45,5,yeşil,60.6,0
45,5,mor,77.0,1
45,5,sarı,55.6,1
45,5,mor,66.1,1
45,6,mor,61.3,1
45,6,sarı,66.7,1
45,6,mor,91.0,1
46,1,yeşil,71.8,1
46,1,sarı,75.4,1
46,1,yeşil,66.8,0
46,2,mavi,95.4,1
46,2,turuncu,81.4,1
46,2,turuncu,72.2,1
46,3,mavi,79.1,1
46,3,kırmızı,73.0,1
46,3,mor,79.0,1
46,4,mavi,81.5,1
46,4,sarı,70.3,1
46,4,sarı,85.8,1
46,5,sarı,98.9,1
46,5,sarı,87.1,1
46,5,mavi,84.5,1
46,5,turuncu,87.7,1
46,6,mor,100.0,1
46,6,sarı,100.0,1
46,6,mavi,100.0,1
46,6,yeşil,95.4,1
47,1,sarı,74.7,1
47,1,yeşil,56.3,1
47,1,mor,82.5,1
47,1,mavi,59.5,0
47,1,mavi,59.1,1
47,2,kırmızı,68.8,0
47,2,mavi,75.6,1
47,2,kırmızı,65.2,0
47,2,mor,69.0,0
47,2,turuncu,67.0,1
47,3,yeşil,83.6,1
47,3,yeşil,71.2,1
47,3,mavi,74.4,1
47,3,turuncu,76.0,1
47,4,turuncu,91.0,1
47,4,mavi,81.6,1
47,4,mavi,77.8,1
47,4,mor,83.4,1
47,5,mor,90.0,1
47,5,yeşil,99.5,1
47,5,kırmızı,90.2,1
47,5,turuncu,85.6,1
47,6,mavi,100.0,1
47,6,yeşil,100.0,1
47,6,turuncu,100.0,1
48,1,turuncu,28.9,0
48,1,mavi,47.5,0
48,1,mavi,22.5,0
48,1,yeşil,20.0,0
48,2,sarı,32.3,0
48,2,mor,56.4,0
48,2,mavi,41.5,0
48,3,kırmızı,53.9,1
48,3,turuncu,72.4,1
48,3,mavi,43.8,0
48,3,kırmızı,32.4,0
48,4,mavi,53.9,0
48,4,mor,54.8,0
48,4,yeşil,51.3,0
48,5,yeşil,70.8,1
48,5,yeşil,47.2,0
48,5,kırmızı,55.7,1
48,6,mor,65.7,1
48,6,sarı,62.6,0
48,6,turuncu,72.7,1
48,6,sarı,74.0,1
48,6,sarı,65.5,0
49,1,mor,74.3,1
49,1,turuncu,56.8,1
49,1,sarı,70.9,1
49,2,mavi,61.8,0
49,2,kırmızı,69.4,0
49,2,mor,61.5,0
49,3,turuncu,89.8,1
49,3,sarı,78.4,1
49,3,kırmızı,85.4,1
49,3,turuncu,62.3,1
49,3,kırmızı,63.2,1
49,4,yeşil,100.0,1
49,4,mor,92.4,1
49,4,sarı,79.4,1
49,4,sarı,78.8,1
49,5,turuncu,74.3,1
49,5,sarı,86.2,1
49,5,yeşil,96.7,1
49,5,mor,82.8,1
49,6,turuncu,100.0,1
49,6,mor,100.0,1
49,6,kırmızı,88.4,1
49,6,kırmızı,96.5,1
50,1,kırmızı,69.8,1
50,1,turuncu,76.0,1
50,1,sarı,55.9,0
50,1,turuncu,53.5,0
50,2,mor,69.7,1
50,2,mor,69.7,0
50,2,yeşil,84.9,1
50,3,turuncu,79.0,1
50,3,turuncu,66.7,1
50,3,mor,92.7,1
50,3,kırmızı,85.2,1
50,4,mavi,85.3,1
50,4,mor,88.6,1
50,4,mor,76.6,1
50,4,kırmızı,76.6,1
50,5,kırmızı,82.2,1
50,5,turuncu,100.0,1
50,5,turuncu,96.2,1
50,6,turuncu,100.0,1
50,6,mavi,95.9,1
50,6,turuncu,95.0,1
50,6,yeşil,100.0,1
51,1,yeşil,66.1,0
51,1,mor,56.8,1
51,1,mor,65.2,0
51,1,kırmızı,61.0,1
51,1,kırmızı,77.1,1
51,2,sarı,73.9,1
51,2,turuncu,58.9,1
51,2,mavi,64.9,1
51,2,kırmızı,73.9,1
51,3,sarı,70.8,1
51,3,sarı,84.2,1
51,3,mor,71.5,1
51,4,kırmızı,77.3,1
51,4,kırmızı,90.8,1
51,4,turuncu,94.2,1
51,5,sarı,65.8,0
51,5,turuncu,86.1,1
51,5,turuncu,100.0,1
51,5,kırmızı,75.4,1
51,5,turuncu,87.9,1
51,6,turuncu,91.2,1
51,6,mor,95.9,1
51,6,sarı,98.1,1
52,1,sarı,65.6,0
52,1,sarı,56.6,1
52,1,turuncu,68.7,1
52,1,sarı,80.4,1
52,2,yeşil,73.8,1
52,2,turuncu,73.0,1
52,2,kırmızı,66.1,1
52,2,kırmızı,75.0,1
52,3,mavi,91.5,1
52,3,yeşil,66.1,0
52,3,mor,67.6,0
52,3,turuncu,79.4,1
52,3,turuncu,92.7,1
52,4,turuncu,77.7,1
52,4,turuncu,72.7,1
52,4,yeşil,87.5,1
52,4,yeşil,79.8,1
52,5,yeşil,74.8,1
52,5,sarı,99.8,1
52,5,sarı,94.2,1
52,6,mavi,100.0,1
52,6,mor,84.6,1
52,6,sarı,90.8,1
52,6,turuncu,92.9,1
53,1,sarı,37.8,0
53,1,yeşil,44.7,0
53,1,turuncu,55.0,1
53,2,sarı,41.1,0
53,2,mor,55.7,1
53,2,kırmızı,58.9,0
53,2,mor,43.9,0
53,2,kırmızı,51.8,1
53,3,turuncu,55.5,0
53,3,yeşil,39.2,0
53,3,kırmızı,59.0,0
53,4,yeşil,61.3,0
53,4,yeşil,59.3,0
53,4,mavi,59.2,1
53,4,kırmızı,57.3,1
53,4,mavi,68.8,1
53,5,yeşil,55.4,1
53,5,sarı,71.1,1
53,5,sarı,57.6,0
53,5,mavi,65.1,0
53,6,turuncu,61.2,0
53,6,sarı,66.7,1
53,6,mavi,81.0,1
54,1,sarı,58.3,0
54,1,sarı,53.5,0
54,1,mor,53.3,1
54,1,kırmızı,49.1,0
54,2,mavi,55.1,1
54,2,kırmızı,51.6,1
54,2,sarı,66.6,1
54,3,sarı,92.5,1
54,3,mavi,83.2,1
54,3,kırmızı,71.6,1
54,3,mor,65.7,0
54,4,sarı,97.7,1
54,4,yeşil,76.1,1
54,4,kırmızı,69.9,0
54,4,sarı,71.5,1
54,4,mor,65.6,0
54,5,sarı,82.4,1
54,5,kırmızı,95.9,1
54,5,mavi,74.9,1
54,5,mor,81.0,1
54,5,turuncu,95.9,1
54,6,sarı,93.9,1
54,6,kırmızı,88.5,1
54,6,turuncu,93.0,1
55,1,kırmızı,50.5,1
55,1,sarı,63.1,1
55,1,mor,37.0,0
55,1,yeşil,48.3,0
55,2,turuncu,59.8,1
55,2,turuncu,52.4,1
55,2,turuncu,66.6,0
55,2,kırmızı,55.2,1
55,2,mavi,38.5,0
55,3,turuncu,70.3,1
55,3,mor,38.2,0
55,3,mavi,60.8,0
55,4,turuncu,69.9,0
55,4,yeşil,71.7,1
55,4,yeşil,57.3,1
55,4,kırmızı,80.4,1
55,5,mor,52.6,0
55,5,mavi,83.1,1
55,5,kırmızı,73.2,1
55,5,kırmızı,70.4,1
55,6,yeşil,70.5,1
55,6,turuncu,90.7,1
55,6,mor,65.7,1
56,1,kırmızı,56.6,1
56,1,mavi,67.1,1
56,1,turuncu,66.7,0
56,1,turuncu,64.5,1
56,2,mavi,67.9,0
56,2,mor,61.8,1
56,2,sarı,64.0,1
56,3,mavi,77.3,1
56,3,mavi,85.3,1
56,3,mor,96.9,1
56,4,mavi,93.2,1
56,4,kırmızı,78.3,1
56,4,mor,95.7,1
56,4,mavi,83.9,1
56,5,mavi,90.9,1
56,5,sarı,85.4,1
56,5,sarı,100.0,1
56,6,turuncu,100.0,1
56,6,turuncu,90.7,1
56,6,mor,100.0,1
56,6,sarı,95.6,1
56,6,mor,100.0,1
57,1,mavi,45.1,0
57,1,sarı,56.2,1
57,1,turuncu,71.1,1
57,1,turuncu,55.9,0
57,1,mavi,60.7,1
57,2,yeşil,60.1,1
57,2,mavi,53.8,1
57,2,yeşil,56.7,0
57,2,mor,74.0,1
57,2,kırmızı,73.9,1
57,3,turuncu,53.1,0
57,3,sarı,77.4,1
57,3,kırmızı,61.4,1
57,3,yeşil,77.5,1
57,4,kırmızı,97.4,1
57,4,mavi,77.6,1
57,4,yeşil,72.8,1
57,5,mor,100.0,1
57,5,kırmızı,85.9,1
57,5,mavi,88.5,1
57,6,sarı,99.7,1
57,6,mor,97.8,1
57,6,sarı,70.2,1
57,6,mor,100.0,1
58,1,turuncu,59.9,0
58,1,yeşil,47.7,0
58,1,kırmızı,42.5,0
58,1,sarı,47.5,0
58,2,mor,67.3,0
58,2,turuncu,44.6,0
58,2,mor,53.7,0
58,2,mor,51.8,0
58,3,yeşil,61.7,1
58,3,mor,56.8,1
58,3,yeşil,74.7,1
58,3,yeşil,98.9,1
58,3,sarı,71.2,1
58,4,yeşil,88.3,1
58,4,mavi,65.7,0
58,4,turuncu,74.9,1
58,4,mavi,78.2,1
58,5,mavi,88.3,1
58,5,kırmızı,81.1,1
58,5,mavi,72.8,1
58,5,mavi,79.8,1
58,6,mor,69.0,0
58,6,sarı,67.2,1
58,6,sarı,78.8,1
59,1,mor,30.0,0
59,1,mavi,57.2,0
59,1,mavi,22.9,0
59,1,sarı,43.0,0
59,1,mavi,36.7,0
59,2,mavi,46.8,0
59,2,kırmızı,44.9,0
59,2,kırmızı,34.3,0
59,2,turuncu,51.2,1
59,3,kırmızı,47.6,0
59,3,sarı,37.5,0
59,3,yeşil,25.7,0
59,3,kırmızı,48.9,0
59,4,turuncu,48.0,0
59,4,yeşil,30.9,0
59,4,kırmızı,49.8,0
59,4,mavi,44.0,0
59,5,yeşil,38.3,0
59,5,yeşil,37.6,0
59,5,turuncu,41.2,0
59,6,mavi,65.3,0
59,6,kırmızı,55.3,0
59,6,kırmızı,56.4,1
59,6,sarı,70.6,1
59,6,turuncu,66.7,1
60,1,sarı,67.5,1
60,1,mavi,61.1,1
60,1,mor,53.0,0
60,1,yeşil,52.5,1
60,1,kırmızı,63.8,0
60,2,kırmızı,75.3,1
60,2,mavi,75.0,1
60,2,mavi,78.3,1
60,3,turuncu,70.8,1
60,3,turuncu,89.3,1
60,3,turuncu,78.1,1
60,3,mavi,73.3,1
60,4,sarı,80.0,1
60,4,turuncu,87.3,1
60,4,turuncu,69.9,1
60,5,mavi,90.1,1
60,5,turuncu,93.7,1
60,5,yeşil,64.8,1
60,5,yeşil,81.1,1
60,5,turuncu,96.6,1
60,6,yeşil,93.1,1
60,6,yeşil,94.9,1
60,6,kırmızı,80.7,1
60,6,kırmızı,100.0,1
61,1,sarı,33.0,0
61,1,kırmızı,54.7,1
61,1,turuncu,58.5,0
61,2,turuncu,61.4,1
61,2,mor,51.3,1
61,2,yeşil,52.3,0
61,2,mor,46.2,0
61,3,turuncu,57.0,0
61,3,sarı,76.0,1
61,3,kırmızı,70.3,1
61,3,kırmızı,59.3,0
61,4,sarı,69.8,0
61,4,turuncu,63.5,1
61,4,mor,73.5,1
61,5,kırmızı,63.1,0
61,5,sarı,66.5,0
61,5,sarı,55.8,1
61,5,mor,71.8,1
61,5,sarı,66.5,1
61,6,mavi,100.0,1
61,6,mavi,84.8,1
61,6,mavi,80.9,1
62,1,mor,42.3,0
62,1,sarı,56.2,0
62,1,sarı,48.1,0
62,1,yeşil,62.7,1
62,2,mor,52.6,0
62,2,yeşil,40.3,0
62,2,mavi,65.6,1
62,2,yeşil,58.9,0
62,2,kırmızı,68.1,1
62,3,mor,67.8,0
62,3,yeşil,60.2,1
62,3,turuncu,70.7,1
62,3,mor,39.3,0
62,3,sarı,61.1,1
62,4,yeşil,84.3,1
62,4,yeşil,44.6,0
62,4,mavi,70.3,1
62,4,yeşil,55.8,1
62,5,sarı,64.8,1
62,5,turuncu,63.7,0
62,5,turuncu,82.3,1
62,5,mor,75.9,1
62,5,turuncu,56.5,0
62,6,mavi,70.1,1
62,6,sarı,80.2,1
62,6,mavi,73.2,1
63,1,turuncu,20.0,0
63,1,sarı,23.2,0
63,1,mor,42.5,0
63,1,yeşil,57.4,0
63,2,mor,57.1,1
63,2,turuncu,33.6,0
63,2,kırmızı,36.0,0
63,2,turuncu,34.9,0
63,2,turuncu,54.4,1
63,3,yeşil,36.2,0
63,3,mavi,38.2,0
63,3,mavi,31.4,0
63,3,mor,42.1,0
63,3,turuncu,20.0,0
63,4,yeşil,29.9,0
63,4,kırmızı,46.3,0
63,4,turuncu,44.9,0
63,5,yeşil,24.7,0
63,5,sarı,38.7,0
63,5,mor,52.9,1
63,6,mor,66.5,1
63,6,turuncu,53.9,0
63,6,turuncu,50.3,0
64,1,sarı,27.1,0
64,1,kırmızı,52.2,1
64,1,sarı,32.1,0
64,1,mavi,35.4,0
64,2,kırmızı,55.8,1
64,2,turuncu,25.6,0
64,2,mor,44.2,0
64,2,sarı,42.4,0
64,3,mor,41.2,0
64,3,mor,37.9,0
64,3,mor,65.6,0
64,3,mavi,49.0,0
64,4,yeşil,45.0,0
64,4,mavi,53.5,1
64,4,mor,53.8,0
64,5,mor,57.1,1
64,5,mavi,64.3,0
64,5,turuncu,71.2,1
64,5,sarı,54.0,1
64,6,turuncu,44.8,0
64,6,mor,73.1,1
64,6,kırmızı,59.3,1
64,6,yeşil,73.7,1
64,6,mor,62.4,0
65,1,kırmızı,45.6,0
65,1,turuncu,33.2,0
65,1,yeşil,40.6,0
65,2,yeşil,50.4,0
65,2,yeşil,29.3,0
65,2,sarı,58.9,1
65,2,turuncu,48.5,0
65,3,yeşil,42.8,0
65,3,turuncu,25.6,0
65,3,mor,45.5,0
65,3,turuncu,35.5,0
65,4,mor,58.7,1
65,4,mavi,50.0,1
65,4,mavi,58.6,1
65,5,mor,47.6,0
65,5,sarı,58.5,1
65,5,kırmızı,45.2,0
65,5,yeşil,40.4,0
65,5,sarı,40.8,0
65,6,kırmızı,49.2,0
65,6,kırmızı,40.5,0
65,6,turuncu,41.0,0
65,6,kırmızı,49.1,0
66,1,yeşil,65.3,1
66,1,turuncu,60.4,1
66,1,turuncu,53.6,0
66,1,sarı,46.8,0
66,1,mavi,51.8,0
66,2,mavi,76.0,1
66,2,yeşil,61.9,1
66,2,mor,66.7,1
66,3,mavi,87.8,1
66,3,mavi,53.6,0
66,3,sarı,52.3,1
66,3,kırmızı,73.3,1
66,4,turuncu,80.1,1
66,4,mor,95.8,1
66,4,kırmızı,75.7,1
66,4,sarı,92.5,1
66,5,yeşil,85.9,1
66,5,kırmızı,76.3,1
66,5,sarı,86.0,1
66,5,sarı,87.7,1
66,5,yeşil,81.8,1
66,6,turuncu,90.7,1
66,6,yeşil,94.8,1
66,6,sarı,95.8,1
66,6,mor,99.3,1
67,1,yeşil,72.2,1
67,1,yeşil,48.3,0
67,1,mor,54.3,0
67,1,yeşil,71.7,1
67,1,turuncu,52.1,1
67,2,kırmızı,76.1,1
67,2,sarı,65.1,0
67,2,mavi,68.6,0
67,2,mavi,70.9,1
67,2,mor,63.2,0
67,3,kırmızı,68.7,0
67,3,sarı,68.5,0
67,3,mavi,64.0,0
67,4,sarı,91.2,1
67,4,turuncu,85.8,1
67,4,mor,71.2,1
67,4,mor,74.4,1
67,4,kırmızı,72.7,1
67,5,sarı,89.8,1
67,5,turuncu,88.4,1
67,5,turuncu,84.9,1
67,5,kırmızı,77.7,1
67,5,mor,82.5,1
67,6,kırmızı,94.2,1
67,6,kırmızı,84.8,1
67,6,sarı,92.2,1
67,6,sarı,75.2,1
67,6,mor,97.0,1
68,1,turuncu,65.1,1
68,1,turuncu,76.2,1
68,1,sarı,57.5,0
68,2,turuncu,83.7,1
68,2,sarı,53.6,1
68,2,kırmızı,76.1,1
68,2,mavi,76.2,1
68,2,turuncu,66.0,1
68,3,mavi,93.6,1
68,3,turuncu,72.4,1
68,3,turuncu,81.5,1
68,3,sarı,73.9,1
68,3,mor,50.9,0
68,4,mavi,87.6,1
68,4,sarı,71.7,1
68,4,yeşil,84.9,1
68,5,mavi,100.0,1
68,5,sarı,89.7,1
68,5,sarı,90.9,1
68,5,sarı,89.8,1
68,6,turuncu,86.0,1
68,6,mavi,99.9,1
68,6,mor,93.5,1
68,6,turuncu,100.0,1
68,6,mavi,95.8,1
69,1,sarı,43.8,0
69,1,yeşil,48.9,0
69,1,mor,45.2,0
69,1,kırmızı,62.2,1
69,1,yeşil,51.5,0
69,2,mavi,62.4,1
69,2,yeşil,62.3,0
69,2,mor,65.6,1
69,2,mor,41.6,0
69,3,kırmızı,65.9,1
69,3,sarı,66.1,0
69,3,mavi,70.2,1
69,3,yeşil,70.8,1
69,4,turuncu,48.7,0
69,4,yeşil,96.8,1
69,4,kırmızı,74.6,1
69,4,mavi,55.8,1
69,4,mor,70.8,1
69,5,kırmızı,56.0,1
69,5,yeşil,68.0,0
69,5,mor,64.5,1
69,5,sarı,79.0,1
69,5,turuncu,69.0,1
69,6,sarı,99.5,1
69,6,mavi,94.5,1
69,6,sarı,86.3,1
70,1,sarı,43.9,0
70,1,mavi,44.1,0
70,1,yeşil,49.7,0
70,1,yeşil,47.1,0
70,1,yeşil,53.7,0
70,2,turuncu,61.1,0
70,2,yeşil,49.4,0
70,2,sarı,51.4,1
70,2,yeşil,62.2,1
70,2,sarı,60.9,1
70,3,mor,57.5,0
70,3,turuncu,69.8,1
70,3,sarı,63.4,1
70,4,sarı,69.6,1
70,4,kırmızı,55.8,1
70,4,mavi,76.9,1
70,4,mavi,57.8,1
70,5,yeşil,71.4,1
70,5,sarı,65.1,1
70,5,kırmızı,65.1,0
70,6,mavi,79.2,1
70,6,mavi,72.1,1
70,6,sarı,81.1,1
71,1,mavi,57.8,1
71,1,yeşil,71.1,1
71,1,sarı,60.5,1
71,1,sarı,37.0,0
71,2,kırmızı,77.1,1
71,2,yeşil,68.7,1
71,2,sarı,63.1,1
71,3,sarı,87.0,1
71,3,mor,68.1,1
71,3,mor,60.8,1
71,3,sarı,58.4,1
71,3,turuncu,83.9,1
71,4,mavi,74.1,1
71,4,mavi,73.2,1
71,4,yeşil,77.8,1
71,4,mor,67.5,0
71,4,yeşil,63.3,0
71,5,mor,66.9,1
71,5,kırmızı,99.4,1
71,5,mavi,73.1,1
71,5,yeşil,70.1,1
71,5,yeşil,89.4,1
71,6,mavi,77.7,1
71,6,yeşil,85.9,1
71,6,sarı,94.0,1
72,1,sarı,53.7,0
72,1,sarı,53.9,1
72,1,mavi,50.5,0
72,1,sarı,64.5,0
72,2,turuncu,70.3,1
72,2,mor,79.6,1
72,2,yeşil,89.5,1
72,2,sarı,57.6,0
72,2,kırmızı,74.7,1
72,3,sarı,55.1,0
72,3,sarı,79.3,1
72,3,turuncu,68.2,1
72,3,sarı,85.5,1
72,3,turuncu,65.1,0
72,4,sarı,79.3,1
72,4,kırmızı,85.5,1
72,4,mavi,97.2,1
72,4,mavi,100.0,1
72,4,turuncu,70.9,1
72,5,mavi,100.0,1
72,5,mavi,96.0,1
72,5,turuncu,97.2,1
72,5,sarı,87.8,1
72,6,mavi,86.3,1
72,6,kırmızı,88.9,1
72,6,mavi,97.7,1
72,6,sarı,95.9,1
72,6,mor,84.0,1
73,1,mavi,61.7,1
73,1,sarı,61.0,1
73,1,turuncu,61.8,1
73,1,kırmızı,44.6,0
73,1,yeşil,57.0,1
73,2,sarı,58.1,1
73,2,mor,55.1,0
73,2,mor,51.8,1
73,3,mor,57.3,0
73,3,sarı,56.3,0
73,3,turuncu,75.0,1
73,3,turuncu,83.3,1
73,4,mor,76.2,1
73,4,mavi,66.9,0
73,4,mavi,79.8,1
73,4,sarı,83.0,1
73,5,mavi,81.6,1
73,5,mavi,63.7,1
73,5,turuncu,64.1,1
73,5,sarı,78.0,1
73,5,turuncu,89.3,1
73,6,sarı,82.0,1
73,6,sarı,91.4,1
73,6,mor,82.1,1
73,6,sarı,100.0,1
74,1,sarı,56.4,0
74,1,turuncu,52.0,1
74,1,turuncu,45.2,0
74,2,kırmızı,63.8,0
74,2,sarı,45.1,0
74,2,mavi,57.8,1
74,2,yeşil,61.9,1
74,3,mor,78.6,1
74,3,sarı,64.9,0
74,3,turuncu,51.6,1
74,3,kırmızı,52.1,1
74,4,sarı,87.9,1
74,4,sarı,59.8,1
74,4,turuncu,79.2,1
74,5,mor,62.9,0
74,5,mavi,93.0,1
74,5,sarı,80.8,1
74,5,yeşil,95.2,1
74,6,turuncu,100.0,1
74,6,sarı,97.7,1
74,6,kırmızı,93.0,1
74,6,sarı,100.0,1
75,1,kırmızı,37.5,0
75,1,mor,28.5,0
75,1,mor,31.4,0
75,1,mavi,47.3,0
75,2,mavi,33.3,0
75,2,mavi,41.6,0
75,2,turuncu,38.9,0
75,2,kırmızı,45.3,0
75,3,kırmızı,39.7,0
75,3,sarı,38.0,0
75,3,mor,55.3,0
75,3,sarı,57.3,0
75,4,sarı,58.1,0
75,4,yeşil,62.2,0
75,4,kırmızı,55.7,1
75,4,sarı,56.8,1
75,5,mor,48.1,0
75,5,kırmızı,70.7,1
75,5,mavi,71.8,1
75,5,sarı,57.8,0
75,5,sarı,80.2,1
75,6,mavi,59.0,1
75,6,turuncu,71.7,1
75,6,turuncu,55.7,0
76,1,mavi,41.1,0
76,1,turuncu,62.1,1
76,1,kırmızı,56.9,1
76,1,kırmızı,46.8,0
76,1,yeşil,53.5,1
76,2,mavi,46.8,0
76,2,sarı,57.7,0
76,2,kırmızı,59.7,0
76,2,yeşil,35.9,0
76,3,turuncu,52.3,1
76,3,turuncu,83.7,1
76,3,mavi,56.8,1
76,3,mor,54.3,1
76,4,yeşil,58.8,0
76,4,turuncu,67.4,1
76,4,kırmızı,62.3,1
76,4,turuncu,61.7,1
76,5,turuncu,87.6,1
76,5,turuncu,81.0,1
76,5,turuncu,78.5,1
76,6,mavi,86.6,1
76,6,mor,70.8,1
76,6,yeşil,93.2,1
77,1,sarı,25.6,0
77,1,mor,52.0,0
77,1,turuncu,42.5,0
77,1,mor,37.9,0
77,1,mavi,34.0,0
77,2,mor,54.1,0
77,2,kırmızı,46.3,0
77,2,turuncu,63.5,1
77,2,turuncu,68.0,0
77,3,mavi,55.4,1
77,3,mavi,41.4,0
77,3,turuncu,48.0,0
77,3,mavi,51.2,0
77,4,mavi,65.2,1
77,4,mavi,60.3,0
77,4,yeşil,59.7,1
77,5,mor,46.7,0
77,5,sarı,50.7,0
77,5,mor,67.6,1
77,5,turuncu,61.7,0
77,6,kırmızı,80.1,1
77,6,mavi,72.3,1
77,6,mor,72.3,1
77,6,yeşil,84.7,1
77,6,mavi,75.4,1
78,1,yeşil,54.0,0
78,1,yeşil,28.7,0
78,1,yeşil,47.5,0
78,1,kırmızı,50.7,1
78,2,kırmızı,31.2,0
78,2,kırmızı,39.1,0
78,2,kırmızı,48.9,0
78,2,kırmızı,53.4,1
78,3,sarı,57.0,1
78,3,yeşil,36.2,0
78,3,sarı,35.0,0
78,4,sarı,54.2,1
78,4,mor,37.1,0
78,4,mavi,51.6,1
78,4,mor,65.6,1
78,4,turuncu,52.2,1
78,5,turuncu,55.8,0
78,5,kırmızı,34.6,0
78,5,yeşil,59.2,1
78,5,yeşil,58.7,1
78,6,kırmızı,78.3,1
78,6,mavi,52.5,0
78,6,mor,63.1,0
79,1,mor,51.0,1
79,1,turuncu,35.7,0
79,1,yeşil,24.1,0
79,1,mor,54.6,0
79,2,kırmızı,52.1,0
79,2,mor,46.1,0
79,2,turuncu,49.3,0
79,2,turuncu,47.8,0
79,2,mor,45.8,0
79,3,sarı,68.8,1
79,3,sarı,50.4,1
79,3,yeşil,69.5,1
79,4,yeşil,65.6,1
79,4,mor,36.6,0
79,4,yeşil,51.8,0
79,5,kırmızı,71.2,1
79,5,mor,57.5,1
79,5,sarı,59.5,0
79,6,mavi,71.6,1
79,6,yeşil,54.4,1
79,6,mavi,70.4,1
80,1,kırmızı,34.5,0
80,1,turuncu,52.1,1
80,1,sarı,39.7,0
80,1,mor,38.4,0
80,2,turuncu,59.4,0
80,2,yeşil,45.1,0
80,2,mor,53.9,1
80,2,yeşil,56.3,0
80,2,sarı,43.7,0
80,3,yeşil,67.2,0
80,3,sarı,55.8,0
80,3,turuncu,64.1,1
80,3,turuncu,63.3,1
80,3,mor,57.8,1
80,4,kırmızı,50.9,0
80,4,sarı,70.1,1
80,4,turuncu,53.8,1
80,4,sarı,84.6,1
80,5,mavi,81.6,1
80,5,kırmızı,70.4,1
80,5,turuncu,69.5,0
80,5,kırmızı,77.8,1
80,5,kırmızı,74.6,1
80,6,turuncu,74.8,1
80,6,kırmızı,76.1,1
80,6,mor,81.4,1
80,6,yeşil,89.9,1
80,6,mor,91.1,1
81,1,kırmızı,57.0,0
81,1,turuncu,51.1,1
81,1,sarı,67.1,1
81,1,mavi,63.6,1
81,1,turuncu,60.0,0
81,2,sarı,75.0,1
81,2,yeşil,71.1,1
81,2,turuncu,69.4,0
81,2,mavi,88.1,1
81,2,yeşil,50.4,0
81,3,mor,80.2,1
81,3,mavi,85.7,1
81,3,sarı,81.6,1
81,4,turuncu,100.0,1
81,4,kırmızı,91.6,1
81,4,yeşil,79.6,1
81,4,kırmızı,94.9,1
81,5,kırmızı,82.1,1
81,5,kırmızı,100.0,1
81,5,turuncu,79.8,1
81,5,mavi,96.5,1
81,5,mor,87.1,1
81,6,sarı,100.0,1
81,6,yeşil,100.0,1
81,6,yeşil,100.0,1
81,6,yeşil,100.0,1
81,6,yeşil,98.5,1
82,1,sarı,52.1,1
82,1,mavi,72.3,1
82,1,sarı,38.2,0
82,2,mor,51.2,0
82,2,sarı,56.7,0
82,2,turuncu,58.2,0
82,2,yeşil,56.4,0
82,3,mavi,53.2,0
82,3,mavi,58.1,1
82,3,kırmızı,41.7,0
82,4,sarı,66.7,1
82,4,yeşil,65.2,1
82,4,turuncu,64.5,0
82,4,yeşil,71.6,1
82,5,mor,72.6,1
82,5,mor,70.9,1
82,5,kırmızı,77.5,1
82,5,mavi,88.8,1
82,5,kırmızı,53.9,0
82,6,kırmızı,89.5,1
82,6,turuncu,89.7,1
82,6,mor,80.6,1
82,6,turuncu,78.2,1
83,1,turuncu,49.2,0
83,1,turuncu,45.0,0
83,1,sarı,33.1,0
83,1,kırmızı,50.3,0
83,1,mavi,44.2,0
83,2,mor,40.6,0
83,2,yeşil,33.8,0
83,2,yeşil,43.7,0
83,2,turuncu,41.3,0
83,3,sarı,58.2,0
83,3,mavi,36.8,0
83,3,mavi,22.8,0
83,3,sarı,41.1,0
83,3,mor,51.7,0
83,4,mavi,64.0,0
83,4,kırmızı,56.3,0
83,4,yeşil,34.9,0
83,4,mavi,48.6,0
83,4,mor,65.7,1
83,5,mavi,41.8,0
83,5,sarı,43.7,0
83,5,sarı,56.5,0
83,5,kırmızı,35.7,0
83,6,yeşil,54.0,0
83,6,sarı,71.4,1
83,6,mor,52.1,0
83,6,sarı,47.5,0
84,1,kırmızı,42.7,0
84,1,mor,50.3,0
84,1,mavi,36.1,0
84,2,turuncu,34.7,0
84,2,yeşil,65.2,1
84,2,mor,40.2,0
84,3,yeşil,44.1,0
84,3,turuncu,57.7,1
84,3,yeşil,29.8,0
84,3,kırmızı,37.9,0
84,4,yeşil,30.8,0
84,4,kırmızı,47.7,0
84,4,turuncu,46.6,0
84,4,kırmızı,38.3,0
84,5,kırmızı,46.5,0
84,5,kırmızı,59.2,0
84,5,yeşil,51.5,1
84,5,mor,46.6,0
84,6,mavi,61.6,1
84,6,turuncu,49.3,0
84,6,mavi,67.7,0
85,1,kırmızı,69.1,0
85,1,sarı,46.0,0
85,1,mavi,45.1,0
85,1,kırmızı,63.2,1
85,2,mor,62.1,0
85,2,mor,74.8,1
85,2,kırmızı,49.7,0
85,2,mor,51.5,0
85,3,turuncu,61.4,1
85,3,kırmızı,71.7,1
85,3,mor,57.2,0
85,4,yeşil,89.2,1
85,4,turuncu,78.9,1
85,4,yeşil,62.9,0
85,4,turuncu,80.8,1
85,4,yeşil,87.5,1
85,5,yeşil,83.1,1
85,5,sarı,81.8,1
85,5,mavi,77.8,1
85,5,turuncu,95.0,1
85,6,yeşil,100.0,1
85,6,turuncu,100.0,1
85,6,turuncu,91.5,1
85,6,mor,100.0,1
85,6,turuncu,91.3,1
86,1,mavi,58.6,0
86,1,turuncu,47.4,0
86,1,mavi,65.2,1
86,1,mor,36.7,0
86,1,mor,37.2,0
86,2,sarı,57.0,0
86,2,turuncu,63.2,0
86,2,mavi,53.8,1
86,2,sarı,54.1,0
86,3,mavi,64.0,0
86,3,kırmızı,50.7,1
86,3,kırmızı,86.0,1
86,3,mavi,51.3,1
86,4,turuncu,61.3,1
86,4,yeşil,64.8,0
86,4,kırmızı,63.2,0
86,4,kırmızı,69.6,1
86,5,kırmızı,60.9,0
86,5,mor,85.9,1
86,5,kırmızı,92.2,1
86,5,yeşil,73.5,1
86,6,kırmızı,81.3,1
86,6,sarı,90.9,1
86,6,mor,77.6,1
87,1,mor,33.9,0
87,1,kırmızı,52.7,1
87,1,yeşil,36.5,0
87,2,kırmızı,57.2,0
87,2,sarı,39.2,0
87,2,sarı,46.0,0
87,2,kırmızı,49.1,0
87,2,yeşil,29.2,0
87,3,mor,62.3,0
87,3,sarı,36.8,0
87,3,sarı,48.2,0
87,3,yeşil,37.1,0
87,4,yeşil,20.0,0
87,4,mor,42.8,0
87,4,kırmızı,43.3,0
87,4,kırmızı,44.9,0
87,4,kırmızı,72.4,1
87,5,turuncu,52.6,1
87,5,sarı,58.3,0
87,5,turuncu,64.3,1
87,6,mor,39.7,0
87,6,mavi,54.9,0
87,6,mor,62.4,1
88,1,yeşil,55.2,0
88,1,mavi,53.6,0
88,1,kırmızı,79.0,1
88,1,mor,52.1,0
88,2,yeşil,51.3,1
88,2,sarı,52.4,1
88,2,sarı,62.0,0
88,2,yeşil,56.6,0
88,2,mor,37.7,0
88,3,sarı,61.8,1
88,3,mor,77.3,1
88,3,kırmızı,67.2,1
88,4,mavi,60.9,0
88,4,sarı,72.4,1
88,4,yeşil,65.8,1
88,4,mor,47.9,0
88,4,sarı,75.2,1
88,5,mavi,76.2,1
88,5,sarı,75.7,1
88,5,sarı,76.9,1
88,5,yeşil,81.1,1
88,5,turuncu,73.2,1
88,6,mor,82.6,1
88,6,turuncu,98.3,1
88,6,mavi,79.8,1
88,6,sarı,84.7,1
89,1,mavi,57.6,1
89,1,yeşil,62.2,1
89,1,mor,62.0,1
89,1,mavi,71.1,1
89,1,yeşil,73.0,1
89,2,mavi,54.7,1
89,2,mavi,53.5,1
89,2,turuncu,78.8,1
89,2,mavi,65.0,0
89,2,kırmızı,60.3,0
89,3,sarı,97.3,1
89,3,mavi,71.9,1
89,3,sarı,84.8,1
89,3,mor,85.6,1
89,4,kırmızı,87.4,1
89,4,sarı,93.2,1
89,4,yeşil,71.5,1
89,4,kırmızı,100.0,1
89,5,yeşil,100.0,1
89,5,turuncu,85.7,1
89,5,mavi,99.8,1
89,5,turuncu,100.0,1
89,6,yeşil,99.2,1
89,6,kırmızı,100.0,1
89,6,yeşil,100.0,1
90,1,mavi,66.3,0
90,1,yeşil,57.5,0
90,1,mor,64.4,1
90,2,turuncu,67.9,1
90,2,mor,74.6,1
90,2,yeşil,63.5,1
90,2,kırmızı,63.4,0
90,3,mor,69.3,1
90,3,mor,88.9,1
90,3,turuncu,74.4,1
90,3,kırmızı,85.3,1
90,4,sarı,90.9,1
90,4,yeşil,86.8,1
90,4,mavi,65.5,1
90,4,mor,55.7,0
90,5,yeşil,100.0,1
90,5,mor,90.9,1
90,5,sarı,100.0,1
90,6,mor,100.0,1
90,6,yeşil,91.5,1
90,6,sarı,98.1,1
90,6,turuncu,100.0,1
90,6,turuncu,100.0,1
91,1,turuncu,74.1,1
91,1,sarı,60.0,1
91,1,turuncu,70.4,1
91,1,mor,74.9,1
91,2,kırmızı,74.2,1
91,2,mor,65.6,0
91,2,yeşil,76.0,1
91,2,mor,80.6,1
91,3,turuncu,60.1,0
91,3,sarı,70.1,1
91,3,mor,67.0,1
91,3,kırmızı,73.6,1
91,3,kırmızı,68.2,1
91,4,kırmızı,83.4,1
91,4,mavi,75.0,1
91,4,kırmızı,100.0,1
91,4,sarı,70.5,1
91,5,sarı,97.3,1
91,5,sarı,97.9,1
91,5,sarı,80.3,1
91,6,mavi,95.2,1
91,6,yeşil,86.3,1
91,6,yeşil,100.0,1
91,6,turuncu,100.0,1
92,1,mavi,59.2,0
92,1,sarı,70.5,1
92,1,kırmızı,57.6,1
92,2,sarı,66.8,0
92,2,kırmızı,66.6,0
92,2,yeşil,55.8,0
92,2,mavi,78.0,1
92,3,mavi,59.0,0
92,3,yeşil,70.9,1
92,3,yeşil,77.2,1
92,3,mor,64.9,0
92,3,mavi,74.7,1
92,4,mor,86.6,1
92,4,kırmızı,79.8,1
92,4,kırmızı,83.8,1
92,4,turuncu,72.1,1
92,4,turuncu,65.0,1
92,5,kırmızı,90.9,1
92,5,sarı,93.0,1
92,5,yeşil,98.2,1
92,5,yeşil,78.3,1
92,5,sarı,80.5,1
92,6,turuncu,90.2,1
92,6,kırmızı,87.7,1
92,6,mavi,90.7,1
92,6,mor,72.2,1
93,1,mavi,70.8,1
93,1,sarı,57.3,0
93,1,kırmızı,46.4,0
93,1,sarı,58.8,1
93,2,kırmızı,66.7,1
93,2,mavi,60.0,0
93,2,mor,69.8,0
93,2,yeşil,55.7,0
93,3,yeşil,71.8,1
93,3,kırmızı,69.4,0
93,3,sarı,61.4,1
93,3,kırmızı,61.0,0
93,3,yeşil,68.6,0
93,4,sarı,50.0,0
93,4,turuncu,73.1,1
93,4,mavi,68.2,1
93,5,mavi,65.2,1
93,5,mor,77.3,1
93,5,sarı,63.0,0
93,6,kırmızı,73.1,1
93,6,mor,100.0,1
93,6,yeşil,81.4,1
94,1,mor,53.9,1
94,1,yeşil,59.2,0
94,1,mavi,54.4,0
94,2,yeşil,61.8,1
94,2,yeşil,73.6,1
94,2,mor,59.3,0
94,3,mor,71.7,1
94,3,sarı,76.6,1
94,3,sarı,88.0,1
94,4,mavi,100.0,1
94,4,mor,87.0,1
94,4,kırmızı,82.6,1
94,4,kırmızı,74.9,1
94,5,kırmızı,81.1,1
94,5,turuncu,89.6,1
94,5,yeşil,94.5,1
94,5,yeşil,87.8,1
94,5,sarı,88.7,1
94,6,mor,88.4,1
94,6,kırmızı,83.1,1
94,6,mavi,100.0,1
95,1,turuncu,48.5,0
95,1,mor,49.0,0
95,1,mor,32.9,0
95,1,mor,43.7,0
95,2,kırmızı,30.8,0
95,2,kırmızı,41.8,0
95,2,yeşil,45.9,0
95,3,mor,63.2,1
95,3,yeşil,68.4,0
95,3,kırmızı,57.7,0
95,3,turuncu,32.3,0
95,3,turuncu,72.7,1
95,4,kırmızı,36.2,0
95,4,yeşil,53.7,0
95,4,mavi,53.0,0
95,4,kırmızı,43.6,0
95,4,sarı,58.6,0
95,5,turuncu,64.7,1
95,5,yeşil,66.3,0
95,5,mor,42.1,0
95,5,kırmızı,47.9,0
95,5,mavi,60.8,0
95,6,sarı,78.4,1
95,6,sarı,62.2,1
95,6,mor,71.5,1
95,6,mor,79.8,1
95,6,mor,60.3,1
96,1,sarı,40.6,0
96,1,yeşil,57.5,0
96,1,yeşil,42.8,0
96,1,sarı,56.8,1
96,1,yeşil,52.5,1
96,2,kırmızı,39.3,0
96,2,yeşil,36.0,0
96,2,sarı,48.7,0
96,2,yeşil,44.4,0
96,2,mavi,62.7,0
96,3,yeşil,43.0,0
96,3,mavi,66.7,0
96,3,yeşil,46.9,0
96,3,yeşil,57.2,0
96,3,mor,46.7,0
96,4,turuncu,65.3,0
96,4,sarı,52.0,1
96,4,sarı,64.2,1
96,4,sarı,67.8,0
96,4,mor,64.8,1
96,5,kırmızı,62.7,0
96,5,kırmızı,64.6,1
96,5,sarı,60.2,1
96,5,sarı,65.1,1
96,5,yeşil,68.2,0
96,6,sarı,40.8,0
96,6,sarı,60.2,1
96,6,turuncu,68.5,1
96,6,turuncu,70.7,1
97,1,turuncu,49.3,0
97,1,kırmızı,62.9,0
97,1,yeşil,67.8,0
97,1,mor,63.4,1
97,1,mavi,41.3,0
97,2,mor,73.9,1
97,2,sarı,53.0,1
97,2,kırmızı,55.7,1
97,2,mavi,58.8,0
97,2,kırmızı,75.7,1
97,3,mor,57.9,1
97,3,yeşil,60.1,1
97,3,mavi,59.4,1
97,3,mavi,66.9,0
97,3,turuncu,84.4,1
97,4,kırmızı,81.2,1
97,4,mor,81.9,1
97,4,mavi,88.7,1
97,4,sarı,77.0,1
97,5,turuncu,79.0,1
97,5,mavi,85.6,1
97,5,yeşil,87.7,1
97,5,mavi,75.4,1
97,5,mavi,92.4,1
97,6,turuncu,100.0,1
97,6,turuncu,88.0,1
97,6,turuncu,77.3,1
97,6,mavi,100.0,1
97,6,turuncu,84.5,1
98,1,mavi,47.4,0
98,1,sarı,49.0,0
98,1,yeşil,63.9,0
98,1,mavi,53.2,1
98,1,kırmızı,44.2,0
98,2,mor,47.2,0
98,2,turuncu,55.3,0
98,2,mavi,60.7,0
98,2,mavi,55.6,0
98,2,turuncu,46.2,0
98,3,turuncu,52.0,1
98,3,turuncu,47.7,0
98,3,yeşil,54.2,0
98,4,kırmızı,59.2,1
98,4,kırmızı,75.1,1
98,4,mor,81.7,1
98,4,yeşil,52.2,1
98,5,yeşil,78.8,1
98,5,mor,69.6,0
98,5,turuncu,88.5,1
98,5,mavi,78.7,1
98,5,mavi,71.7,1
98,6,mor,74.0,1
98,6,mor,73.7,1
98,6,sarı,78.5,1
98,6,yeşil,79.3,1
99,1,mavi,28.0,0
99,1,sarı,40.1,0
99,1,turuncu,28.1,0
99,1,mor,44.7,0
99,2,turuncu,44.9,0
99,2,mavi,48.5,0
99,2,mavi,53.4,1
99,2,mor,43.0,0
99,2,mor,59.2,1
99,3,mavi,51.1,0
99,3,turuncu,51.5,0
99,3,mor,48.4,0
99,3,yeşil,60.1,0
99,4,sarı,37.7,0
99,4,mor,50.2,1
99,4,yeşil,54.0,1
99,4,mavi,79.5,1
99,5,mor,85.3,1
99,5,sarı,69.2,1
99,5,sarı,61.6,0
99,6,turuncu,74.6,1
99,6,sarı,55.2,0
99,6,sarı,74.7,1
99,6,mavi,89.9,1
100,1,sarı,59.1,1
100,1,sarı,63.5,1
100,1,yeşil,69.8,1
100,1,kırmızı,63.5,0
100,2,mor,74.6,1
100,2,kırmızı,53.0,0
100,2,mor,59.8,0
100,2,turuncu,66.2,0
100,3,turuncu,55.9,0
100,3,kırmızı,72.3,1
100,3,mor,78.9,1
100,4,mor,81.0,1
100,4,sarı,90.3,1
100,4,sarı,72.0,1
100,5,yeşil,92.8,1
100,5,turuncu,89.0,1
100,5,turuncu,76.8,1
100,5,turuncu,85.0,1
100,5,mor,94.3,1
100,6,sarı,87.7,1
100,6,turuncu,100.0,1
100,6,sarı,100.0,1
100,6,sarı,97.4,1
100,6,kırmızı,100.0,1
