user_id,week,yon_hatasi,success_rate,is_resolved
1,1,sağ-sol,33.2,0
1,1,saat yönü-tersi,33.4,0
1,1,saat yönü-tersi,26.8,0
1,1,saat yönü-tersi,39.3,0
1,1,sağ çapraz-sol çapraz,33.3,0
1,2,yukarı-aşağı,54.5,1
1,2,sağ-sol,51.4,0
1,2,yukarı-aşağı,20.0,0
1,2,ileri-geri,34.5,0
1,3,sağ-sol,32.0,0
1,3,ileri-geri,42.6,0
1,3,sağ çapraz-sol çapraz,39.6,0
1,3,yukarı-aşağı,45.5,0
1,3,sağ çapraz-sol çapraz,43.8,0
1,4,ileri-geri,39.3,0
1,4,sağ-sol,68.0,0
1,4,saat yönü-tersi,52.2,0
1,5,ileri-geri,46.2,0
1,5,yukarı-aşağı,53.1,0
1,5,saat yönü-tersi,45.8,0
1,6,sağ çapraz-sol çapraz,68.9,1
1,6,yukarı-aşağı,45.4,0
1,6,sağ çapraz-sol çapraz,42.9,0
1,6,sağ çapraz-sol çapraz,56.1,0
1,6,sağ-sol,26.7,0
2,1,sağ-sol,36.6,0
2,1,yukarı-aşağı,30.9,0
2,1,sağ çapraz-sol çapraz,37.3,0
2,2,saat yönü-tersi,71.8,1
2,2,ileri-geri,21.1,0
2,2,sağ-sol,39.6,0
2,2,yukarı-aşağı,41.4,0
2,3,sağ-sol,52.1,1
2,3,saat yönü-tersi,36.5,0
2,3,saat yönü-tersi,43.9,0
2,3,yukarı-aşağı,46.6,0
2,4,yukarı-aşağı,59.4,0
2,4,sağ-sol,64.6,0
2,4,sağ-sol,46.1,0
2,5,ileri-geri,38.2,0
2,5,yukarı-aşağı,52.7,0
2,5,sağ çapraz-sol çapraz,38.2,0
2,5,saat yönü-tersi,44.5,0
2,5,ileri-geri,56.5,1
2,6,sağ-sol,66.7,1
2,6,saat yönü-tersi,61.0,0
2,6,sağ çapraz-sol çapraz,60.3,0
3,1,sağ-sol,72.3,1
3,1,ileri-geri,51.4,1
3,1,saat yönü-tersi,60.3,1
3,1,sağ çapraz-sol çapraz,52.5,0
3,1,saat yönü-tersi,74.0,1
3,2,sağ-sol,72.1,1
3,2,sağ-sol,81.7,1
3,2,sağ çapraz-sol çapraz,57.8,0
3,2,sağ-sol,76.2,1
3,3,sağ-sol,70.5,1
3,3,sağ-sol,69.5,1
3,3,ileri-geri,79.3,1
3,3,yukarı-aşağı,71.0,1
3,4,sağ çapraz-sol çapraz,92.6,1
3,4,yukarı-aşağı,90.5,1
3,4,sağ çapraz-sol çapraz,100.0,1
3,4,saat yönü-tersi,85.1,1
3,5,saat yönü-tersi,80.2,1
3,5,ileri-geri,92.5,1
3,5,saat yönü-tersi,98.2,1
3,6,sağ-sol,100.0,1
3,6,ileri-geri,91.5,1
3,6,sağ çapraz-sol çapraz,100.0,1
3,6,sağ-sol,94.8,1
3,6,yukarı-aşağı,95.6,1
4,1,saat yönü-tersi,63.0,1
4,1,saat yönü-tersi,59.6,0
4,1,ileri-geri,46.3,0
4,1,sağ-sol,55.2,1
4,2,sağ-sol,55.5,1
4,2,sağ çapraz-sol çapraz,65.6,1
4,2,saat yönü-tersi,54.2,1
4,2,saat yönü-tersi,55.1,0
4,2,ileri-geri,56.4,0
4,3,sağ çapraz-sol çapraz,32.9,0
4,3,ileri-geri,58.4,1
4,3,yukarı-aşağı,38.4,0
4,4,saat yönü-tersi,65.9,1
4,4,sağ çapraz-sol çapraz,72.0,1
4,4,sağ-sol,81.3,1
4,5,ileri-geri,96.5,1
4,5,ileri-geri,64.0,1
4,5,sağ çapraz-sol çapraz,66.4,0
4,5,ileri-geri,72.9,1
4,5,sağ çapraz-sol çapraz,53.5,0
4,6,sağ çapraz-sol çapraz,70.9,1
4,6,ileri-geri,63.9,1
4,6,ileri-geri,82.1,1
4,6,yukarı-aşağı,64.3,0
5,1,yukarı-aşağı,24.5,0
5,1,sağ-sol,26.6,0
5,1,saat yönü-tersi,33.6,0
5,1,saat yönü-tersi,50.8,1
5,1,ileri-geri,21.9,0
5,2,sağ çapraz-sol çapraz,20.7,0
5,2,ileri-geri,41.9,0
5,2,yukarı-aşağı,39.4,0
5,2,saat yönü-tersi,21.9,0
5,2,ileri-geri,25.4,0
5,3,saat yönü-tersi,30.2,0
5,3,sağ-sol,37.0,0
5,3,saat yönü-tersi,46.1,0
5,4,yukarı-aşağı,34.1,0
5,4,ileri-geri,47.1,0
5,4,sağ-sol,42.5,0
5,4,sağ çapraz-sol çapraz,48.7,0
5,5,yukarı-aşağı,41.6,0
5,5,yukarı-aşağı,49.2,0
5,5,ileri-geri,57.3,1
5,5,saat yönü-tersi,62.6,0
5,5,ileri-geri,43.6,0
5,6,ileri-geri,59.2,1
5,6,yukarı-aşağı,63.3,0
5,6,sağ çapraz-sol çapraz,64.7,1
5,6,yukarı-aşağı,56.1,0
5,6,sağ çapraz-sol çapraz,73.1,1
6,1,ileri-geri,59.8,1
6,1,saat yönü-tersi,69.4,0
6,1,sağ-sol,58.4,0
6,1,saat yönü-tersi,54.5,1
6,1,saat yönü-tersi,69.2,1
6,2,yukarı-aşağı,77.8,1
6,2,sağ-sol,63.2,0
6,2,ileri-geri,71.9,1
6,3,yukarı-aşağı,82.7,1
6,3,sağ çapraz-sol çapraz,87.8,1
6,3,yukarı-aşağı,71.0,1
6,3,sağ-sol,76.7,1
6,4,yukarı-aşağı,100.0,1
6,4,saat yönü-tersi,80.6,1
6,4,sağ-sol,80.7,1
6,5,sağ-sol,84.5,1
6,5,sağ-sol,95.0,1
6,5,saat yönü-tersi,98.4,1
6,5,sağ çapraz-sol çapraz,99.1,1
6,5,ileri-geri,96.0,1
6,6,ileri-geri,99.7,1
6,6,sağ çapraz-sol çapraz,91.1,1
6,6,sağ çapraz-sol çapraz,100.0,1
6,6,sağ-sol,97.8,1
6,6,yukarı-aşağı,90.0,1
7,1,ileri-geri,30.7,0
7,1,sağ çapraz-sol çapraz,28.6,0
7,1,saat yönü-tersi,35.9,0
7,2,sağ çapraz-sol çapraz,25.5,0
7,2,sağ çapraz-sol çapraz,37.7,0
7,2,yukarı-aşağı,44.9,0
7,2,sağ çapraz-sol çapraz,45.8,0
7,3,sağ-sol,34.0,0
7,3,sağ-sol,28.3,0
7,3,ileri-geri,29.9,0
7,4,saat yönü-tersi,40.0,0
7,4,sağ-sol,50.9,0
7,4,sağ çapraz-sol çapraz,40.8,0
7,4,sağ-sol,39.2,0
7,5,saat yönü-tersi,43.0,0
7,5,saat yönü-tersi,40.8,0
7,5,sağ-sol,59.4,1
7,5,saat yönü-tersi,43.7,0
7,6,sağ-sol,61.5,1
7,6,ileri-geri,47.7,0
7,6,sağ-sol,53.4,1
7,6,ileri-geri,47.5,0
8,1,sağ çapraz-sol çapraz,53.1,0
8,1,sağ çapraz-sol çapraz,56.4,1
8,1,sağ-sol,53.5,0
8,1,yukarı-aşağı,51.5,1
8,2,saat yönü-tersi,77.1,1
8,2,yukarı-aşağı,65.2,1
8,2,saat yönü-tersi,64.8,0
8,3,sağ-sol,70.7,1
8,3,sağ çapraz-sol çapraz,66.5,0
8,3,sağ-sol,56.5,1
8,3,yukarı-aşağı,66.9,0
8,4,yukarı-aşağı,82.8,1
8,4,sağ-sol,66.1,0
8,4,ileri-geri,72.3,1
8,5,yukarı-aşağı,71.2,1
8,5,sağ-sol,80.7,1
8,5,ileri-geri,71.8,1
8,5,sağ çapraz-sol çapraz,77.5,1
8,6,saat yönü-tersi,95.1,1
8,6,saat yönü-tersi,87.5,1
8,6,saat yönü-tersi,81.0,1
8,6,ileri-geri,86.4,1
9,1,saat yönü-tersi,45.0,0
9,1,sağ-sol,57.1,1
9,1,ileri-geri,56.3,1
9,1,ileri-geri,58.1,1
9,1,ileri-geri,40.5,0
9,2,sağ-sol,51.7,1
9,2,yukarı-aşağı,45.9,0
9,2,ileri-geri,72.9,1
9,2,saat yönü-tersi,49.2,0
9,2,sağ çapraz-sol çapraz,32.2,0
9,3,sağ-sol,72.3,1
9,3,ileri-geri,57.9,1
9,3,saat yönü-tersi,66.9,0
9,3,yukarı-aşağı,60.6,1
9,3,sağ-sol,74.2,1
9,4,saat yönü-tersi,79.3,1
9,4,saat yönü-tersi,92.2,1
9,4,yukarı-aşağı,65.6,0
9,4,saat yönü-tersi,60.2,0
9,5,saat yönü-tersi,62.0,1
9,5,sağ çapraz-sol çapraz,72.3,1
9,5,yukarı-aşağı,75.1,1
9,5,saat yönü-tersi,72.3,1
9,6,ileri-geri,84.5,1
9,6,ileri-geri,71.0,1
9,6,saat yönü-tersi,73.7,1
10,1,yukarı-aşağı,51.4,1
10,1,ileri-geri,61.6,0
10,1,sağ-sol,43.9,0
10,1,yukarı-aşağı,43.4,0
10,2,ileri-geri,60.5,1
10,2,sağ-sol,37.8,0
10,2,ileri-geri,67.6,0
10,2,saat yönü-tersi,50.2,0
10,2,saat yönü-tersi,62.1,0
10,3,saat yönü-tersi,58.9,0
10,3,yukarı-aşağı,76.5,1
10,3,yukarı-aşağı,87.1,1
10,3,saat yönü-tersi,60.3,0
10,3,yukarı-aşağı,76.4,1
10,4,yukarı-aşağı,73.8,1
10,4,sağ çapraz-sol çapraz,70.5,1
10,4,sağ çapraz-sol çapraz,70.0,1
10,4,yukarı-aşağı,78.5,1
10,4,yukarı-aşağı,72.7,1
10,5,ileri-geri,66.8,0
10,5,ileri-geri,75.6,1
10,5,saat yönü-tersi,71.5,1
10,5,sağ-sol,71.2,1
10,6,sağ çapraz-sol çapraz,99.7,1
10,6,ileri-geri,100.0,1
10,6,sağ çapraz-sol çapraz,88.0,1
10,6,sağ-sol,77.2,1
11,1,yukarı-aşağı,31.0,0
11,1,sağ çapraz-sol çapraz,30.2,0
11,1,sağ çapraz-sol çapraz,55.4,0
11,2,saat yönü-tersi,68.4,0
11,2,sağ-sol,51.2,1
11,2,sağ çapraz-sol çapraz,35.8,0
11,2,sağ-sol,48.9,0
11,3,sağ-sol,61.9,1
11,3,ileri-geri,49.8,0
11,3,yukarı-aşağı,56.3,0
11,3,sağ çapraz-sol çapraz,59.4,1
11,4,yukarı-aşağı,67.2,0
11,4,saat yönü-tersi,51.2,0
11,4,yukarı-aşağı,57.0,0
11,4,sağ-sol,61.1,1
11,5,ileri-geri,64.9,0
11,5,sağ-sol,66.3,1
11,5,sağ çapraz-sol çapraz,79.2,1
11,5,ileri-geri,85.7,1
11,5,yukarı-aşağı,66.2,1
11,6,ileri-geri,84.6,1
11,6,saat yönü-tersi,77.0,1
11,6,yukarı-aşağı,63.4,0
11,6,yukarı-aşağı,77.4,1
12,1,sağ-sol,77.6,1
12,1,yukarı-aşağı,57.4,1
12,1,yukarı-aşağı,44.9,0
12,1,ileri-geri,66.4,1
12,2,sağ-sol,74.1,1
12,2,ileri-geri,58.4,1
12,2,sağ çapraz-sol çapraz,63.7,0
12,2,sağ çapraz-sol çapraz,58.2,0
12,2,yukarı-aşağı,61.4,0
12,3,yukarı-aşağı,74.6,1
12,3,sağ-sol,87.7,1
12,3,saat yönü-tersi,75.6,1
12,4,sağ-sol,58.6,0
12,4,yukarı-aşağı,97.0,1
12,4,yukarı-aşağı,69.8,0
12,5,saat yönü-tersi,98.3,1
12,5,yukarı-aşağı,82.3,1
12,5,sağ-sol,81.6,1
12,6,yukarı-aşağı,83.2,1
12,6,ileri-geri,100.0,1
12,6,ileri-geri,88.6,1
13,1,sağ-sol,64.5,0
13,1,saat yönü-tersi,51.1,1
13,1,ileri-geri,76.5,1
13,1,saat yönü-tersi,57.9,0
13,1,saat yönü-tersi,91.0,1
13,2,sağ çapraz-sol çapraz,60.3,0
13,2,sağ çapraz-sol çapraz,53.1,0
13,2,sağ çapraz-sol çapraz,76.9,1
13,3,saat yönü-tersi,79.0,1
13,3,sağ-sol,79.3,1
13,3,sağ-sol,80.1,1
13,4,sağ çapraz-sol çapraz,90.5,1
13,4,ileri-geri,77.0,1
13,4,sağ çapraz-sol çapraz,80.9,1
13,4,sağ çapraz-sol çapraz,88.5,1
13,5,saat yönü-tersi,100.0,1
13,5,sağ-sol,97.9,1
13,5,sağ-sol,82.8,1
13,5,sağ-sol,89.9,1
13,6,ileri-geri,100.0,1
13,6,ileri-geri,90.9,1
13,6,sağ-sol,99.3,1
14,1,sağ çapraz-sol çapraz,66.7,0
14,1,sağ-sol,77.8,1
14,1,sağ çapraz-sol çapraz,29.2,0
14,2,ileri-geri,72.0,1
14,2,saat yönü-tersi,87.7,1
14,2,yukarı-aşağı,72.3,1
14,3,sağ çapraz-sol çapraz,57.6,0
14,3,saat yönü-tersi,80.8,1
14,3,ileri-geri,92.3,1
14,3,ileri-geri,87.2,1
14,4,yukarı-aşağı,78.2,1
14,4,ileri-geri,99.7,1
14,4,yukarı-aşağı,69.9,0
14,4,sağ-sol,90.1,1
14,5,yukarı-aşağı,97.1,1
14,5,sağ çapraz-sol çapraz,100.0,1
14,5,saat yönü-tersi,96.8,1
14,6,sağ çapraz-sol çapraz,85.0,1
14,6,saat yönü-tersi,100.0,1
14,6,sağ çapraz-sol çapraz,100.0,1
14,6,sağ-sol,97.0,1
15,1,sağ çapraz-sol çapraz,30.4,0
15,1,sağ çapraz-sol çapraz,20.0,0
15,1,sağ-sol,49.5,0
15,1,sağ-sol,45.8,0
15,1,yukarı-aşağı,39.5,0
15,2,yukarı-aşağı,31.9,0
15,2,sağ-sol,39.4,0
15,2,sağ-sol,35.7,0
15,2,sağ-sol,43.1,0
15,3,sağ-sol,24.9,0
15,3,yukarı-aşağı,59.9,0
15,3,ileri-geri,31.8,0
15,3,saat yönü-tersi,41.2,0
15,4,ileri-geri,61.9,1
15,4,sağ-sol,56.5,1
15,4,sağ çapraz-sol çapraz,56.6,1
15,4,sağ-sol,48.9,0
15,5,saat yönü-tersi,51.5,1
15,5,yukarı-aşağı,48.4,0
15,5,sağ-sol,47.7,0
15,5,sağ-sol,48.7,0
15,5,ileri-geri,77.7,1
15,6,sağ-sol,41.9,0
15,6,yukarı-aşağı,67.5,1
15,6,saat yönü-tersi,65.0,1
15,6,sağ-sol,58.2,0
16,1,sağ çapraz-sol çapraz,48.8,0
16,1,sağ-sol,43.5,0
16,1,ileri-geri,56.3,0
16,1,sağ çapraz-sol çapraz,47.7,0
16,1,yukarı-aşağı,77.9,1
16,2,yukarı-aşağı,64.2,0
16,2,yukarı-aşağı,71.5,1
16,2,saat yönü-tersi,74.6,1
16,2,sağ çapraz-sol çapraz,73.8,1
16,2,sağ-sol,52.3,0
16,3,saat yönü-tersi,77.5,1
16,3,ileri-geri,63.6,0
16,3,sağ-sol,88.2,1
16,3,ileri-geri,97.8,1
16,3,sağ-sol,89.4,1
16,4,saat yönü-tersi,85.5,1
16,4,ileri-geri,76.9,1
16,4,ileri-geri,58.8,1
16,4,saat yönü-tersi,90.4,1
16,5,ileri-geri,77.2,1
16,5,sağ-sol,97.8,1
16,5,ileri-geri,93.3,1
16,6,sağ çapraz-sol çapraz,100.0,1
16,6,yukarı-aşağı,100.0,1
16,6,sağ çapraz-sol çapraz,100.0,1
16,6,yukarı-aşağı,100.0,1
17,1,sağ-sol,36.0,0
17,1,sağ çapraz-sol çapraz,32.8,0
17,1,sağ çapraz-sol çapraz,51.3,1
17,1,saat yönü-tersi,30.6,0
17,2,sağ-sol,36.2,0
17,2,ileri-geri,35.3,0
17,2,yukarı-aşağı,35.5,0
17,3,saat yönü-tersi,31.4,0
17,3,ileri-geri,32.5,0
17,3,sağ çapraz-sol çapraz,36.0,0
17,3,saat yönü-tersi,54.3,1
17,3,sağ çapraz-sol çapraz,36.7,0
17,4,sağ-sol,61.2,1
17,4,sağ çapraz-sol çapraz,57.8,0
17,4,ileri-geri,42.0,0
17,5,sağ çapraz-sol çapraz,50.3,0
17,5,ileri-geri,60.0,0
17,5,yukarı-aşağı,46.7,0
17,5,sağ-sol,37.2,0
17,5,saat yönü-tersi,45.4,0
17,6,sağ-sol,29.6,0
17,6,yukarı-aşağı,26.5,0
17,6,yukarı-aşağı,55.5,0
18,1,ileri-geri,53.4,1
18,1,saat yönü-tersi,62.6,0
18,1,sağ-sol,48.0,0
18,2,sağ çapraz-sol çapraz,63.7,0
18,2,sağ çapraz-sol çapraz,50.0,0
18,2,ileri-geri,62.4,0
18,2,sağ çapraz-sol çapraz,63.5,0
18,2,yukarı-aşağı,75.7,1
18,3,saat yönü-tersi,59.6,0
18,3,saat yönü-tersi,71.7,1
18,3,ileri-geri,58.2,1
18,3,yukarı-aşağı,77.5,1
18,3,sağ çapraz-sol çapraz,79.2,1
18,4,yukarı-aşağı,63.7,0
18,4,sağ-sol,64.0,1
18,4,sağ-sol,82.2,1
18,4,ileri-geri,77.4,1
18,5,ileri-geri,86.8,1
18,5,saat yönü-tersi,69.1,0
18,5,ileri-geri,85.7,1
18,5,sağ-sol,86.3,1
18,5,sağ-sol,74.7,1
18,6,yukarı-aşağı,65.6,0
18,6,saat yönü-tersi,88.0,1
18,6,sağ-sol,86.5,1
18,6,sağ çapraz-sol çapraz,98.5,1
19,1,sağ-sol,35.6,0
19,1,sağ çapraz-sol çapraz,43.4,0
19,1,sağ-sol,33.5,0
19,1,ileri-geri,56.4,0
19,2,sağ çapraz-sol çapraz,44.7,0
19,2,ileri-geri,39.9,0
19,2,sağ çapraz-sol çapraz,46.8,0
19,2,yukarı-aşağı,40.6,0
19,3,sağ çapraz-sol çapraz,67.7,1
19,3,yukarı-aşağı,48.3,0
19,3,sağ-sol,41.0,0
19,3,sağ çapraz-sol çapraz,48.9,0
19,3,sağ-sol,48.4,0
19,4,sağ çapraz-sol çapraz,79.1,1
19,4,sağ-sol,61.3,1
19,4,sağ-sol,64.6,0
19,4,sağ-sol,57.8,0
19,5,ileri-geri,58.7,1
19,5,sağ-sol,78.0,1
19,5,yukarı-aşağı,71.3,1
19,5,saat yönü-tersi,62.0,0
19,6,sağ-sol,69.6,0
19,6,yukarı-aşağı,60.3,1
19,6,saat yönü-tersi,77.8,1
20,1,yukarı-aşağı,68.8,0
20,1,ileri-geri,46.4,0
20,1,sağ çapraz-sol çapraz,40.2,0
20,1,ileri-geri,38.3,0
20,2,sağ-sol,57.9,1
20,2,sağ çapraz-sol çapraz,50.2,1
20,2,yukarı-aşağı,46.2,0
20,2,sağ-sol,43.9,0
20,3,sağ-sol,67.0,1
20,3,sağ-sol,54.4,1
20,3,ileri-geri,63.5,1
20,4,sağ-sol,66.6,0
20,4,sağ-sol,68.0,1
20,4,sağ çapraz-sol çapraz,48.0,0
20,4,saat yönü-tersi,64.5,0
20,4,sağ çapraz-sol çapraz,65.4,1
20,5,sağ çapraz-sol çapraz,88.7,1
20,5,sağ çapraz-sol çapraz,74.2,1
20,5,yukarı-aşağı,69.8,0
20,6,sağ-sol,84.2,1
20,6,saat yönü-tersi,92.5,1
20,6,saat yönü-tersi,71.5,1
20,6,saat yönü-tersi,94.4,1
20,6,saat yönü-tersi,73.6,1
21,1,saat yönü-tersi,26.4,0
21,1,yukarı-aşağı,39.1,0
21,1,sağ çapraz-sol çapraz,33.2,0
21,2,yukarı-aşağı,46.8,0
21,2,yukarı-aşağı,54.7,1
21,2,ileri-geri,21.8,0
21,3,saat yönü-tersi,53.3,1
21,3,saat yönü-tersi,50.4,1
21,3,saat yönü-tersi,49.5,0
21,3,yukarı-aşağı,43.5,0
21,3,sağ-sol,28.8,0
21,4,saat yönü-tersi,54.5,1
21,4,yukarı-aşağı,51.9,1
21,4,ileri-geri,45.6,0
21,4,sağ-sol,56.5,1
21,5,sağ-sol,48.4,0
21,5,sağ çapraz-sol çapraz,55.1,1
21,5,sağ-sol,49.2,0
21,6,sağ-sol,77.3,1
21,6,ileri-geri,54.5,1
21,6,ileri-geri,67.2,1
21,6,sağ-sol,65.6,1
21,6,sağ çapraz-sol çapraz,50.0,0
22,1,sağ-sol,52.6,1
22,1,sağ-sol,35.1,0
22,1,sağ çapraz-sol çapraz,57.8,0
22,2,sağ-sol,70.3,1
22,2,saat yönü-tersi,52.6,1
22,2,sağ-sol,44.5,0
22,2,sağ-sol,50.2,0
22,3,sağ çapraz-sol çapraz,57.1,1
22,3,yukarı-aşağı,46.7,0
22,3,sağ çapraz-sol çapraz,37.4,0
22,3,yukarı-aşağı,38.8,0
22,4,saat yönü-tersi,60.2,0
22,4,yukarı-aşağı,41.7,0
22,4,sağ-sol,62.4,1
22,5,ileri-geri,66.8,1
22,5,saat yönü-tersi,61.7,1
22,5,sağ çapraz-sol çapraz,80.7,1
22,5,yukarı-aşağı,65.3,0
22,6,yukarı-aşağı,66.1,1
22,6,ileri-geri,78.4,1
22,6,sağ-sol,70.2,1
22,6,yukarı-aşağı,58.7,0
23,1,sağ çapraz-sol çapraz,71.4,1
23,1,ileri-geri,72.6,1
23,1,yukarı-aşağı,81.7,1
23,1,ileri-geri,69.8,1
23,1,sağ çapraz-sol çapraz,76.0,1
23,2,yukarı-aşağı,67.3,0
23,2,ileri-geri,63.5,1
23,2,saat yönü-tersi,72.8,1
23,3,ileri-geri,86.7,1
23,3,ileri-geri,76.0,1
23,3,yukarı-aşağı,81.1,1
23,4,ileri-geri,82.6,1
23,4,sağ-sol,66.1,0
23,4,ileri-geri,95.3,1
23,5,ileri-geri,97.8,1
23,5,ileri-geri,90.0,1
23,5,ileri-geri,100.0,1
23,5,sağ-sol,100.0,1
23,5,sağ-sol,75.4,1
23,6,saat yönü-tersi,89.0,1
23,6,saat yönü-tersi,100.0,1
23,6,sağ çapraz-sol çapraz,100.0,1
24,1,sağ-sol,59.8,1
24,1,sağ-sol,64.5,1
24,1,yukarı-aşağı,55.3,0
24,2,sağ çapraz-sol çapraz,56.7,0
24,2,ileri-geri,64.7,1
24,2,sağ-sol,54.8,1
24,3,ileri-geri,73.9,1
24,3,sağ çapraz-sol çapraz,80.9,1
24,3,yukarı-aşağı,64.2,1
24,3,sağ-sol,65.2,1
24,3,saat yönü-tersi,67.3,0
24,4,yukarı-aşağı,74.9,1
24,4,yukarı-aşağı,65.1,0
24,4,yukarı-aşağı,60.5,0
24,4,sağ çapraz-sol çapraz,80.0,1
24,4,sağ çapraz-sol çapraz,71.3,1
24,5,yukarı-aşağı,79.5,1
24,5,sağ-sol,79.2,1
24,5,saat yönü-tersi,74.5,1
24,5,sağ-sol,87.6,1
24,5,saat yönü-tersi,79.4,1
24,6,ileri-geri,74.9,1
24,6,sağ-sol,83.9,1
24,6,sağ çapraz-sol çapraz,97.6,1
25,1,ileri-geri,51.3,1
25,1,sağ çapraz-sol çapraz,37.7,0
25,1,ileri-geri,52.3,1
25,2,sağ-sol,43.8,0
25,2,saat yönü-tersi,43.8,0
25,2,yukarı-aşağı,51.9,1
25,2,sağ-sol,54.2,0
25,2,yukarı-aşağı,58.2,0
25,3,sağ çapraz-sol çapraz,62.7,1
25,3,yukarı-aşağı,44.3,0
25,3,saat yönü-tersi,62.0,1
25,4,ileri-geri,52.7,0
25,4,sağ-sol,62.0,0
25,4,ileri-geri,61.2,0
25,4,sağ-sol,57.5,0
25,4,sağ çapraz-sol çapraz,62.2,1
25,5,yukarı-aşağı,53.1,1
25,5,yukarı-aşağı,74.3,1
25,5,yukarı-aşağı,56.0,1
25,6,sağ-sol,77.1,1
25,6,saat yönü-tersi,50.9,0
25,6,sağ-sol,64.1,1
25,6,yukarı-aşağı,54.4,0
26,1,sağ çapraz-sol çapraz,65.9,1
26,1,sağ-sol,59.6,1
26,1,sağ çapraz-sol çapraz,63.9,1
26,2,yukarı-aşağı,73.2,1
26,2,yukarı-aşağı,66.1,0
26,2,saat yönü-tersi,56.2,1
26,2,saat yönü-tersi,74.2,1
26,3,saat yönü-tersi,52.8,0
26,3,yukarı-aşağı,68.9,0
26,3,sağ çapraz-sol çapraz,72.8,1
26,3,sağ-sol,78.4,1
26,3,sağ çapraz-sol çapraz,81.7,1
26,4,sağ-sol,86.3,1
26,4,sağ-sol,90.3,1
26,4,sağ-sol,80.6,1
26,4,sağ-sol,85.2,1
26,5,ileri-geri,100.0,1
26,5,sağ çapraz-sol çapraz,84.6,1
26,5,yukarı-aşağı,85.3,1
26,5,yukarı-aşağı,87.8,1
26,5,saat yönü-tersi,81.7,1
26,6,saat yönü-tersi,87.1,1
26,6,yukarı-aşağı,82.4,1
26,6,sağ çapraz-sol çapraz,100.0,1
26,6,saat yönü-tersi,100.0,1
26,6,saat yönü-tersi,74.9,1
27,1,saat yönü-tersi,80.6,1
27,1,sağ-sol,62.9,0
27,1,sağ çapraz-sol çapraz,57.2,0
27,2,ileri-geri,69.5,1
27,2,sağ çapraz-sol çapraz,95.3,1
27,2,yukarı-aşağı,88.0,1
27,3,saat yönü-tersi,71.2,1
27,3,sağ çapraz-sol çapraz,88.5,1
27,3,ileri-geri,87.3,1
27,3,sağ çapraz-sol çapraz,82.7,1
27,4,sağ çapraz-sol çapraz,56.1,0
27,4,ileri-geri,63.7,0
27,4,yukarı-aşağı,99.3,1
27,5,sağ çapraz-sol çapraz,92.6,1
27,5,sağ-sol,88.0,1
27,5,sağ çapraz-sol çapraz,87.5,1
27,5,ileri-geri,77.3,1
27,6,yukarı-aşağı,96.2,1
27,6,sağ çapraz-sol çapraz,100.0,1
27,6,ileri-geri,88.5,1
27,6,ileri-geri,90.6,1
28,1,sağ çapraz-sol çapraz,41.1,0
28,1,ileri-geri,38.0,0
28,1,sağ-sol,32.7,0
28,2,saat yönü-tersi,56.8,0
28,2,sağ-sol,28.1,0
28,2,yukarı-aşağı,34.3,0
28,3,sağ çapraz-sol çapraz,51.1,0
28,3,sağ-sol,50.9,0
28,3,sağ-sol,54.2,1
28,4,sağ çapraz-sol çapraz,57.4,0
28,4,saat yönü-tersi,58.3,0
28,4,ileri-geri,57.4,1
28,4,sağ çapraz-sol çapraz,50.2,0
28,4,saat yönü-tersi,57.0,0
28,5,sağ çapraz-sol çapraz,66.1,1
28,5,ileri-geri,67.2,1
28,5,sağ çapraz-sol çapraz,43.0,0
28,5,ileri-geri,51.7,1
28,6,sağ-sol,75.3,1
28,6,ileri-geri,47.3,0
28,6,sağ-sol,71.9,1
28,6,yukarı-aşağı,65.7,0
28,6,saat yönü-tersi,63.0,1
29,1,sağ çapraz-sol çapraz,50.8,1
29,1,saat yönü-tersi,20.0,0
29,1,yukarı-aşağı,23.1,0
29,1,sağ-sol,39.5,0
29,1,saat yönü-tersi,33.4,0
29,2,ileri-geri,39.1,0
29,2,sağ çapraz-sol çapraz,60.9,1
29,2,ileri-geri,43.3,0
29,2,sağ-sol,29.1,0
29,2,ileri-geri,36.2,0
29,3,sağ-sol,33.3,0
29,3,ileri-geri,47.6,0
29,3,sağ-sol,41.4,0
29,4,sağ-sol,45.8,0
29,4,sağ çapraz-sol çapraz,41.7,0
29,4,sağ-sol,47.4,0
29,4,saat yönü-tersi,53.0,0
29,4,sağ çapraz-sol çapraz,44.2,0
29,5,saat yönü-tersi,49.6,0
29,5,saat yönü-tersi,45.7,0
29,5,ileri-geri,33.3,0
29,5,sağ çapraz-sol çapraz,39.8,0
29,6,saat yönü-tersi,57.4,0
29,6,saat yönü-tersi,47.5,0
29,6,sağ-sol,32.3,0
30,1,sağ çapraz-sol çapraz,46.9,0
30,1,sağ çapraz-sol çapraz,58.6,0
30,1,sağ çapraz-sol çapraz,64.1,1
30,1,saat yönü-tersi,62.5,0
30,1,saat yönü-tersi,57.7,1
30,2,saat yönü-tersi,64.2,0
30,2,sağ çapraz-sol çapraz,72.4,1
30,2,sağ çapraz-sol çapraz,69.9,0
30,3,yukarı-aşağı,56.5,0
30,3,ileri-geri,53.7,1
30,3,ileri-geri,57.0,0
30,3,saat yönü-tersi,78.2,1
30,4,yukarı-aşağı,72.5,1
30,4,sağ çapraz-sol çapraz,66.9,0
30,4,saat yönü-tersi,64.3,1
30,5,yukarı-aşağı,64.3,1
30,5,ileri-geri,83.3,1
30,5,ileri-geri,70.4,1
30,5,yukarı-aşağı,76.0,1
30,6,sağ çapraz-sol çapraz,78.2,1
30,6,ileri-geri,82.4,1
30,6,sağ-sol,66.7,0
30,6,sağ-sol,84.9,1
31,1,sağ-sol,44.8,0
31,1,saat yönü-tersi,26.9,0
31,1,sağ-sol,23.0,0
31,1,yukarı-aşağı,37.0,0
31,2,yukarı-aşağı,54.8,0
31,2,ileri-geri,41.3,0
31,2,saat yönü-tersi,43.5,0
31,2,yukarı-aşağı,47.2,0
31,3,saat yönü-tersi,56.2,1
31,3,sağ-sol,51.4,0
31,3,yukarı-aşağı,46.9,0
31,3,saat yönü-tersi,44.7,0
31,4,sağ-sol,62.6,1
31,4,yukarı-aşağı,56.5,1
31,4,sağ-sol,62.8,0
31,4,saat yönü-tersi,62.9,1
31,4,yukarı-aşağı,48.9,0
31,5,sağ çapraz-sol çapraz,61.4,1
31,5,yukarı-aşağı,59.7,1
31,5,yukarı-aşağı,72.5,1
31,5,sağ çapraz-sol çapraz,55.8,1
31,6,sağ-sol,57.4,0
31,6,yukarı-aşağı,40.6,0
31,6,yukarı-aşağı,69.7,0
32,1,sağ çapraz-sol çapraz,63.2,1
32,1,ileri-geri,58.5,1
32,1,sağ-sol,63.2,1
32,1,sağ çapraz-sol çapraz,61.8,0
32,1,sağ-sol,63.3,1
32,2,sağ çapraz-sol çapraz,67.1,1
32,2,ileri-geri,67.3,1
32,2,sağ çapraz-sol çapraz,68.2,1
32,2,yukarı-aşağı,62.3,1
32,2,saat yönü-tersi,89.4,1
32,3,sağ-sol,72.2,1
32,3,sağ-sol,84.6,1
32,3,ileri-geri,59.8,1
32,3,ileri-geri,86.7,1
32,3,saat yönü-tersi,73.2,1
32,4,sağ çapraz-sol çapraz,87.3,1
32,4,ileri-geri,81.8,1
32,4,saat yönü-tersi,83.3,1
32,5,sağ çapraz-sol çapraz,62.6,1
32,5,yukarı-aşağı,79.0,1
32,5,saat yönü-tersi,81.3,1
32,5,saat yönü-tersi,88.3,1
32,6,sağ çapraz-sol çapraz,100.0,1
32,6,yukarı-aşağı,77.5,1
32,6,yukarı-aşağı,93.3,1
32,6,yukarı-aşağı,84.4,1
33,1,sağ-sol,35.5,0
33,1,saat yönü-tersi,20.0,0
33,1,sağ çapraz-sol çapraz,36.2,0
33,1,sağ-sol,30.9,0
33,2,yukarı-aşağı,42.7,0
33,2,yukarı-aşağı,37.1,0
33,2,yukarı-aşağı,47.1,0
33,3,sağ-sol,36.0,0
33,3,saat yönü-tersi,33.5,0
33,3,sağ çapraz-sol çapraz,43.2,0
33,3,yukarı-aşağı,44.6,0
33,3,sağ-sol,37.9,0
33,4,ileri-geri,58.4,1
33,4,yukarı-aşağı,56.7,0
33,4,sağ çapraz-sol çapraz,34.3,0
33,4,ileri-geri,38.0,0
33,4,sağ-sol,53.0,0
33,5,saat yönü-tersi,57.2,0
33,5,ileri-geri,48.0,0
33,5,yukarı-aşağı,65.5,1
33,6,yukarı-aşağı,63.4,1
33,6,saat yönü-tersi,54.8,1
33,6,saat yönü-tersi,50.7,1
34,1,sağ-sol,53.1,1
34,1,yukarı-aşağı,74.0,1
34,1,ileri-geri,80.2,1
34,2,ileri-geri,79.0,1
34,2,sağ-sol,78.5,1
34,2,sağ çapraz-sol çapraz,81.7,1
34,2,sağ-sol,72.1,1
34,2,ileri-geri,72.5,1
34,3,sağ çapraz-sol çapraz,96.6,1
34,3,saat yönü-tersi,50.4,1
34,3,yukarı-aşağı,74.6,1
34,4,yukarı-aşağı,95.5,1
34,4,ileri-geri,97.2,1
34,4,sağ çapraz-sol çapraz,84.7,1
34,4,sağ çapraz-sol çapraz,92.2,1
34,4,sağ çapraz-sol çapraz,79.9,1
34,5,saat yönü-tersi,86.3,1
34,5,yukarı-aşağı,99.0,1
34,5,sağ-sol,90.9,1
34,5,sağ-sol,85.8,1
34,6,saat yönü-tersi,100.0,1
34,6,yukarı-aşağı,98.8,1
34,6,saat yönü-tersi,100.0,1
34,6,sağ çapraz-sol çapraz,89.1,1
35,1,sağ-sol,40.6,0
35,1,saat yönü-tersi,40.4,0
35,1,saat yönü-tersi,52.0,0
35,1,sağ çapraz-sol çapraz,41.8,0
35,2,saat yönü-tersi,21.6,0
35,2,yukarı-aşağı,49.5,0
35,2,yukarı-aşağı,44.4,0
35,3,sağ-sol,52.0,1
35,3,yukarı-aşağı,38.2,0
35,3,yukarı-aşağı,60.7,0
35,4,sağ-sol,51.2,0
35,4,sağ çapraz-sol çapraz,55.1,0
35,4,sağ çapraz-sol çapraz,68.3,1
35,4,sağ-sol,63.3,1
35,5,yukarı-aşağı,65.8,1
35,5,yukarı-aşağı,62.7,0
35,5,sağ-sol,82.0,1
35,5,sağ-sol,55.3,0
35,6,saat yönü-tersi,52.7,1
35,6,ileri-geri,59.4,0
35,6,sağ-sol,76.0,1
36,1,saat yönü-tersi,43.9,0
36,1,ileri-geri,58.9,1
36,1,ileri-geri,42.4,0
36,2,yukarı-aşağı,67.2,0
36,2,saat yönü-tersi,59.9,0
36,2,yukarı-aşağı,51.4,0
36,2,sağ çapraz-sol çapraz,66.6,0
36,3,yukarı-aşağı,69.8,0
36,3,sağ çapraz-sol çapraz,65.7,1
36,3,saat yönü-tersi,54.3,1
36,4,sağ çapraz-sol çapraz,70.3,1
36,4,saat yönü-tersi,61.2,0
36,4,sağ-sol,89.9,1
36,4,sağ-sol,89.9,1
36,4,sağ-sol,45.6,0
36,5,ileri-geri,72.3,1
36,5,saat yönü-tersi,68.5,1
36,5,sağ-sol,83.6,1
36,5,sağ-sol,84.6,1
36,5,yukarı-aşağı,67.9,0
36,6,sağ-sol,100.0,1
36,6,yukarı-aşağı,79.7,1
36,6,yukarı-aşağı,75.2,1
36,6,ileri-geri,73.4,1
36,6,sağ-sol,82.3,1
37,1,saat yönü-tersi,41.9,0
37,1,sağ çapraz-sol çapraz,54.6,0
37,1,yukarı-aşağı,36.2,0
37,2,sağ-sol,62.3,0
37,2,sağ-sol,38.3,0
37,2,ileri-geri,50.8,0
37,2,ileri-geri,36.8,0
37,3,saat yönü-tersi,48.8,0
37,3,saat yönü-tersi,59.4,1
37,3,saat yönü-tersi,35.4,0
37,3,sağ-sol,51.0,0
37,4,yukarı-aşağı,42.2,0
37,4,ileri-geri,58.7,1
37,4,sağ çapraz-sol çapraz,55.3,0
37,5,yukarı-aşağı,46.8,0
37,5,ileri-geri,61.3,1
37,5,saat yönü-tersi,65.5,1
37,5,sağ-sol,43.8,0
37,5,sağ çapraz-sol çapraz,53.7,0
37,6,ileri-geri,36.3,0
37,6,ileri-geri,53.5,0
37,6,ileri-geri,56.1,0
38,1,yukarı-aşağı,50.2,1
38,1,sağ-sol,50.3,0
38,1,saat yönü-tersi,60.8,1
38,2,ileri-geri,66.0,0
38,2,yukarı-aşağı,69.1,0
38,2,sağ çapraz-sol çapraz,64.5,0
38,2,saat yönü-tersi,63.9,1
38,3,sağ çapraz-sol çapraz,81.2,1
38,3,saat yönü-tersi,72.1,1
38,3,yukarı-aşağı,73.0,1
38,3,sağ-sol,52.4,0
38,3,ileri-geri,72.5,1
38,4,yukarı-aşağı,67.7,1
38,4,saat yönü-tersi,85.3,1
38,4,sağ çapraz-sol çapraz,93.9,1
38,4,ileri-geri,74.3,1
38,4,sağ çapraz-sol çapraz,81.8,1
38,5,ileri-geri,87.7,1
38,5,sağ-sol,86.1,1
38,5,saat yönü-tersi,100.0,1
38,5,sağ-sol,90.5,1
38,6,saat yönü-tersi,79.8,1
38,6,sağ-sol,80.9,1
38,6,sağ-sol,100.0,1
38,6,ileri-geri,100.0,1
38,6,ileri-geri,74.3,1
39,1,saat yönü-tersi,74.5,1
39,1,sağ-sol,68.8,0
39,1,yukarı-aşağı,54.7,0
39,1,sağ çapraz-sol çapraz,46.1,0
39,2,sağ çapraz-sol çapraz,52.2,0
39,2,sağ çapraz-sol çapraz,58.4,0
39,2,ileri-geri,57.0,1
39,2,yukarı-aşağı,60.9,1
39,3,sağ-sol,74.4,1
39,3,sağ çapraz-sol çapraz,60.5,0
39,3,sağ çapraz-sol çapraz,52.6,0
39,3,ileri-geri,79.7,1
39,3,ileri-geri,53.5,1
39,4,yukarı-aşağı,63.4,1
39,4,sağ-sol,75.1,1
39,4,saat yönü-tersi,79.8,1
39,4,yukarı-aşağı,78.7,1
39,4,sağ çapraz-sol çapraz,76.0,1
39,5,yukarı-aşağı,80.1,1
39,5,ileri-geri,85.2,1
39,5,ileri-geri,89.7,1
39,5,sağ-sol,91.2,1
39,5,yukarı-aşağı,83.9,1
39,6,sağ-sol,65.9,0
39,6,sağ-sol,96.8,1
39,6,ileri-geri,83.3,1
39,6,saat yönü-tersi,89.4,1
39,6,sağ-sol,74.3,1
40,1,ileri-geri,39.0,0
40,1,yukarı-aşağı,33.9,0
40,1,yukarı-aşağı,32.3,0
40,1,sağ-sol,52.3,1
40,1,sağ çapraz-sol çapraz,37.1,0
40,2,saat yönü-tersi,52.3,0
40,2,saat yönü-tersi,58.7,1
40,2,sağ çapraz-sol çapraz,34.8,0
40,2,sağ-sol,41.5,0
40,2,sağ-sol,60.6,0
40,3,sağ çapraz-sol çapraz,63.0,1
40,3,yukarı-aşağı,55.0,0
40,3,ileri-geri,46.5,0
40,3,saat yönü-tersi,46.4,0
40,3,sağ-sol,58.1,0
40,4,sağ çapraz-sol çapraz,50.4,1
40,4,sağ-sol,45.5,0
40,4,saat yönü-tersi,71.5,1
40,5,ileri-geri,67.2,0
40,5,saat yönü-tersi,55.7,1
40,5,sağ-sol,72.6,1
40,5,sağ-sol,46.8,0
40,5,sağ çapraz-sol çapraz,58.6,0
40,6,sağ-sol,83.3,1
40,6,yukarı-aşağı,79.3,1
40,6,saat yönü-tersi,60.7,1
40,6,sağ çapraz-sol çapraz,64.1,1
40,6,yukarı-aşağı,66.5,1
41,1,ileri-geri,56.1,1
41,1,saat yönü-tersi,47.7,0
41,1,sağ-sol,55.5,1
41,2,sağ-sol,43.5,0
41,2,sağ-sol,68.5,1
41,2,yukarı-aşağı,67.1,0
41,2,ileri-geri,73.8,1
41,3,sağ çapraz-sol çapraz,68.2,0
41,3,ileri-geri,69.7,0
41,3,ileri-geri,47.5,0
41,4,sağ çapraz-sol çapraz,83.6,1
41,4,ileri-geri,56.8,1
41,4,sağ-sol,72.8,1
41,5,ileri-geri,73.5,1
41,5,sağ-sol,85.1,1
41,5,saat yönü-tersi,86.8,1
41,5,sağ çapraz-sol çapraz,77.6,1
41,6,yukarı-aşağı,79.8,1
41,6,saat yönü-tersi,95.1,1
41,6,sağ-sol,98.5,1
41,6,saat yönü-tersi,95.3,1
42,1,sağ-sol,48.5,0
42,1,yukarı-aşağı,50.0,0
42,1,yukarı-aşağı,28.2,0
42,2,ileri-geri,67.7,0
42,2,yukarı-aşağı,63.2,0
42,2,sağ-sol,68.0,1
42,2,sağ-sol,54.7,0
42,3,ileri-geri,58.8,1
42,3,sağ-sol,72.4,1
42,3,yukarı-aşağı,60.0,0
42,4,sağ çapraz-sol çapraz,60.2,1
42,4,yukarı-aşağı,70.1,1
42,4,yukarı-aşağı,61.3,0
42,4,saat yönü-tersi,66.6,1
42,4,saat yönü-tersi,70.7,1
42,5,saat yönü-tersi,73.3,1
42,5,sağ-sol,59.3,0
42,5,sağ çapraz-sol çapraz,77.7,1
42,5,yukarı-aşağı,65.9,1
42,6,ileri-geri,73.8,1
42,6,sağ çapraz-sol çapraz,90.0,1
42,6,saat yönü-tersi,53.6,0
43,1,ileri-geri,60.5,0
43,1,yukarı-aşağı,60.2,1
43,1,sağ çapraz-sol çapraz,71.1,1
43,1,ileri-geri,65.0,1
43,1,sağ-sol,61.6,0
43,2,ileri-geri,66.5,0
43,2,yukarı-aşağı,76.1,1
43,2,saat yönü-tersi,90.1,1
43,2,yukarı-aşağı,70.6,1
43,2,sağ-sol,76.1,1
43,3,saat yönü-tersi,82.4,1
43,3,yukarı-aşağı,78.8,1
43,3,yukarı-aşağı,71.6,1
43,3,ileri-geri,68.8,1
43,4,yukarı-aşağı,95.5,1
43,4,sağ çapraz-sol çapraz,100.0,1
43,4,yukarı-aşağı,62.4,0
43,4,yukarı-aşağı,96.7,1
43,5,yukarı-aşağı,84.7,1
43,5,saat yönü-tersi,100.0,1
43,5,yukarı-aşağı,93.8,1
43,5,yukarı-aşağı,92.0,1
43,6,saat yönü-tersi,100.0,1
43,6,sağ çapraz-sol çapraz,100.0,1
43,6,ileri-geri,100.0,1
43,6,ileri-geri,100.0,1
43,6,sağ çapraz-sol çapraz,87.8,1
44,1,yukarı-aşağı,63.6,0
44,1,sağ-sol,60.0,0
44,1,sağ-sol,52.3,1
44,2,sağ çapraz-sol çapraz,62.6,0
44,2,yukarı-aşağı,76.4,1
44,2,yukarı-aşağı,60.7,0
44,2,sağ çapraz-sol çapraz,70.6,1
44,2,sağ-sol,49.9,0
44,3,sağ-sol,67.0,0
44,3,sağ çapraz-sol çapraz,55.6,1
44,3,sağ çapraz-sol çapraz,65.8,1
44,3,ileri-geri,67.7,1
44,4,sağ-sol,62.0,1
44,4,sağ-sol,60.9,1
44,4,sağ çapraz-sol çapraz,58.3,1
44,5,sağ çapraz-sol çapraz,77.7,1
44,5,ileri-geri,52.8,1
44,5,ileri-geri,85.4,1
44,5,sağ-sol,69.4,0
44,6,yukarı-aşağı,75.4,1
44,6,sağ-sol,68.0,1
44,6,ileri-geri,72.6,1
44,6,ileri-geri,95.9,1
44,6,sağ-sol,60.4,1
45,1,saat yönü-tersi,42.7,0
45,1,ileri-geri,48.1,0
45,1,ileri-geri,54.7,1
45,1,ileri-geri,64.1,0
45,1,ileri-geri,46.2,0
45,2,sağ çapraz-sol çapraz,55.9,0
45,2,sağ çapraz-sol çapraz,58.6,1
45,2,yukarı-aşağı,63.6,0
45,2,ileri-geri,68.6,1
45,3,yukarı-aşağı,63.0,1
45,3,ileri-geri,71.3,1
45,3,sağ çapraz-sol çapraz,76.6,1
45,3,sağ çapraz-sol çapraz,38.3,0
45,4,saat yönü-tersi,96.3,1
45,4,saat yönü-tersi,78.2,1
45,4,sağ çapraz-sol çapraz,65.6,0
45,5,sağ çapraz-sol çapraz,87.7,1
45,5,sağ-sol,62.2,0
45,5,sağ-sol,70.0,1
45,5,ileri-geri,80.0,1
45,6,sağ çapraz-sol çapraz,86.8,1
45,6,sağ çapraz-sol çapraz,80.9,1
45,6,saat yönü-tersi,69.0,0
46,1,sağ çapraz-sol çapraz,50.9,0
46,1,ileri-geri,59.4,0
46,1,ileri-geri,53.0,0
46,2,sağ-sol,57.0,1
46,2,ileri-geri,68.2,0
46,2,sağ çapraz-sol çapraz,49.5,0
46,3,sağ çapraz-sol çapraz,72.0,1
46,3,sağ çapraz-sol çapraz,81.7,1
46,3,sağ çapraz-sol çapraz,64.4,0
46,3,saat yönü-tersi,72.3,1
46,3,yukarı-aşağı,69.1,1
46,4,sağ çapraz-sol çapraz,94.2,1
46,4,saat yönü-tersi,82.4,1
46,4,saat yönü-tersi,76.5,1
46,5,saat yönü-tersi,69.9,0
46,5,sağ-sol,80.5,1
46,5,sağ çapraz-sol çapraz,86.2,1
46,6,ileri-geri,100.0,1
46,6,sağ-sol,93.1,1
46,6,yukarı-aşağı,93.4,1
47,1,saat yönü-tersi,56.3,1
47,1,saat yönü-tersi,82.5,1
47,1,sağ-sol,59.5,1
47,2,sağ çapraz-sol çapraz,66.3,0
47,2,ileri-geri,68.8,1
47,2,sağ çapraz-sol çapraz,75.6,1
47,2,sağ-sol,65.2,0
47,3,sağ çapraz-sol çapraz,76.2,1
47,3,yukarı-aşağı,74.2,1
47,3,saat yönü-tersi,83.6,1
47,3,sağ-sol,71.2,1
47,3,saat yönü-tersi,74.4,1
47,4,yukarı-aşağı,83.3,1
47,4,yukarı-aşağı,91.0,1
47,4,ileri-geri,81.6,1
47,4,sağ çapraz-sol çapraz,77.8,1
47,4,ileri-geri,83.4,1
47,5,sağ çapraz-sol çapraz,90.0,1
47,5,ileri-geri,99.5,1
47,5,saat yönü-tersi,90.2,1
47,6,sağ-sol,92.8,1
47,6,sağ-sol,100.0,1
47,6,sağ-sol,100.0,1
47,6,yukarı-aşağı,100.0,1
48,1,yukarı-aşağı,28.9,0
48,1,sağ-sol,47.5,0
48,1,sağ-sol,22.5,0
48,2,yukarı-aşağı,22.7,0
48,2,sağ çapraz-sol çapraz,32.3,0
48,2,sağ-sol,56.4,0
48,2,sağ-sol,41.5,0
48,3,ileri-geri,53.9,1
48,3,sağ çapraz-sol çapraz,72.4,1
48,3,yukarı-aşağı,43.8,0
48,4,ileri-geri,36.9,0
48,4,sağ çapraz-sol çapraz,53.9,1
48,4,sağ-sol,54.8,1
48,5,sağ-sol,55.8,0
48,5,sağ çapraz-sol çapraz,70.8,1
48,5,ileri-geri,47.2,0
48,5,sağ-sol,55.7,0
48,6,sağ çapraz-sol çapraz,65.7,0
48,6,sağ-sol,62.6,1
48,6,sağ-sol,72.7,1
48,6,sağ-sol,74.0,1
48,6,sağ çapraz-sol çapraz,65.5,0
49,1,sağ-sol,74.3,1
49,1,sağ-sol,56.8,1
49,1,sağ çapraz-sol çapraz,70.9,1
49,1,sağ çapraz-sol çapraz,55.0,1
49,2,sağ çapraz-sol çapraz,69.4,1
49,2,saat yönü-tersi,61.5,1
49,2,saat yönü-tersi,83.0,1
49,3,yukarı-aşağı,78.4,1
49,3,sağ çapraz-sol çapraz,85.4,1
49,3,saat yönü-tersi,62.3,1
49,3,yukarı-aşağı,63.2,0
49,4,ileri-geri,100.0,1
49,4,yukarı-aşağı,92.4,1
49,4,yukarı-aşağı,79.4,1
49,4,sağ çapraz-sol çapraz,78.8,1
49,4,sağ-sol,67.5,1
49,5,ileri-geri,86.2,1
49,5,ileri-geri,96.7,1
49,5,yukarı-aşağı,82.8,1
49,5,yukarı-aşağı,95.4,1
49,6,sağ çapraz-sol çapraz,100.0,1
49,6,sağ-sol,88.4,1
49,6,saat yönü-tersi,96.5,1
49,6,ileri-geri,100.0,1
50,1,sağ çapraz-sol çapraz,76.0,1
50,1,sağ çapraz-sol çapraz,55.9,1
50,1,yukarı-aşağı,53.5,1
50,1,yukarı-aşağı,62.5,1
50,2,yukarı-aşağı,69.7,0
50,2,ileri-geri,84.9,1
50,2,ileri-geri,71.8,1
50,3,ileri-geri,66.7,0
50,3,yukarı-aşağı,92.7,1
50,3,yukarı-aşağı,85.2,1
50,4,sağ çapraz-sol çapraz,85.3,1
50,4,yukarı-aşağı,88.6,1
50,4,sağ çapraz-sol çapraz,76.6,1
50,4,ileri-geri,76.6,1
50,5,sağ-sol,82.2,1
50,5,yukarı-aşağı,100.0,1
50,5,sağ-sol,96.2,1
50,6,saat yönü-tersi,100.0,1
50,6,ileri-geri,95.9,1
50,6,sağ-sol,95.0,1
51,1,saat yönü-tersi,27.9,0
51,1,yukarı-aşağı,26.8,0
51,1,sağ-sol,29.1,0
51,1,ileri-geri,37.5,0
51,2,yukarı-aşağı,37.1,0
51,2,yukarı-aşağı,53.2,1
51,2,saat yönü-tersi,43.1,0
51,2,saat yönü-tersi,28.1,0
51,2,sağ çapraz-sol çapraz,34.1,0
51,3,sağ çapraz-sol çapraz,46.8,0
51,3,saat yönü-tersi,37.0,0
51,3,yukarı-aşağı,50.4,1
51,4,sağ çapraz-sol çapraz,41.4,0
51,4,yukarı-aşağı,40.4,0
51,4,sağ-sol,53.9,1
51,4,sağ çapraz-sol çapraz,57.3,0
51,5,yukarı-aşağı,25.8,0
51,5,saat yönü-tersi,46.1,0
51,5,sağ-sol,66.7,1
51,5,sağ çapraz-sol çapraz,35.4,0
51,6,sağ çapraz-sol çapraz,51.7,0
51,6,ileri-geri,48.1,0
51,6,sağ-sol,52.9,1
52,1,sağ-sol,64.0,1
52,1,sağ-sol,65.6,1
52,1,ileri-geri,56.6,0
52,1,ileri-geri,68.7,0
52,2,yukarı-aşağı,87.3,1
52,2,saat yönü-tersi,73.8,1
52,2,ileri-geri,73.0,1
52,2,ileri-geri,66.1,1
52,3,saat yönü-tersi,81.9,1
52,3,sağ-sol,91.5,1
52,3,sağ çapraz-sol çapraz,66.1,0
52,3,yukarı-aşağı,67.6,0
52,3,ileri-geri,79.4,1
52,4,sağ çapraz-sol çapraz,99.5,1
52,4,yukarı-aşağı,77.7,1
52,4,yukarı-aşağı,72.7,1
52,5,ileri-geri,94.4,1
52,5,sağ-sol,86.6,1
52,5,sağ-sol,74.8,1
52,6,saat yönü-tersi,100.0,1
52,6,sağ çapraz-sol çapraz,100.0,1
52,6,sağ-sol,100.0,1
52,6,saat yönü-tersi,84.6,1
52,6,ileri-geri,90.8,1
53,1,yukarı-aşağı,44.9,0
53,1,yukarı-aşağı,37.8,0
53,1,sağ-sol,44.7,0
53,2,ileri-geri,60.3,0
53,2,sağ çapraz-sol çapraz,41.1,0
53,2,sağ çapraz-sol çapraz,55.7,1
53,3,sağ çapraz-sol çapraz,64.2,0
53,3,saat yönü-tersi,49.2,0
53,3,sağ çapraz-sol çapraz,57.1,1
53,3,saat yönü-tersi,55.5,1
53,4,sağ-sol,44.5,0
53,4,saat yönü-tersi,64.3,0
53,4,sağ-sol,61.3,1
53,5,sağ çapraz-sol çapraz,64.5,1
53,5,sağ-sol,64.4,1
53,5,sağ-sol,62.5,1
53,6,sağ çapraz-sol çapraz,79.4,1
53,6,ileri-geri,60.7,0
53,6,saat yönü-tersi,76.3,1
54,1,sağ çapraz-sol çapraz,88.2,1
54,1,sağ-sol,63.0,0
54,1,sağ çapraz-sol çapraz,50.7,0
54,1,yukarı-aşağı,64.7,1
54,2,yukarı-aşağı,60.7,0
54,2,sağ-sol,57.5,1
54,2,saat yönü-tersi,65.3,0
54,2,saat yönü-tersi,67.6,1
54,2,saat yönü-tersi,59.9,1
54,3,saat yönü-tersi,64.4,1
54,3,sağ çapraz-sol çapraz,64.2,0
54,3,sağ-sol,79.8,1
54,3,sağ çapraz-sol çapraz,69.2,1
54,3,saat yönü-tersi,67.4,0
54,4,ileri-geri,86.0,1
54,4,ileri-geri,65.0,1
54,4,saat yönü-tersi,84.0,1
54,4,saat yönü-tersi,69.1,0
54,5,ileri-geri,82.1,1
54,5,sağ-sol,90.1,1
54,5,sağ-sol,83.7,1
54,5,sağ çapraz-sol çapraz,89.5,1
54,6,sağ-sol,94.7,1
54,6,sağ-sol,100.0,1
54,6,sağ-sol,91.6,1
54,6,saat yönü-tersi,89.7,1
55,1,sağ-sol,53.0,1
55,1,ileri-geri,31.1,0
55,1,saat yönü-tersi,47.1,0
55,1,sağ çapraz-sol çapraz,34.4,0
55,1,yukarı-aşağı,56.5,0
55,2,sağ-sol,32.8,0
55,2,sağ çapraz-sol çapraz,20.0,0
55,2,ileri-geri,35.5,0
55,3,saat yönü-tersi,49.3,0
55,3,sağ çapraz-sol çapraz,35.5,0
55,3,yukarı-aşağı,62.8,0
55,4,yukarı-aşağı,79.7,1
55,4,ileri-geri,67.7,1
55,4,sağ-sol,55.2,0
55,5,saat yönü-tersi,56.4,1
55,5,saat yönü-tersi,66.2,1
55,5,sağ-sol,62.8,0
55,6,saat yönü-tersi,71.3,1
55,6,yukarı-aşağı,78.4,1
55,6,sağ çapraz-sol çapraz,72.5,1
55,6,ileri-geri,72.2,1
56,1,ileri-geri,33.8,0
56,1,yukarı-aşağı,35.6,0
56,1,saat yönü-tersi,20.0,0
56,1,ileri-geri,45.1,0
56,1,ileri-geri,20.0,0
56,2,ileri-geri,39.8,0
56,2,ileri-geri,43.2,0
56,2,saat yönü-tersi,44.9,0
56,3,yukarı-aşağı,34.7,0
56,3,saat yönü-tersi,57.8,1
56,3,sağ-sol,24.4,0
56,3,saat yönü-tersi,54.8,1
56,3,saat yönü-tersi,44.9,0
56,4,ileri-geri,46.3,0
56,4,sağ-sol,40.7,0
56,4,yukarı-aşağı,60.9,0
56,5,yukarı-aşağı,40.1,0
56,5,sağ çapraz-sol çapraz,54.1,0
56,5,ileri-geri,49.6,0
56,6,saat yönü-tersi,51.7,0
56,6,saat yönü-tersi,63.4,1
56,6,sağ çapraz-sol çapraz,39.1,0
56,6,sağ çapraz-sol çapraz,66.0,1
56,6,saat yönü-tersi,64.4,0
57,1,ileri-geri,50.4,0
57,1,saat yönü-tersi,56.8,1
57,1,sağ-sol,62.8,0
57,2,saat yönü-tersi,78.0,1
57,2,ileri-geri,89.7,1
57,2,yukarı-aşağı,78.8,1
57,2,ileri-geri,63.9,1
57,3,yukarı-aşağı,88.4,1
57,3,saat yönü-tersi,76.7,1
57,3,yukarı-aşağı,76.5,1
57,3,ileri-geri,71.0,1
57,3,sağ-sol,90.6,1
57,4,sağ çapraz-sol çapraz,86.4,1
57,4,sağ-sol,76.3,1
57,4,yukarı-aşağı,100.0,1
57,4,sağ çapraz-sol çapraz,81.2,1
57,5,ileri-geri,96.0,1
57,5,ileri-geri,100.0,1
57,5,sağ-sol,99.2,1
57,5,sağ çapraz-sol çapraz,100.0,1
57,6,ileri-geri,100.0,1
57,6,ileri-geri,94.3,1
57,6,sağ-sol,84.3,1
57,6,yukarı-aşağı,97.6,1
58,1,saat yönü-tersi,57.8,0
58,1,ileri-geri,36.6,0
58,1,ileri-geri,39.5,0
58,2,yukarı-aşağı,62.4,1
58,2,ileri-geri,62.3,1
58,2,yukarı-aşağı,34.8,0
58,2,sağ-sol,59.0,0
58,2,ileri-geri,43.1,0
58,3,ileri-geri,64.8,1
58,3,saat yönü-tersi,77.8,1
58,3,ileri-geri,58.0,1
58,3,sağ-sol,53.3,0
58,3,sağ çapraz-sol çapraz,81.7,1
58,4,saat yönü-tersi,65.3,1
58,4,saat yönü-tersi,67.9,0
58,4,saat yönü-tersi,72.2,1
58,4,sağ-sol,70.3,1
58,4,sağ çapraz-sol çapraz,42.7,0
58,5,ileri-geri,79.6,1
58,5,saat yönü-tersi,63.5,1
58,5,yukarı-aşağı,56.8,1
58,5,ileri-geri,86.1,1
58,5,yukarı-aşağı,93.8,1
58,6,yukarı-aşağı,83.7,1
58,6,ileri-geri,74.5,1
58,6,saat yönü-tersi,77.2,1
58,6,ileri-geri,68.7,0
59,1,sağ çapraz-sol çapraz,46.2,0
59,1,saat yönü-tersi,50.2,0
59,1,ileri-geri,43.0,0
59,1,sağ çapraz-sol çapraz,34.7,0
59,2,sağ çapraz-sol çapraz,46.2,0
59,2,saat yönü-tersi,29.4,0
59,2,saat yönü-tersi,27.6,0
59,2,sağ çapraz-sol çapraz,39.2,0
59,3,ileri-geri,62.7,0
59,3,sağ-sol,62.7,0
59,3,sağ-sol,71.0,1
59,3,yukarı-aşağı,38.5,0
59,3,yukarı-aşağı,54.6,1
59,4,sağ çapraz-sol çapraz,53.8,1
59,4,yukarı-aşağı,52.1,0
59,4,sağ-sol,56.0,0
59,4,saat yönü-tersi,62.2,1
59,5,sağ çapraz-sol çapraz,63.0,1
59,5,sağ çapraz-sol çapraz,67.5,0
59,5,saat yönü-tersi,40.8,0
59,5,sağ çapraz-sol çapraz,55.5,0
59,6,saat yönü-tersi,71.7,1
59,6,ileri-geri,55.4,0
59,6,ileri-geri,62.2,1
60,1,saat yönü-tersi,43.0,0
60,1,sağ çapraz-sol çapraz,54.4,1
60,1,sağ-sol,46.9,0
60,2,yukarı-aşağı,54.1,0
60,2,yukarı-aşağı,37.1,0
60,2,ileri-geri,35.7,0
60,3,yukarı-aşağı,47.7,0
60,3,sağ çapraz-sol çapraz,61.2,0
60,3,sağ-sol,40.9,0
60,4,yukarı-aşağı,60.1,0
60,4,saat yönü-tersi,54.9,0
60,4,ileri-geri,62.6,1
60,5,saat yönü-tersi,52.1,0
60,5,sağ çapraz-sol çapraz,59.6,1
60,5,saat yönü-tersi,49.8,0
60,5,sağ çapraz-sol çapraz,64.1,1
60,6,sağ-sol,80.4,1
60,6,ileri-geri,61.8,0
60,6,ileri-geri,84.8,1
61,1,sağ-sol,27.4,0
61,1,saat yönü-tersi,51.4,0
61,1,sağ-sol,40.3,0
61,1,ileri-geri,35.4,0
61,1,sağ çapraz-sol çapraz,35.3,0
61,2,saat yönü-tersi,46.7,0
61,2,ileri-geri,29.3,0
61,2,saat yönü-tersi,42.7,0
61,3,sağ-sol,50.4,1
61,3,yukarı-aşağı,21.5,0
61,3,yukarı-aşağı,37.9,0
61,4,sağ-sol,57.5,1
61,4,yukarı-aşağı,47.1,0
61,4,sağ-sol,48.9,0
61,5,sağ-sol,38.9,0
61,5,saat yönü-tersi,67.5,0
61,5,ileri-geri,39.2,0
61,6,yukarı-aşağı,72.7,1
61,6,saat yönü-tersi,54.7,0
61,6,saat yönü-tersi,50.2,1
61,6,sağ çapraz-sol çapraz,75.7,1
61,6,ileri-geri,59.5,0
62,1,yukarı-aşağı,49.8,0
62,1,sağ çapraz-sol çapraz,68.5,0
62,1,ileri-geri,48.0,0
62,1,sağ çapraz-sol çapraz,80.4,1
62,2,ileri-geri,42.3,0
62,2,sağ çapraz-sol çapraz,56.9,1
62,2,sağ-sol,69.0,0
62,2,yukarı-aşağı,55.5,1
62,3,ileri-geri,65.7,1
62,3,saat yönü-tersi,57.6,1
62,3,sağ çapraz-sol çapraz,67.1,0
62,4,ileri-geri,77.8,1
62,4,sağ-sol,66.7,1
62,4,yukarı-aşağı,65.4,0
62,4,yukarı-aşağı,71.6,1
62,5,saat yönü-tersi,74.4,1
62,5,sağ-sol,83.9,1
62,5,yukarı-aşağı,57.4,0
62,6,yukarı-aşağı,83.5,1
62,6,saat yönü-tersi,77.8,1
62,6,sağ-sol,92.2,1
62,6,sağ çapraz-sol çapraz,83.5,1
62,6,saat yönü-tersi,91.8,1
63,1,sağ-sol,41.7,0
63,1,sağ çapraz-sol çapraz,50.5,0
63,1,ileri-geri,44.1,0
63,1,yukarı-aşağı,46.7,0
63,2,saat yönü-tersi,55.5,1
63,2,sağ-sol,60.5,1
63,2,ileri-geri,61.5,0
63,2,sağ çapraz-sol çapraz,40.8,0
63,2,sağ çapraz-sol çapraz,64.4,1
63,3,yukarı-aşağı,71.9,1
63,3,saat yönü-tersi,51.2,1
63,3,sağ-sol,62.9,0
63,4,sağ çapraz-sol çapraz,77.1,1
63,4,sağ çapraz-sol çapraz,67.4,0
63,4,sağ-sol,67.6,0
63,4,yukarı-aşağı,59.3,0
63,4,sağ çapraz-sol çapraz,61.0,0
63,5,saat yönü-tersi,51.8,0
63,5,sağ çapraz-sol çapraz,51.6,0
63,5,yukarı-aşağı,52.7,1
63,5,saat yönü-tersi,67.1,1
63,6,ileri-geri,64.1,0
63,6,ileri-geri,54.5,1
63,6,ileri-geri,63.0,1
64,1,ileri-geri,27.1,0
64,1,saat yönü-tersi,52.6,0
64,1,yukarı-aşağı,49.6,0
64,2,ileri-geri,63.0,0
64,2,saat yönü-tersi,38.4,0
64,2,sağ-sol,44.5,0
64,2,ileri-geri,55.0,1
64,2,sağ çapraz-sol çapraz,36.0,0
64,3,saat yönü-tersi,38.4,0
64,3,saat yönü-tersi,62.2,0
64,3,yukarı-aşağı,41.3,0
64,4,sağ-sol,60.9,1
64,4,sağ-sol,68.0,0
64,4,sağ-sol,42.5,0
64,4,ileri-geri,62.2,0
64,4,yukarı-aşağı,53.7,0
64,5,ileri-geri,59.2,0
64,5,sağ-sol,43.2,0
64,5,sağ çapraz-sol çapraz,68.0,0
64,6,sağ-sol,64.9,1
64,6,sağ-sol,88.0,1
64,6,yukarı-aşağı,69.8,0
65,1,yukarı-aşağı,66.3,0
65,1,ileri-geri,62.7,0
65,1,yukarı-aşağı,60.6,0
65,1,yukarı-aşağı,57.1,1
65,2,sağ-sol,68.4,1
65,2,saat yönü-tersi,70.8,1
65,2,yukarı-aşağı,68.6,1
65,3,sağ çapraz-sol çapraz,100.0,1
65,3,sağ çapraz-sol çapraz,59.6,1
65,3,saat yönü-tersi,100.0,1
65,4,saat yönü-tersi,88.7,1
65,4,sağ çapraz-sol çapraz,80.9,1
65,4,sağ-sol,80.7,1
65,4,sağ-sol,91.7,1
65,4,saat yönü-tersi,86.0,1
65,5,ileri-geri,81.2,1
65,5,sağ-sol,100.0,1
65,5,ileri-geri,80.6,1
65,5,saat yönü-tersi,71.0,1
65,6,ileri-geri,100.0,1
65,6,ileri-geri,100.0,1
65,6,sağ-sol,92.2,1
65,6,sağ-sol,81.1,1
66,1,saat yönü-tersi,27.4,0
66,1,sağ-sol,31.4,0
66,1,ileri-geri,45.2,0
66,1,ileri-geri,24.2,0
66,1,yukarı-aşağı,30.0,0
66,2,yukarı-aşağı,48.8,0
66,2,sağ-sol,47.9,0
66,2,yukarı-aşağı,36.2,0
66,3,ileri-geri,52.0,1
66,3,sağ-sol,33.0,0
66,3,sağ çapraz-sol çapraz,20.0,0
66,4,sağ-sol,33.9,0
66,4,ileri-geri,38.7,0
66,4,sağ-sol,45.1,0
66,5,sağ-sol,52.8,0
66,5,sağ çapraz-sol çapraz,35.8,0
66,5,sağ çapraz-sol çapraz,45.1,0
66,6,saat yönü-tersi,56.7,0
66,6,sağ-sol,54.8,0
66,6,ileri-geri,60.8,1
66,6,sağ çapraz-sol çapraz,48.5,0
67,1,sağ-sol,67.6,0
67,1,sağ çapraz-sol çapraz,58.3,1
67,1,saat yönü-tersi,29.6,0
67,1,sağ çapraz-sol çapraz,53.3,0
67,2,sağ-sol,60.9,1
67,2,sağ çapraz-sol çapraz,41.2,0
67,2,ileri-geri,41.0,0
67,3,sağ-sol,50.2,0
67,3,sağ-sol,48.0,0
67,3,saat yönü-tersi,50.1,1
67,3,sağ-sol,53.9,1
67,3,sağ-sol,47.9,0
67,4,sağ çapraz-sol çapraz,61.9,1
67,4,ileri-geri,62.7,0
67,4,sağ çapraz-sol çapraz,65.5,0
67,4,yukarı-aşağı,70.1,1
67,5,sağ çapraz-sol çapraz,62.7,1
67,5,sağ çapraz-sol çapraz,55.9,0
67,5,ileri-geri,49.1,0
67,5,sağ-sol,54.2,0
67,5,yukarı-aşağı,71.5,1
67,6,sağ-sol,62.2,0
67,6,saat yönü-tersi,67.0,0
67,6,sağ çapraz-sol çapraz,81.3,1
67,6,sağ çapraz-sol çapraz,47.2,0
68,1,sağ çapraz-sol çapraz,28.2,0
68,1,saat yönü-tersi,47.4,0
68,1,ileri-geri,59.8,1
68,2,sağ-sol,56.0,0
68,2,sağ-sol,68.8,0
68,2,yukarı-aşağı,62.8,1
68,3,sağ-sol,49.6,0
68,3,yukarı-aşağı,78.1,1
68,3,sağ çapraz-sol çapraz,61.9,1
68,3,saat yönü-tersi,78.4,1
68,3,sağ çapraz-sol çapraz,63.4,1
68,4,ileri-geri,82.3,1
68,4,ileri-geri,58.4,0
68,4,sağ-sol,64.4,0
68,4,sağ çapraz-sol çapraz,81.7,1
68,4,yukarı-aşağı,62.2,1
68,5,ileri-geri,85.4,1
68,5,yukarı-aşağı,74.5,1
68,5,ileri-geri,77.9,1
68,5,ileri-geri,80.2,1
68,5,ileri-geri,72.5,1
68,6,saat yönü-tersi,77.3,1
68,6,saat yönü-tersi,77.1,1
68,6,sağ-sol,72.5,1
68,6,ileri-geri,93.3,1
69,1,ileri-geri,37.6,0
69,1,sağ çapraz-sol çapraz,38.9,0
69,1,yukarı-aşağı,71.0,1
69,1,yukarı-aşağı,58.6,0
69,2,saat yönü-tersi,51.9,0
69,2,ileri-geri,51.6,0
69,2,ileri-geri,48.9,0
69,2,yukarı-aşağı,68.7,1
69,3,sağ-sol,56.4,1
69,3,ileri-geri,49.5,0
69,3,saat yönü-tersi,79.0,1
69,3,saat yönü-tersi,69.4,0
69,4,yukarı-aşağı,59.6,1
69,4,yukarı-aşağı,68.2,0
69,4,sağ-sol,67.6,0
69,4,yukarı-aşağı,74.1,1
69,5,ileri-geri,47.6,0
69,5,yukarı-aşağı,64.5,0
69,5,saat yönü-tersi,85.6,1
69,5,ileri-geri,42.9,0
69,5,sağ çapraz-sol çapraz,52.9,1
69,6,sağ-sol,55.2,1
69,6,sağ çapraz-sol çapraz,80.7,1
69,6,sağ-sol,75.0,1
70,1,sağ çapraz-sol çapraz,22.4,0
70,1,yukarı-aşağı,35.6,0
70,1,ileri-geri,52.2,0
70,1,sağ çapraz-sol çapraz,33.2,0
70,1,saat yönü-tersi,34.3,0
70,2,saat yönü-tersi,37.4,0
70,2,saat yönü-tersi,26.4,0
70,2,sağ çapraz-sol çapraz,40.3,0
70,3,sağ çapraz-sol çapraz,38.0,0
70,3,sağ çapraz-sol çapraz,61.4,1
70,3,sağ çapraz-sol çapraz,40.3,0
70,3,sağ çapraz-sol çapraz,38.2,0
70,4,yukarı-aşağı,53.7,0
70,4,saat yönü-tersi,49.2,0
70,4,sağ çapraz-sol çapraz,31.2,0
70,4,saat yönü-tersi,48.5,0
70,5,sağ-sol,48.7,0
70,5,ileri-geri,38.5,0
70,5,ileri-geri,62.7,0
70,6,ileri-geri,44.0,0
70,6,saat yönü-tersi,67.7,1
70,6,sağ çapraz-sol çapraz,53.0,1
70,6,sağ-sol,66.8,1
71,1,sağ çapraz-sol çapraz,45.9,0
71,1,saat yönü-tersi,69.3,1
71,1,sağ-sol,69.8,1
71,1,yukarı-aşağı,42.1,0
71,1,sağ-sol,90.1,1
71,2,yukarı-aşağı,74.7,1
71,2,ileri-geri,56.0,1
71,2,saat yönü-tersi,71.0,1
71,2,ileri-geri,50.6,1
71,3,saat yönü-tersi,69.4,1
71,3,yukarı-aşağı,65.8,1
71,3,ileri-geri,80.3,1
71,4,sağ-sol,77.1,1
71,4,ileri-geri,100.0,1
71,4,sağ-sol,97.0,1
71,5,saat yönü-tersi,95.6,1
71,5,sağ çapraz-sol çapraz,81.6,1
71,5,sağ-sol,88.9,1
71,5,saat yönü-tersi,91.9,1
71,6,ileri-geri,88.8,1
71,6,saat yönü-tersi,100.0,1
71,6,yukarı-aşağı,80.0,1
71,6,yukarı-aşağı,100.0,1
72,1,ileri-geri,45.1,0
72,1,saat yönü-tersi,33.4,0
72,1,ileri-geri,35.3,0
72,1,sağ-sol,46.1,0
72,2,sağ-sol,49.4,0
72,2,yukarı-aşağı,40.3,0
72,2,saat yönü-tersi,52.6,1
72,3,ileri-geri,50.7,1
72,3,saat yönü-tersi,51.2,1
72,3,sağ-sol,37.5,0
72,4,saat yönü-tersi,63.0,0
72,4,saat yönü-tersi,44.0,0
72,4,ileri-geri,51.9,1
72,4,saat yönü-tersi,45.6,0
72,5,sağ-sol,50.1,0
72,5,sağ-sol,58.5,0
72,5,ileri-geri,51.5,1
72,6,ileri-geri,64.9,1
72,6,sağ çapraz-sol çapraz,74.2,1
72,6,sağ-sol,67.7,0
72,6,ileri-geri,42.1,0
73,1,yukarı-aşağı,57.5,1
73,1,sağ-sol,65.2,1
73,1,sağ çapraz-sol çapraz,33.1,0
73,2,sağ çapraz-sol çapraz,61.5,1
73,2,saat yönü-tersi,68.8,1
73,2,saat yönü-tersi,59.1,1
73,2,yukarı-aşağı,52.8,1
73,2,sağ-sol,64.9,1
73,3,ileri-geri,69.6,0
73,3,saat yönü-tersi,82.8,1
73,3,sağ-sol,54.9,0
73,4,saat yönü-tersi,77.3,1
73,4,yukarı-aşağı,80.5,1
73,4,yukarı-aşağı,77.5,1
73,5,yukarı-aşağı,90.0,1
73,5,sağ-sol,70.7,1
73,5,sağ çapraz-sol çapraz,86.8,1
73,5,sağ çapraz-sol çapraz,88.4,1
73,6,sağ çapraz-sol çapraz,86.7,1
73,6,sağ çapraz-sol çapraz,100.0,1
73,6,sağ çapraz-sol çapraz,81.9,1
73,6,yukarı-aşağı,96.7,1
73,6,ileri-geri,80.2,1
74,1,sağ-sol,36.5,0
74,1,saat yönü-tersi,43.5,0
74,1,saat yönü-tersi,36.6,0
74,1,saat yönü-tersi,33.2,0
74,1,saat yönü-tersi,47.2,0
74,2,sağ-sol,51.1,1
74,2,yukarı-aşağı,60.3,0
74,2,ileri-geri,70.2,1
74,3,yukarı-aşağı,43.6,0
74,3,sağ-sol,60.8,0
74,3,saat yönü-tersi,34.0,0
74,3,sağ-sol,58.1,0
74,4,yukarı-aşağı,52.3,0
74,4,yukarı-aşağı,69.7,1
74,4,sağ çapraz-sol çapraz,49.2,0
74,5,sağ-sol,61.5,1
74,5,saat yönü-tersi,67.7,1
74,5,saat yönü-tersi,79.4,1
74,5,yukarı-aşağı,87.7,1
74,6,saat yönü-tersi,58.4,1
74,6,ileri-geri,86.7,1
74,6,sağ çapraz-sol çapraz,76.3,1
74,6,yukarı-aşağı,77.5,1
74,6,sağ çapraz-sol çapraz,68.1,0
75,1,sağ çapraz-sol çapraz,44.2,0
75,1,ileri-geri,43.0,0
75,1,saat yönü-tersi,36.1,0
75,1,sağ-sol,30.9,0
75,2,yukarı-aşağı,44.0,0
75,2,yukarı-aşağı,44.7,0
75,2,ileri-geri,27.6,0
75,2,ileri-geri,40.0,0
75,3,saat yönü-tersi,38.7,0
75,3,saat yönü-tersi,35.8,0
75,3,sağ-sol,32.5,0
75,3,yukarı-aşağı,32.0,0
75,3,yukarı-aşağı,30.9,0
75,4,sağ-sol,53.4,1
75,4,yukarı-aşağı,61.7,0
75,4,sağ-sol,48.5,0
75,5,saat yönü-tersi,43.0,0
75,5,yukarı-aşağı,55.9,0
75,5,ileri-geri,59.0,1
75,5,ileri-geri,51.6,0
75,6,sağ-sol,37.5,0
75,6,yukarı-aşağı,37.9,0
75,6,sağ çapraz-sol çapraz,51.7,1
76,1,sağ-sol,65.1,0
76,1,ileri-geri,66.3,0
76,1,sağ-sol,45.8,0
76,1,yukarı-aşağı,62.8,1
76,1,ileri-geri,53.8,0
76,2,sağ-sol,32.0,0
76,2,saat yönü-tersi,67.8,1
76,2,ileri-geri,56.3,1
76,3,saat yönü-tersi,88.9,1
76,3,ileri-geri,68.4,1
76,3,sağ çapraz-sol çapraz,54.8,1
76,3,sağ çapraz-sol çapraz,70.6,1
76,3,ileri-geri,68.2,1
76,4,saat yönü-tersi,87.6,1
76,4,saat yönü-tersi,68.6,0
76,4,saat yönü-tersi,73.8,1
76,4,sağ çapraz-sol çapraz,84.0,1
76,5,yukarı-aşağı,78.1,1
76,5,yukarı-aşağı,73.3,1
76,5,ileri-geri,84.8,1
76,5,yukarı-aşağı,79.6,1
76,6,sağ çapraz-sol çapraz,83.7,1
76,6,sağ çapraz-sol çapraz,84.3,1
76,6,sağ-sol,88.7,1
77,1,yukarı-aşağı,63.1,1
77,1,ileri-geri,62.0,1
77,1,ileri-geri,64.4,0
77,2,sağ çapraz-sol çapraz,78.5,1
77,2,ileri-geri,61.5,0
77,2,yukarı-aşağı,79.8,1
77,2,sağ çapraz-sol çapraz,82.5,1
77,3,ileri-geri,91.1,1
77,3,sağ-sol,100.0,1
77,3,saat yönü-tersi,79.6,1
77,3,saat yönü-tersi,70.6,1
77,4,saat yönü-tersi,80.7,1
77,4,saat yönü-tersi,96.6,1
77,4,sağ-sol,78.5,1
77,4,saat yönü-tersi,86.8,1
77,4,ileri-geri,84.1,1
77,5,sağ-sol,97.7,1
77,5,yukarı-aşağı,88.0,1
77,5,saat yönü-tersi,86.2,1
77,5,saat yönü-tersi,100.0,1
77,5,ileri-geri,100.0,1
77,6,yukarı-aşağı,100.0,1
77,6,yukarı-aşağı,100.0,1
77,6,yukarı-aşağı,100.0,1
77,6,sağ çapraz-sol çapraz,100.0,1
77,6,ileri-geri,95.3,1
78,1,sağ çapraz-sol çapraz,61.1,0
78,1,yukarı-aşağı,56.1,0
78,1,yukarı-aşağı,48.4,0
78,1,sağ çapraz-sol çapraz,56.4,0
78,2,sağ çapraz-sol çapraz,42.8,0
78,2,yukarı-aşağı,45.0,0
78,2,yukarı-aşağı,46.9,0
78,3,sağ çapraz-sol çapraz,69.9,1
78,3,yukarı-aşağı,49.5,0
78,3,sağ çapraz-sol çapraz,46.4,0
78,3,sağ çapraz-sol çapraz,30.9,0
78,4,sağ çapraz-sol çapraz,63.8,0
78,4,sağ çapraz-sol çapraz,63.1,0
78,4,sağ çapraz-sol çapraz,54.2,1
78,4,ileri-geri,74.6,1
78,4,sağ çapraz-sol çapraz,58.4,0
78,5,sağ çapraz-sol çapraz,45.2,0
78,5,saat yönü-tersi,53.0,0
78,5,sağ çapraz-sol çapraz,66.7,0
78,5,ileri-geri,58.1,0
78,6,sağ çapraz-sol çapraz,56.6,1
78,6,saat yönü-tersi,89.3,1
78,6,saat yönü-tersi,66.3,1
78,6,sağ-sol,62.2,0
79,1,sağ çapraz-sol çapraz,64.2,1
79,1,ileri-geri,33.3,0
79,1,saat yönü-tersi,55.9,0
79,2,sağ-sol,64.4,1
79,2,sağ çapraz-sol çapraz,46.9,0
79,2,sağ çapraz-sol çapraz,40.1,0
79,3,yukarı-aşağı,63.6,1
79,3,sağ-sol,51.5,0
79,3,sağ çapraz-sol çapraz,67.8,0
79,3,ileri-geri,52.9,0
79,4,ileri-geri,61.7,1
79,4,ileri-geri,81.2,1
79,4,saat yönü-tersi,71.7,1
79,5,yukarı-aşağı,54.7,0
79,5,sağ çapraz-sol çapraz,75.9,1
79,5,ileri-geri,49.8,0
79,6,saat yönü-tersi,70.2,1
79,6,sağ-sol,71.7,1
79,6,saat yönü-tersi,72.7,1
79,6,saat yönü-tersi,66.0,1
79,6,sağ-sol,87.3,1
80,1,sağ-sol,42.3,0
80,1,sağ-sol,38.6,0
80,1,saat yönü-tersi,55.2,0
80,1,ileri-geri,45.0,0
80,2,sağ-sol,40.6,0
80,2,ileri-geri,47.8,0
80,2,ileri-geri,54.6,1
80,3,ileri-geri,65.8,0
80,3,yukarı-aşağı,53.0,0
80,3,saat yönü-tersi,64.1,1
80,3,ileri-geri,55.7,0
80,3,saat yönü-tersi,68.1,0
80,4,sağ-sol,74.9,1
80,4,saat yönü-tersi,74.4,1
80,4,sağ çapraz-sol çapraz,53.4,1
80,5,yukarı-aşağı,87.0,1
80,5,sağ-sol,56.0,0
80,5,sağ çapraz-sol çapraz,80.1,1
80,5,saat yönü-tersi,74.8,1
80,5,sağ çapraz-sol çapraz,72.3,1
80,6,ileri-geri,76.9,1
80,6,yukarı-aşağı,81.8,1
80,6,saat yönü-tersi,76.0,1
80,6,saat yönü-tersi,61.5,0
81,1,yukarı-aşağı,54.6,1
81,1,yukarı-aşağı,27.6,0
81,1,sağ-sol,48.8,0
81,1,sağ çapraz-sol çapraz,26.5,0
81,2,ileri-geri,51.9,0
81,2,yukarı-aşağı,37.6,0
81,2,sağ-sol,59.5,1
81,3,sağ çapraz-sol çapraz,48.1,0
81,3,sağ-sol,41.3,0
81,3,saat yönü-tersi,29.7,0
81,3,sağ çapraz-sol çapraz,60.2,1
81,4,yukarı-aşağı,57.3,0
81,4,saat yönü-tersi,51.3,1
81,4,saat yönü-tersi,54.5,0
81,4,yukarı-aşağı,53.0,0
81,4,saat yönü-tersi,51.0,0
81,5,ileri-geri,73.6,1
81,5,sağ çapraz-sol çapraz,55.2,1
81,5,ileri-geri,74.3,1
81,5,saat yönü-tersi,65.5,1
81,6,sağ-sol,41.0,0
81,6,ileri-geri,56.2,1
81,6,ileri-geri,70.7,1
81,6,ileri-geri,57.0,1
82,1,sağ-sol,53.8,0
82,1,ileri-geri,81.6,1
82,1,ileri-geri,48.8,0
82,1,yukarı-aşağı,46.7,0
82,2,saat yönü-tersi,56.5,1
82,2,sağ-sol,65.1,1
82,2,saat yönü-tersi,70.1,1
82,3,sağ çapraz-sol çapraz,71.2,1
82,3,sağ-sol,67.7,1
82,3,ileri-geri,54.6,1
82,4,ileri-geri,78.1,1
82,4,sağ-sol,85.2,1
82,4,saat yönü-tersi,67.3,1
82,4,saat yönü-tersi,78.9,1
82,5,saat yönü-tersi,83.5,1
82,5,saat yönü-tersi,75.0,1
82,5,saat yönü-tersi,82.5,1
82,5,sağ-sol,82.2,1
82,5,sağ-sol,92.9,1
82,6,ileri-geri,90.1,1
82,6,sağ çapraz-sol çapraz,78.3,1
82,6,sağ çapraz-sol çapraz,73.3,1
82,6,sağ çapraz-sol çapraz,68.6,1
83,1,yukarı-aşağı,25.5,0
83,1,sağ çapraz-sol çapraz,39.6,0
83,1,sağ-sol,34.5,0
83,1,sağ-sol,35.8,0
83,2,sağ-sol,44.9,0
83,2,sağ-sol,53.3,1
83,2,yukarı-aşağı,54.6,0
83,3,yukarı-aşağı,37.7,0
83,3,sağ-sol,20.9,0
83,3,sağ çapraz-sol çapraz,30.6,0
83,4,sağ çapraz-sol çapraz,48.6,0
83,4,sağ çapraz-sol çapraz,48.7,0
83,4,sağ-sol,36.5,0
83,4,saat yönü-tersi,48.2,0
83,4,yukarı-aşağı,41.7,0
83,5,sağ-sol,38.9,0
83,5,saat yönü-tersi,42.3,0
83,5,yukarı-aşağı,51.4,0
83,5,saat yönü-tersi,41.8,0
83,6,sağ-sol,62.0,1
83,6,yukarı-aşağı,43.9,0
83,6,yukarı-aşağı,41.5,0
84,1,ileri-geri,47.2,0
84,1,sağ çapraz-sol çapraz,39.7,0
84,1,sağ çapraz-sol çapraz,36.9,0
84,1,ileri-geri,32.3,0
84,1,saat yönü-tersi,49.8,0
84,2,sağ-sol,44.1,0
84,2,saat yönü-tersi,53.4,0
84,2,ileri-geri,43.7,0
84,2,sağ çapraz-sol çapraz,71.2,1
84,3,ileri-geri,48.7,0
84,3,sağ çapraz-sol çapraz,45.2,0
84,3,yukarı-aşağı,49.3,0
84,4,yukarı-aşağı,42.3,0
84,4,sağ çapraz-sol çapraz,50.0,0
84,4,sağ çapraz-sol çapraz,52.6,1
84,5,sağ çapraz-sol çapraz,52.7,0
84,5,saat yönü-tersi,62.6,0
84,5,ileri-geri,63.0,0
84,5,saat yönü-tersi,55.2,0
84,6,saat yönü-tersi,59.9,1
84,6,yukarı-aşağı,55.0,0
84,6,saat yönü-tersi,59.2,1
84,6,sağ çapraz-sol çapraz,49.5,0
84,6,sağ-sol,71.4,1
85,1,sağ-sol,37.8,0
85,1,sağ-sol,48.8,0
85,1,sağ-sol,46.3,0
85,1,yukarı-aşağı,48.3,0
85,1,sağ çapraz-sol çapraz,54.5,0
85,2,ileri-geri,69.3,1
85,2,sağ-sol,37.2,0
85,2,yukarı-aşağı,43.8,0
85,3,sağ çapraz-sol çapraz,63.9,1
85,3,saat yönü-tersi,65.7,0
85,3,ileri-geri,38.2,0
85,4,ileri-geri,64.6,0
85,4,yukarı-aşağı,73.2,1
85,4,sağ-sol,58.8,0
85,4,saat yönü-tersi,73.8,1
85,4,ileri-geri,77.4,1
85,5,ileri-geri,37.7,0
85,5,yukarı-aşağı,79.1,1
85,5,sağ-sol,78.7,1
85,5,ileri-geri,76.4,1
85,5,sağ-sol,72.2,1
85,6,sağ çapraz-sol çapraz,70.3,1
85,6,yukarı-aşağı,68.6,1
85,6,sağ çapraz-sol çapraz,64.9,1
86,1,sağ çapraz-sol çapraz,37.8,0
86,1,saat yönü-tersi,24.8,0
86,1,saat yönü-tersi,57.4,0
86,1,yukarı-aşağı,42.4,0
86,1,ileri-geri,39.3,0
86,2,yukarı-aşağı,48.2,0
86,2,sağ çapraz-sol çapraz,38.3,0
86,2,ileri-geri,40.3,0
86,2,ileri-geri,54.3,1
86,3,sağ çapraz-sol çapraz,53.7,1
86,3,saat yönü-tersi,41.9,0
86,3,saat yönü-tersi,49.8,0
86,4,sağ çapraz-sol çapraz,64.8,0
86,4,sağ çapraz-sol çapraz,67.4,0
86,4,sağ çapraz-sol çapraz,53.1,0
86,4,yukarı-aşağı,47.6,0
86,5,yukarı-aşağı,82.7,1
86,5,sağ çapraz-sol çapraz,57.6,0
86,5,yukarı-aşağı,57.4,1
86,5,saat yönü-tersi,71.0,1
86,5,yukarı-aşağı,43.0,0
86,6,sağ çapraz-sol çapraz,55.7,0
86,6,sağ-sol,44.4,0
86,6,saat yönü-tersi,61.3,0
86,6,sağ-sol,60.3,1
87,1,ileri-geri,64.9,1
87,1,saat yönü-tersi,34.8,0
87,1,ileri-geri,59.7,0
87,1,saat yönü-tersi,51.4,0
87,2,sağ-sol,58.5,1
87,2,saat yönü-tersi,62.4,1
87,2,saat yönü-tersi,67.9,1
87,2,saat yönü-tersi,44.8,0
87,2,sağ-sol,43.8,0
87,3,yukarı-aşağı,67.7,0
87,3,saat yönü-tersi,60.1,0
87,3,sağ-sol,72.8,1
87,3,saat yönü-tersi,47.7,0
87,3,saat yönü-tersi,49.5,0
87,4,ileri-geri,58.7,0
87,4,sağ-sol,68.9,1
87,4,sağ-sol,54.4,1
87,5,yukarı-aşağı,85.7,1
87,5,ileri-geri,75.3,1
87,5,ileri-geri,59.4,1
87,6,saat yönü-tersi,82.9,1
87,6,yukarı-aşağı,89.7,1
87,6,sağ çapraz-sol çapraz,78.8,1
87,6,saat yönü-tersi,77.5,1
87,6,sağ çapraz-sol çapraz,73.5,1
88,1,ileri-geri,62.3,0
88,1,ileri-geri,62.7,0
88,1,ileri-geri,39.5,0
88,2,sağ-sol,64.1,1
88,2,ileri-geri,37.7,0
88,2,sağ çapraz-sol çapraz,47.7,0
88,3,sağ-sol,69.0,0
88,3,ileri-geri,58.8,1
88,3,yukarı-aşağı,76.6,1
88,3,ileri-geri,48.0,0
88,3,sağ-sol,48.5,0
88,4,sağ çapraz-sol çapraz,68.3,1
88,4,sağ çapraz-sol çapraz,74.6,1
88,4,yukarı-aşağı,65.1,0
88,4,sağ çapraz-sol çapraz,65.4,1
88,4,sağ çapraz-sol çapraz,69.6,1
88,5,sağ çapraz-sol çapraz,62.1,0
88,5,yukarı-aşağı,97.3,1
88,5,ileri-geri,62.6,1
88,6,yukarı-aşağı,72.7,1
88,6,sağ-sol,76.1,1
88,6,saat yönü-tersi,74.5,1
88,6,yukarı-aşağı,81.0,1
89,1,yukarı-aşağı,22.0,0
89,1,yukarı-aşağı,36.9,0
89,1,saat yönü-tersi,20.0,0
89,1,yukarı-aşağı,20.0,0
89,1,saat yönü-tersi,45.8,0
89,2,sağ-sol,49.2,0
89,2,saat yönü-tersi,42.1,0
89,2,saat yönü-tersi,35.8,0
89,3,yukarı-aşağı,45.3,0
89,3,ileri-geri,70.4,1
89,3,sağ çapraz-sol çapraz,34.3,0
89,4,ileri-geri,79.9,1
89,4,saat yönü-tersi,56.4,0
89,4,yukarı-aşağı,55.8,0
89,4,yukarı-aşağı,49.3,0
89,4,sağ-sol,53.4,0
89,5,saat yönü-tersi,59.7,1
89,5,saat yönü-tersi,58.2,0
89,5,sağ çapraz-sol çapraz,62.9,1
89,5,ileri-geri,67.7,1
89,5,ileri-geri,70.4,1
89,6,sağ çapraz-sol çapraz,44.3,0
89,6,saat yönü-tersi,57.0,1
89,6,yukarı-aşağı,67.9,0
89,6,yukarı-aşağı,42.4,0
89,6,ileri-geri,57.3,1
90,1,sağ-sol,36.0,0
90,1,saat yönü-tersi,63.5,1
90,1,yukarı-aşağı,39.5,0
90,1,sağ-sol,45.3,0
90,2,ileri-geri,55.8,0
90,2,yukarı-aşağı,27.0,0
90,2,saat yönü-tersi,42.2,0
90,2,ileri-geri,49.7,0
90,2,ileri-geri,63.5,1
90,3,ileri-geri,39.0,0
90,3,yukarı-aşağı,51.3,0
90,3,yukarı-aşağı,59.4,1
90,3,saat yönü-tersi,48.3,0
90,4,sağ çapraz-sol çapraz,64.2,0
90,4,ileri-geri,52.7,1
90,4,saat yönü-tersi,57.7,1
90,5,yukarı-aşağı,68.9,1
90,5,sağ-sol,82.2,1
90,5,saat yönü-tersi,43.9,0
90,6,sağ-sol,48.6,0
90,6,saat yönü-tersi,57.0,0
90,6,sağ çapraz-sol çapraz,76.8,1
90,6,sağ-sol,59.7,0
91,1,yukarı-aşağı,33.8,0
91,1,ileri-geri,46.8,0
91,1,sağ-sol,46.5,0
91,2,sağ-sol,48.6,0
91,2,ileri-geri,54.3,1
91,2,sağ çapraz-sol çapraz,38.9,0
91,2,sağ-sol,37.3,0
91,3,ileri-geri,57.9,1
91,3,sağ-sol,42.1,0
91,3,ileri-geri,73.3,1
91,3,sağ-sol,52.8,0
91,4,yukarı-aşağı,47.9,0
91,4,sağ çapraz-sol çapraz,49.0,0
91,4,ileri-geri,44.3,0
91,5,ileri-geri,63.0,0
91,5,sağ-sol,55.9,1
91,5,saat yönü-tersi,51.1,0
91,6,sağ-sol,52.1,0
91,6,sağ çapraz-sol çapraz,51.6,1
91,6,saat yönü-tersi,53.5,1
91,6,yukarı-aşağı,65.4,1
91,6,sağ-sol,64.4,0
92,1,ileri-geri,69.1,1
92,1,yukarı-aşağı,69.8,1
92,1,sağ çapraz-sol çapraz,57.1,0
92,1,saat yönü-tersi,50.8,0
92,2,sağ-sol,78.3,1
92,2,sağ-sol,80.2,1
92,2,sağ-sol,77.9,1
92,3,saat yönü-tersi,80.6,1
92,3,yukarı-aşağı,68.2,0
92,3,saat yönü-tersi,64.4,1
92,3,sağ-sol,83.1,1
92,4,ileri-geri,77.9,1
92,4,sağ-sol,76.2,1
92,4,saat yönü-tersi,71.6,1
92,5,sağ çapraz-sol çapraz,80.5,1
92,5,saat yönü-tersi,78.2,1
92,5,sağ-sol,92.3,1
92,5,ileri-geri,93.2,1
92,5,ileri-geri,83.3,1
92,6,sağ çapraz-sol çapraz,82.3,1
92,6,saat yönü-tersi,94.4,1
92,6,saat yönü-tersi,100.0,1
93,1,sağ-sol,30.3,0
93,1,yukarı-aşağı,20.0,0
93,1,sağ-sol,31.9,0
93,1,yukarı-aşağı,30.5,0
93,2,ileri-geri,42.4,0
93,2,ileri-geri,34.9,0
93,2,sağ-sol,45.6,0
93,3,sağ-sol,24.3,0
93,3,saat yönü-tersi,41.7,0
93,3,sağ-sol,54.9,1
93,3,saat yönü-tersi,40.9,0
93,3,sağ çapraz-sol çapraz,54.0,1
93,4,sağ çapraz-sol çapraz,44.8,0
93,4,yukarı-aşağı,29.7,0
93,4,sağ çapraz-sol çapraz,71.7,1
93,5,saat yönü-tersi,59.0,0
93,5,sağ-sol,61.8,0
93,5,yukarı-aşağı,60.6,0
93,5,ileri-geri,56.1,0
93,5,saat yönü-tersi,50.6,0
93,6,saat yönü-tersi,64.6,0
93,6,saat yönü-tersi,60.0,0
93,6,sağ çapraz-sol çapraz,61.3,0
93,6,yukarı-aşağı,48.2,0
93,6,sağ-sol,75.8,1
94,1,saat yönü-tersi,51.3,0
94,1,saat yönü-tersi,51.4,0
94,1,saat yönü-tersi,65.5,0
94,2,sağ çapraz-sol çapraz,61.8,1
94,2,sağ çapraz-sol çapraz,70.1,1
94,2,ileri-geri,62.1,1
94,2,sağ çapraz-sol çapraz,57.5,1
94,3,ileri-geri,51.6,1
94,3,ileri-geri,59.8,1
94,3,saat yönü-tersi,62.8,1
94,4,yukarı-aşağı,62.0,1
94,4,sağ-sol,79.3,1
94,4,ileri-geri,71.8,1
94,5,sağ çapraz-sol çapraz,70.4,1
94,5,sağ-sol,83.4,1
94,5,saat yönü-tersi,90.2,1
94,6,yukarı-aşağı,82.6,1
94,6,saat yönü-tersi,93.8,1
94,6,yukarı-aşağı,81.0,1
94,6,yukarı-aşağı,83.3,1
95,1,yukarı-aşağı,42.3,0
95,1,yukarı-aşağı,63.4,0
95,1,sağ-sol,47.0,0
95,2,ileri-geri,46.3,0
95,2,ileri-geri,44.4,0
95,2,yukarı-aşağı,70.9,1
95,2,sağ çapraz-sol çapraz,52.3,0
95,2,sağ-sol,62.0,0
95,3,saat yönü-tersi,60.8,0
95,3,saat yönü-tersi,58.6,0
95,3,saat yönü-tersi,53.3,0
95,4,sağ çapraz-sol çapraz,51.6,1
95,4,ileri-geri,55.5,1
95,4,saat yönü-tersi,75.2,1
95,5,yukarı-aşağı,54.9,1
95,5,sağ çapraz-sol çapraz,41.3,0
95,5,saat yönü-tersi,59.0,0
95,6,yukarı-aşağı,83.4,1
95,6,sağ-sol,91.2,1
95,6,sağ çapraz-sol çapraz,91.7,1
96,1,ileri-geri,39.5,0
96,1,yukarı-aşağı,42.5,0
96,1,yukarı-aşağı,51.7,0
96,1,ileri-geri,59.4,1
96,1,sağ çapraz-sol çapraz,39.7,0
96,2,saat yönü-tersi,44.0,0
96,2,sağ-sol,53.2,1
96,2,yukarı-aşağı,56.4,1
96,3,sağ-sol,60.4,1
96,3,sağ-sol,48.5,0
96,3,ileri-geri,70.9,1
96,4,saat yönü-tersi,54.0,1
96,4,sağ çapraz-sol çapraz,86.0,1
96,4,saat yönü-tersi,65.2,0
96,5,saat yönü-tersi,75.8,1
96,5,ileri-geri,69.3,0
96,5,saat yönü-tersi,77.4,1
96,5,ileri-geri,71.2,1
96,5,ileri-geri,66.2,0
96,6,sağ çapraz-sol çapraz,77.2,1
96,6,yukarı-aşağı,72.4,1
96,6,ileri-geri,73.0,1
96,6,yukarı-aşağı,84.8,1
96,6,sağ çapraz-sol çapraz,70.5,1
97,1,sağ çapraz-sol çapraz,42.3,0
97,1,sağ çapraz-sol çapraz,55.2,0
97,1,sağ çapraz-sol çapraz,42.4,0
97,1,yukarı-aşağı,46.4,0
97,2,sağ-sol,39.5,0
97,2,sağ çapraz-sol çapraz,74.8,1
97,2,sağ çapraz-sol çapraz,48.4,0
97,2,sağ çapraz-sol çapraz,53.5,1
97,2,sağ-sol,31.8,0
97,3,sağ-sol,56.7,0
97,3,sağ çapraz-sol çapraz,50.1,1
97,3,yukarı-aşağı,58.5,1
97,3,sağ çapraz-sol çapraz,54.2,1
97,4,sağ çapraz-sol çapraz,44.1,0
97,4,ileri-geri,48.5,0
97,4,yukarı-aşağı,40.6,0
97,4,sağ-sol,82.3,1
97,5,ileri-geri,75.5,1
97,5,yukarı-aşağı,72.1,1
97,5,yukarı-aşağı,56.0,1
97,5,sağ çapraz-sol çapraz,66.8,0
97,5,saat yönü-tersi,49.3,0
97,6,sağ-sol,65.2,1
97,6,ileri-geri,69.4,1
97,6,ileri-geri,82.2,1
98,1,sağ çapraz-sol çapraz,59.3,1
98,1,saat yönü-tersi,35.8,0
98,1,sağ çapraz-sol çapraz,37.2,0
98,2,sağ çapraz-sol çapraz,39.1,0
98,2,saat yönü-tersi,55.6,0
98,2,saat yönü-tersi,64.9,1
98,3,yukarı-aşağı,24.9,0
98,3,sağ çapraz-sol çapraz,40.3,0
98,3,sağ-sol,39.8,0
98,3,sağ çapraz-sol çapraz,44.2,0
98,4,yukarı-aşağı,37.0,0
98,4,ileri-geri,57.0,0
98,4,saat yönü-tersi,58.4,0
98,4,yukarı-aşağı,78.8,1
98,4,yukarı-aşağı,52.0,0
98,5,saat yönü-tersi,40.4,0
98,5,sağ çapraz-sol çapraz,49.6,0
98,5,ileri-geri,64.2,0
98,5,saat yönü-tersi,39.5,0
98,6,saat yönü-tersi,58.7,1
98,6,sağ çapraz-sol çapraz,68.2,1
98,6,sağ çapraz-sol çapraz,70.3,1
98,6,yukarı-aşağı,45.9,0
98,6,sağ-sol,59.8,0
99,1,ileri-geri,78.3,1
99,1,sağ çapraz-sol çapraz,48.6,0
99,1,sağ-sol,62.7,1
99,2,yukarı-aşağı,71.4,1
99,2,ileri-geri,90.5,1
99,2,sağ çapraz-sol çapraz,77.1,1
99,2,sağ çapraz-sol çapraz,66.3,1
99,2,yukarı-aşağı,78.9,1
99,3,ileri-geri,77.8,1
99,3,sağ-sol,83.8,1
99,3,saat yönü-tersi,87.7,1
99,3,yukarı-aşağı,87.6,1
99,4,saat yönü-tersi,83.0,1
99,4,ileri-geri,93.0,1
99,4,sağ-sol,97.0,1
99,4,sağ-sol,89.3,1
99,4,ileri-geri,82.5,1
99,5,sağ çapraz-sol çapraz,87.3,1
99,5,saat yönü-tersi,86.7,1
99,5,yukarı-aşağı,99.2,1
99,6,sağ-sol,92.4,1
99,6,sağ çapraz-sol çapraz,100.0,1
99,6,sağ çapraz-sol çapraz,94.0,1
100,1,sağ çapraz-sol çapraz,33.9,0
100,1,yukarı-aşağı,42.8,0
100,1,sağ çapraz-sol çapraz,26.6,0
100,1,sağ çapraz-sol çapraz,44.8,0
100,2,yukarı-aşağı,49.1,0
100,2,ileri-geri,43.6,0
100,2,saat yönü-tersi,54.0,0
100,2,yukarı-aşağı,58.9,1
100,3,sağ-sol,59.4,0
100,3,sağ çapraz-sol çapraz,37.3,0
100,3,yukarı-aşağı,63.4,1
100,4,sağ çapraz-sol çapraz,47.5,0
100,4,yukarı-aşağı,50.1,1
100,4,sağ-sol,53.2,0
100,4,yukarı-aşağı,70.1,1
100,4,saat yönü-tersi,45.9,0
100,5,sağ-sol,53.0,1
100,5,saat yönü-tersi,52.3,0
100,5,sağ çapraz-sol çapraz,59.7,0
100,5,sağ-sol,77.3,1
100,5,sağ-sol,67.6,1
100,6,sağ çapraz-sol çapraz,73.3,1
100,6,ileri-geri,80.0,1
100,6,ileri-geri,68.3,1
100,6,yukarı-aşağı,63.9,0
