id,user_id,datetime,day_of_week,game_type,category,is_resolved,selected_answer,correct_answer,wrong_type,student_profile,question_id,reaction_time,repeat_count
1,1,2025-07-24 19:39:55.742,Perşembe,ilk harfi yakalama,letter,0,Saat,Sebze,letter,ortaokul,15,30.058,3
2,1,2025-07-24 05:23:46.299,Perşembe,nesne yönü tanıma,direction,0,Ayı - Araba,Top - Tavşan,direction,ilkokul,3,7.357,4
3,1,2025-07-23 14:35:20.403,Çarşamba,yön takibi,direction,0,8 adım,7 adım,direction,ilkokul,1,6.681,2
4,1,2025-07-23 04:27:07.977,Çarşamba,ilk harfi yakalama,letter,0,Cüzdan,Çanta,letter,ilkokul,2,39.937,4
5,1,2025-07-21 19:26:20.424,Pazartesi,boşluklara doğru harfi koy,letter,0,"Yaptığı hatanın farkına faran kişi, bunu tüzeltmek için hemen harekete geçti.","Yaptığı hatanın farkına varan kişi, bunu düzeltmek için hemen harekete geçti.",letter,ortaokul,97,10.792,4
6,1,2025-07-22 01:20:57.302,Salı,anlam bağdaştırma,meaning,0,Taze çileklerin üzerinde tahta kasenin içinde su damlaları vardı.,Tahta kasenin içindeki taze çileklerin üzerinde su damlaları vardı.,meaning,ortaokul,16,25.305,4
7,1,2025-07-21 09:20:54.234,Pazartesi,kelime seslerinde uyum,word,0,Karını,Karnı,word,ortaokul,17,5.671,3
8,1,2025-07-20 12:37:01.783,Pazar,anlam seçme,meaning,0,Kişinin hasta olduğunu,Kişinin çok iyi hissettiğini,meaning,ortaokul,97,9.08,3
9,1,2025-07-19 17:05:31.502,Cumartesi,anlam bağdaştırma,meaning,0,Beyaz fincanın köpüğünde bir kalp deseni kahvenin üzerinde vardı.,Beyaz fincanın içindeki kahvenin köpüğünde bir kalp deseni vardı.,meaning,ortaokul,17,8.508,4
10,1,2025-07-19 17:39:23.789,Cumartesi,akıl yürütme,word,0,Her şeye hemen inanır,"Bilgiyi sorgular, analiz eder ve değerlendirir",word,ortaokul,98,22.517,2
11,1,2025-07-19 03:17:28.606,Cumartesi,kelime seslerinde uyum,word,0,durun,Ağaçdan,word,ortaokul,16,30.285,1
12,1,2025-07-18 09:00:09.778,Cuma,boşluklara doğru harfi koy,letter,0,"Hayfannar, doğal yaşamın vazgeçilmez pir parjasıdır ve korunmalıdır.","Hayvanlar, doğal yaşamın vazgeçilmez bir parçasıdır ve korunmalıdır.",letter,ortaokul,95,1.752,2
13,1,2025-07-17 17:37:34.418,Perşembe,yön takibi,direction,0,Uyuyan hayvan (D) ve kristal kaya (C) üzerinden giden yol (7 adım),Kale (E) üzerinden giden yol (8 adım),direction,ilkokul,2,20.722,1
14,1,2025-07-16 23:27:01.324,Çarşamba,ilk harfi yakalama,letter,0,Seyrek,Korsan,letter,ortaokul,16,26.017,2
15,1,2025-07-15 23:39:06.639,Salı,boşluklara doğru harfi koy,letter,0,d,b,letter,ilkokul,1,3.886,2
16,1,2025-07-15 06:16:31.084,Salı,yön takibi,direction,0,Sağ → Sol → Düz,Sol → Sol → Düz,direction,ortaokul,15,24.969,2
17,1,2025-07-14 21:23:19.560,Pazartesi,yön takibi,direction,0,Sağ → Düz → Sağ,Sol → Düz → Sağ,direction,ortaokul,16,36.678,4
18,1,2025-07-14 23:09:35.638,Pazartesi,anlam seçme,meaning,0,Hikayenin sonunu beğenmediğini,Okurken hiç sıkılmadığını,meaning,ortaokul,95,35.976,4
19,1,2025-07-14 06:35:52.925,Pazartesi,boşluğu doldur,word,0,duygusal,eleştirel,word,ortaokul,95,1.49,3
20,1,2025-07-13 03:43:55.659,Pazar,kelime seslerinde uyum,word,0,Köpek,Balık,word,ilkokul,2,15.855,4
21,1,2025-07-13 04:49:19.793,Pazar,boşluğu doldur,word,0,kitap,yemek,word,ilkokul,1,6.997,2
22,1,2025-07-12 06:45:19.917,Cumartesi,anlam bağdaştırma,meaning,0,Ördek,Ornitorenk,meaning,ilkokul,2,39.666,2
23,1,2025-07-11 19:16:27.429,Cuma,kelime seslerinde uyum,word,0,durun,Ağaçdan,word,ortaokul,16,23.633,4
24,1,2025-07-10 20:54:11.022,Perşembe,hecelere ayırma,spelling,0,o-per-as-yon,o-pe-ras-yon,spelling,ortaokul,95,37.954,3
25,1,2025-07-10 02:47:22.627,Perşembe,hecelere ayırma,spelling,0,sa-ntral,san-tral,spelling,ortaokul,97,17.545,1
26,1,2025-07-10 00:15:29.705,Perşembe,yön takibi,direction,0,İki yol da aynı uzunluktadır.,Kale (E) üzerinden giden yol (8 adım),direction,ilkokul,2,14.77,4
27,1,2025-07-09 17:04:06.396,Çarşamba,boşluklara doğru harfi koy,letter,0,p,b,letter,ilkokul,1,18.074,2
28,1,2025-07-08 14:58:47.994,Salı,anlam seçme,meaning,0,Ilık,Soğuk,meaning,ilkokul,2,20.516,1
29,1,2025-07-08 03:04:58.448,Salı,karmaşık harflerden kelime oluştur,letter,0,AIR,ARI,letter,ilkokul,1,38.539,4
30,1,2025-07-07 20:27:45.020,Pazartesi,yön takibi,direction,0,Sol → Aşağı → Sağ,Sol → Düz → Sağ,direction,ortaokul,16,7.439,3
31,1,2025-07-07 06:24:51.076,Pazartesi,harf karıştırma,letter,0,Grupça – Herkez,Grupça – Herkes,letter,ortaokul,96,24.824,4
32,1,2025-07-06 01:36:13.471,Pazar,boşluklara doğru harfi koy,letter,0,d,b,letter,ilkokul,1,1.754,2
33,1,2025-07-05 13:43:50.161,Cumartesi,karmaşık harflerden kelime oluştur,letter,0,IRA,ARI,letter,ilkokul,1,22.403,3
34,1,2025-07-04 19:04:04.107,Cuma,boşluğu doldur,word,0,duygusal,eleştirel,word,ortaokul,95,5.777,2
35,1,2025-07-04 20:11:26.525,Cuma,anlam bağdaştırma,meaning,0,Kunduz,Ornitorenk,meaning,ilkokul,2,36.046,3
36,1,2025-07-03 23:28:52.728,Perşembe,anlam seçme,meaning,0,Neşeli,Kırgın,meaning,ilkokul,1,14.884,2
37,1,2025-07-03 20:10:30.652,Perşembe,harf karıştırma,letter,0,kedici,kedisi,letter,ilkokul,2,39.502,4
38,1,2025-07-02 23:57:53.079,Çarşamba,anlam seçme,meaning,0,Kişinin hasta olduğunu,Kişinin çok iyi hissettiğini,meaning,ortaokul,97,17.612,1
39,1,2025-07-01 21:27:12.091,Salı,boşluklara doğru harfi koy,letter,0,d / p,p / p,letter,ilkokul,2,10.373,4
40,1,2025-07-01 10:59:30.525,Salı,karmaşık harflerden kelime oluştur,letter,0,ÖĞREMENT,ÖĞRETMEN,letter,ortaokul,96,14.296,4
41,1,2025-07-01 11:29:23.636,Salı,kelime seslerinde uyum,word,0,Top,Taç,word,ilkokul,1,36.467,3
42,1,2025-06-30 18:50:21.582,Pazartesi,kelime seslerinde uyum,word,0,Karıını,Karnı,word,ortaokul,17,30.99,2
43,1,2025-06-29 17:27:40.411,Pazar,boşluğu doldur,word,0,dogmatik,eleştirel,word,ortaokul,95,17.162,2
44,1,2025-06-29 11:01:40.845,Pazar,harf karıştırma,letter,0,kedici,kedisi,letter,ilkokul,2,15.644,4
45,1,2025-06-29 00:53:53.341,Pazar,karmaşık harflerden kelime oluştur,letter,0,LAME,ELMA,letter,ilkokul,3,4.645,1
46,1,2025-06-28 07:31:00.763,Cumartesi,nesne yönü tanıma,direction,0,Tren - Bebek,Top - Tavşan,direction,ilkokul,3,11.908,3
47,1,2025-06-27 07:38:55.137,Cuma,akıl yürütme,word,0,Sadece kendi fikirlerini kabul eder,"Bilgiyi sorgular, analiz eder ve değerlendirir",word,ortaokul,98,21.882,4
48,1,2025-06-27 06:38:06.352,Cuma,kelime seslerinde uyum,word,0,Köpek,Balık,word,ilkokul,2,39.088,3
49,1,2025-06-26 07:57:34.576,Perşembe,anlam bağdaştırma,meaning,0,Ördek,Ornitorenk,meaning,ilkokul,2,30.996,1
50,1,2025-06-25 14:49:44.048,Çarşamba,ilk harfi yakalama,letter,0,Kasap,Korsan,letter,ortaokul,16,24.666,2
51,1,2025-06-24 21:58:38.083,Salı,yön takibi,direction,0,Sağ → Sağ → Sol,Sağ → Sol → Düz,direction,ortaokul,17,17.786,3
52,1,2025-06-24 11:07:12.771,Salı,karmaşık harflerden kelime oluştur,letter,0,ALEM,ELMA,letter,ilkokul,3,30.449,1
53,1,2025-06-24 08:47:56.015,Salı,karmaşık harflerden kelime oluştur,letter,0,RAI,ARI,letter,ilkokul,1,30.955,1
54,1,2025-06-23 07:02:04.297,Pazartesi,anlam seçme,meaning,0,Kişinin hasta olduğunu,Kişinin çok iyi hissettiğini,meaning,ortaokul,97,14.128,3
55,1,2025-06-22 23:33:44.185,Pazar,boşluklara doğru harfi koy,letter,0,"Herhangi pir işe paşlamadan önce detaylı bir plan yapmak, paşarı şansını artırır.","Herhangi bir işe başlamadan önce detaylı bir plan yapmak, başarı şansını artırır.",letter,ortaokul,96,23.67,3
56,1,2025-06-22 04:53:44.786,Pazar,yön takibi,direction,0,İki yol da aynı uzunluktadır.,Kale (E) üzerinden giden yol (8 adım),direction,ilkokul,2,36.292,2
57,1,2025-06-21 23:09:10.575,Cumartesi,ilk harfi yakalama,letter,0,Saat,Sebze,letter,ortaokul,15,35.285,2
58,1,2025-06-21 16:05:06.838,Cumartesi,hecelere ayırma,spelling,0,sant-ral,san-tral,spelling,ortaokul,97,11.287,4
59,1,2025-06-20 15:52:19.485,Cuma,karmaşık harflerden kelime oluştur,letter,0,ÖĞRECİN,ÖĞRENCİ,letter,ortaokul,95,12.261,1
60,1,2025-06-19 23:46:49.080,Perşembe,anlam seçme,meaning,0,Patates,Elma,meaning,ilkokul,3,27.391,2
61,1,2025-06-19 01:35:03.038,Perşembe,akıl yürütme,word,0,Balık yetiştirmek,Suyu biriktirip kontrol etmek ve enerji üretmek,word,ortaokul,99,20.674,4
62,1,2025-06-18 13:03:06.906,Çarşamba,anlam bağdaştırma,meaning,0,Gemi,Balina,meaning,ilkokul,3,2.913,4
63,1,2025-06-17 20:09:29.395,Salı,hecelere ayırma,spelling,0,par-a-lel,pa-ra-lel,spelling,ortaokul,96,12.527,4
64,1,2025-06-17 06:05:11.262,Salı,karmaşık harflerden kelime oluştur,letter,0,GÖÇERİN,ÖĞRENCİ,letter,ortaokul,95,32.798,3
65,1,2025-06-16 18:26:00.908,Pazartesi,kelime seslerinde uyum,word,0,durun,Ağaçdan,word,ortaokul,16,15.74,4
66,1,2025-06-16 17:04:28.883,Pazartesi,anlam seçme,meaning,0,Kişinin üzgün olduğunu,Kişinin çok iyi hissettiğini,meaning,ortaokul,97,24.179,4
67,1,2025-06-16 11:03:23.958,Pazartesi,ilk harfi yakalama,letter,0,Telefon,Bardak,letter,ilkokul,3,2.859,2
68,1,2025-06-15 05:18:49.439,Pazar,anlam bağdaştırma,meaning,0,Ahtapot,Bukalemun,meaning,ilkokul,1,8.411,1
69,1,2025-06-14 17:37:51.594,Cumartesi,kelime seslerinde uyum,word,0,YÜZ,KÖZ,word,ilkokul,3,1.484,2
70,1,2025-06-14 06:18:56.124,Cumartesi,karmaşık harflerden kelime oluştur,letter,0,LAME,ELMA,letter,ilkokul,3,3.797,4
71,1,2025-06-13 07:42:30.385,Cuma,kelime seslerinde uyum,word,0,Karıını,Karnı,word,ortaokul,17,11.479,2
72,1,2025-06-13 01:49:45.496,Cuma,boşluğu doldur,word,0,çatal,kalem,word,ilkokul,2,1.699,1
73,1,2025-06-12 07:45:31.471,Perşembe,kelime seslerinde uyum,word,0,TOZ,KÖZ,word,ilkokul,3,13.51,3
74,1,2025-06-11 10:26:25.514,Çarşamba,anlam seçme,meaning,0,Serin,Soğuk,meaning,ilkokul,2,11.27,1
75,1,2025-06-11 05:11:26.132,Çarşamba,karmaşık harflerden kelime oluştur,letter,0,BROMLEP,PROBLEM,letter,ortaokul,97,7.513,1
76,1,2025-06-10 11:12:07.513,Salı,nesne yönü tanıma,direction,0,Uçak - Sarı araba,Gemi - Kalem,direction,ortaokul,15,37.457,1
77,1,2025-06-10 04:13:47.814,Salı,boşluğu doldur,word,0,duygusal,eleştirel,word,ortaokul,95,24.061,4
78,1,2025-06-09 11:34:52.994,Pazartesi,akıl yürütme,word,0,Daha yükseğe tırmanır,Birinin yardım etmesini bekler,word,ilkokul,3,35.245,1
79,1,2025-06-08 19:10:42.919,Pazar,akıl yürütme,word,0,Uçabilir,Birinin yardım etmesini bekler,word,ilkokul,3,17.698,2
80,1,2025-06-08 13:04:39.834,Pazar,akıl yürütme,word,0,Kavga etmeli,Dinlenmeli,word,ilkokul,2,21.482,1
81,1,2025-06-08 03:02:31.847,Pazar,ilk harfi yakalama,letter,0,Dikkat,Kafes,letter,ilkokul,1,22.901,4
82,1,2025-06-07 05:00:33.510,Cumartesi,harf karıştırma,letter,0,hiç bir – Dürüst,hiçbir – Dürüst,letter,ortaokul,100,6.265,1
83,1,2025-06-06 08:14:40.743,Cuma,harf karıştırma,letter,0,betatyalar,papatyalar,letter,ilkokul,1,35.863,2
84,1,2025-06-06 04:24:45.514,Cuma,nesne yönü tanıma,direction,0,Ayıcık - Araba,Fil - Bebek,direction,ortaokul,17,26.235,4
85,1,2025-06-05 10:04:05.516,Perşembe,anlam seçme,meaning,0,Hikayenin çok uzun olduğunu,Okurken hiç sıkılmadığını,meaning,ortaokul,95,14.01,3
86,1,2025-06-04 10:39:02.611,Çarşamba,akıl yürütme,word,0,Kavga etmeli,Dinlenmeli,word,ilkokul,2,18.882,2
87,1,2025-06-04 01:41:53.306,Çarşamba,boşluğu doldur,word,0,oyuncak,yemek,word,ilkokul,1,35.826,4
88,1,2025-06-03 15:31:38.050,Salı,kelime seslerinde uyum,word,0,uzak,Ağaçdan,word,ortaokul,16,24.761,4
89,1,2025-06-03 06:18:34.403,Salı,ilk harfi yakalama,letter,0,Seyrek,Korsan,letter,ortaokul,16,30.371,3
90,1,2025-06-02 09:59:06.595,Pazartesi,ilk harfi yakalama,letter,0,Pencere,Sebze,letter,ortaokul,15,32.49,2
91,1,2025-06-02 09:19:09.408,Pazartesi,ilk harfi yakalama,letter,0,Patik,Kafes,letter,ilkokul,1,7.887,2
92,1,2025-06-01 21:09:15.655,Pazar,anlam seçme,meaning,0,Kişinin üzgün olduğunu,Kişinin çok iyi hissettiğini,meaning,ortaokul,97,27.389,1
93,1,2025-06-01 06:58:45.371,Pazar,harf karıştırma,letter,0,hiçbir – Dürüs,hiçbir – Dürüst,letter,ortaokul,100,6.292,4
94,1,2025-05-31 02:06:51.291,Cumartesi,ilk harfi yakalama,letter,0,Dikkat,Kafes,letter,ilkokul,1,33.899,1
95,1,2025-05-31 02:10:24.368,Cumartesi,hecelere ayırma,spelling,0,sant-ral,san-tral,spelling,ortaokul,97,24.184,3
96,1,2025-05-30 12:06:42.329,Cuma,anlam seçme,meaning,0,Hızlıca ve dikkatsizce yapmak,"Dikkat ederek, en iyi şekilde yapmak",meaning,ortaokul,96,17.545,4
97,2,2025-07-24 10:38:41.706,Perşembe,boşluklara doğru harfi koy,letter,0,"Yaptığı hatanın farkına faran kişi, bunu tüzeltmek için hemen harekete geçti.","Yaptığı hatanın farkına varan kişi, bunu düzeltmek için hemen harekete geçti.",letter,ortaokul,97,33.688,3
98,2,2025-07-24 08:09:15.751,Perşembe,harf karıştırma,letter,0,hiç bir – Dürüst,hiçbir – Dürüst,letter,ortaokul,100,21.659,4
99,2,2025-07-23 09:29:38.050,Çarşamba,harf karıştırma,letter,0,garışıktı – uğraştım,karışıktı – uğraştım,letter,ortaokul,98,8.882,3
100,2,2025-07-22 10:51:33.593,Salı,kelime seslerinde uyum,word,0,YÜZ,KÖZ,word,ilkokul,3,10.165,4
101,2,2025-07-22 07:50:15.016,Salı,yön takibi,direction,0,Sağ → Düz → Sağ,Sol → Düz → Sağ,direction,ortaokul,16,24.32,3
102,2,2025-07-21 14:43:56.008,Pazartesi,akıl yürütme,word,0,Daha yükseğe tırmanır,Birinin yardım etmesini bekler,word,ilkokul,3,14.325,2
103,2,2025-07-21 03:27:51.643,Pazartesi,karmaşık harflerden kelime oluştur,letter,0,RAI,ARI,letter,ilkokul,1,8.021,2
104,2,2025-07-20 00:29:37.887,Pazar,yön takibi,direction,0,Sol → Sağ → Düz,Sol → Sol → Düz,direction,ortaokul,15,27.299,1
105,2,2025-07-20 02:54:46.989,Pazar,ilk harfi yakalama,letter,0,Ağaç,Karpuz,letter,ortaokul,17,19.906,4
106,2,2025-07-18 19:57:10.950,Cuma,nesne yönü tanıma,direction,0,Ayı - Araba,Top - Tavşan,direction,ilkokul,3,3.59,2
107,2,2025-07-18 04:48:45.726,Cuma,karmaşık harflerden kelime oluştur,letter,0,BROMLEP,PROBLEM,letter,ortaokul,97,26.682,4
108,2,2025-07-18 09:53:21.453,Cuma,anlam bağdaştırma,meaning,0,Kunduz,Ornitorenk,meaning,ilkokul,2,20.826,3
109,2,2025-07-17 14:47:40.862,Perşembe,ilk harfi yakalama,letter,0,Ağaç,Karpuz,letter,ortaokul,17,7.568,1
110,2,2025-07-16 23:01:49.940,Çarşamba,boşluklara doğru harfi koy,letter,0,p / t,p / d,letter,ilkokul,3,23.864,3
111,2,2025-07-15 20:07:04.135,Salı,kelime seslerinde uyum,word,0,Köpek,Balık,word,ilkokul,2,8.131,3
112,2,2025-07-15 15:26:08.222,Salı,nesne yönü tanıma,direction,0,Kule - Kamyonet,Küp - Yoyo,direction,ortaokul,16,16.119,3
113,2,2025-07-15 06:23:52.822,Salı,hecelere ayırma,spelling,0,op-e-ras-yon,o-pe-ras-yon,spelling,ortaokul,95,6.267,3
114,2,2025-07-14 15:35:23.460,Pazartesi,anlam seçme,meaning,0,Kişinin hasta olduğunu,Kişinin çok iyi hissettiğini,meaning,ortaokul,97,27.625,1
115,2,2025-07-13 20:27:06.294,Pazar,nesne yönü tanıma,direction,0,Uçak - Sarı araba,Gemi - Kalem,direction,ortaokul,15,24.709,2
116,2,2025-07-13 19:28:29.824,Pazar,akıl yürütme,word,0,Uçabilir,Birinin yardım etmesini bekler,word,ilkokul,3,15.641,3
117,2,2025-07-12 16:39:50.097,Cumartesi,harf karıştırma,letter,0,kedize,kedisi,letter,ilkokul,2,34.601,3
118,2,2025-07-12 10:22:20.192,Cumartesi,harf karıştırma,letter,0,kedici,kedisi,letter,ilkokul,2,8.863,4
119,2,2025-07-11 04:48:57.601,Cuma,ilk harfi yakalama,letter,0,Kasap,Korsan,letter,ortaokul,16,4.44,1
120,2,2025-07-10 15:39:35.534,Perşembe,boşluğu doldur,word,0,oyuncak,yemek,word,ilkokul,1,39.022,2
121,2,2025-07-10 01:56:14.359,Perşembe,anlam bağdaştırma,meaning,0,Kunduz,Ornitorenk,meaning,ilkokul,2,29.336,2
122,2,2025-07-09 17:17:53.063,Çarşamba,yön takibi,direction,0,Sağ → Sol → Düz,Sol → Sol → Düz,direction,ortaokul,15,16.704,3
123,2,2025-07-09 14:47:26.207,Çarşamba,nesne yönü tanıma,direction,0,Tren - Bebek,Top - Tavşan,direction,ilkokul,3,2.724,2
124,2,2025-07-08 13:23:55.769,Salı,nesne yönü tanıma,direction,0,Uçak - Sarı araba,Gemi - Kalem,direction,ortaokul,15,33.437,1
125,2,2025-07-07 21:25:41.826,Pazartesi,hecelere ayırma,spelling,0,a-rab-a,a-ra-ba,spelling,ilkokul,2,35.336,1
126,2,2025-07-07 03:02:52.691,Pazartesi,harf karıştırma,letter,0,Grupca – Herkes,Grupça – Herkes,letter,ortaokul,96,36.102,1
127,2,2025-07-07 03:02:50.383,Pazartesi,nesne yönü tanıma,direction,0,Uçak - Sarı araba,Gemi - Kalem,direction,ortaokul,15,7.698,4
128,2,2025-07-06 09:14:45.181,Pazar,kelime seslerinde uyum,word,0,uzak,Ağaçdan,word,ortaokul,16,12.515,4
129,2,2025-07-05 13:50:13.283,Cumartesi,hecelere ayırma,spelling,0,ar-a-ba,a-ra-ba,spelling,ilkokul,2,10.143,1
130,2,2025-07-05 17:52:45.751,Cumartesi,boşluklara doğru harfi koy,letter,0,p / t,p / d,letter,ilkokul,3,30.686,3
131,2,2025-07-04 13:21:47.433,Cuma,ilk harfi yakalama,letter,0,Seyrek,Korsan,letter,ortaokul,16,25.643,4
132,2,2025-07-04 06:44:46.503,Cuma,akıl yürütme,word,0,Uyumak,Su içmek,word,ilkokul,1,26.323,4
133,2,2025-07-03 05:54:45.427,Perşembe,boşluğu doldur,word,0,tişört,mont,word,ilkokul,3,21.515,3
134,2,2025-07-02 15:07:32.527,Çarşamba,harf karıştırma,letter,0,hiçbir – Dürüs,hiçbir – Dürüst,letter,ortaokul,100,28.691,4
135,2,2025-07-02 00:34:09.472,Çarşamba,ilk harfi yakalama,letter,0,Tekerlek,Karpuz,letter,ortaokul,17,26.313,4
136,2,2025-07-01 10:34:22.411,Salı,anlam seçme,meaning,0,Hikayenin çok uzun olduğunu,Okurken hiç sıkılmadığını,meaning,ortaokul,95,39.925,2
137,2,2025-07-01 10:13:08.584,Salı,boşluğu doldur,word,0,özetleyen,tanıtan,word,ortaokul,97,27.247,4
138,2,2025-06-30 05:23:07.208,Pazartesi,karmaşık harflerden kelime oluştur,letter,0,PROMLEB,PROBLEM,letter,ortaokul,97,17.372,3
139,2,2025-06-29 15:30:43.484,Pazar,nesne yönü tanıma,direction,0,Ördek - Araba,Gemi - Robot,direction,ilkokul,2,21.057,3
140,2,2025-06-29 17:11:29.877,Pazar,boşluklara doğru harfi koy,letter,0,"Yaptığı hatanın farkına faran kişi, bunu tüzeltmek için hemen harekete geçti.","Yaptığı hatanın farkına varan kişi, bunu düzeltmek için hemen harekete geçti.",letter,ortaokul,97,18.944,4
141,2,2025-06-29 03:14:31.218,Pazar,akıl yürütme,word,0,Balık yetiştirmek,Suyu biriktirip kontrol etmek ve enerji üretmek,word,ortaokul,99,3.507,4
142,2,2025-06-28 02:31:20.966,Cumartesi,hecelere ayırma,spelling,0,op-e-ras-yon,o-pe-ras-yon,spelling,ortaokul,95,33.16,1
143,2,2025-06-27 16:12:24.145,Cuma,kelime seslerinde uyum,word,0,durun,Ağaçdan,word,ortaokul,16,39.811,3
144,2,2025-06-26 21:59:38.327,Perşembe,hecelere ayırma,spelling,0,ar-a-ba,a-ra-ba,spelling,ilkokul,2,1.275,4
145,2,2025-06-26 06:54:37.963,Perşembe,boşluğu doldur,word,0,bitiren,tanıtan,word,ortaokul,97,30.563,4
146,2,2025-06-25 21:11:43.112,Çarşamba,akıl yürütme,word,0,Turistik gezi düzenlemek,Suyu biriktirip kontrol etmek ve enerji üretmek,word,ortaokul,99,19.828,4
147,2,2025-06-25 06:49:49.012,Çarşamba,anlam bağdaştırma,meaning,0,"Feribot, yolcuları ve arabaları denizin üzerinde taşıyordu.","Feribot, denizin üzerinde arabaları ve yolcuları taşıyordu.",meaning,ortaokul,15,24.438,1
148,2,2025-06-25 02:41:51.777,Çarşamba,karmaşık harflerden kelime oluştur,letter,0,RAI,ARI,letter,ilkokul,1,24.281,3
149,2,2025-06-24 13:35:41.796,Salı,yön takibi,direction,0,Uyuyan hayvan (D) ve kristal kaya (C) üzerinden giden yol (7 adım),Kale (E) üzerinden giden yol (8 adım),direction,ilkokul,2,19.642,1
150,2,2025-06-23 04:50:50.693,Pazartesi,boşluklara doğru harfi koy,letter,0,b / t,p / d,letter,ilkokul,3,11.561,4
151,2,2025-06-22 15:42:24.595,Pazar,karmaşık harflerden kelime oluştur,letter,0,LEKA,KALE,letter,ilkokul,2,14.967,2
152,2,2025-06-22 18:13:11.127,Pazar,nesne yönü tanıma,direction,0,Dinazor - Ördek,Bebek - Kamyon,direction,ilkokul,1,12.359,3
153,2,2025-06-21 11:02:02.246,Cumartesi,boşluğu doldur,word,0,oyuncak,yemek,word,ilkokul,1,17.498,2
154,2,2025-06-21 00:26:15.853,Cumartesi,karmaşık harflerden kelime oluştur,letter,0,PERMOLB,PROBLEM,letter,ortaokul,97,32.189,3
155,2,2025-06-20 23:56:55.722,Cuma,akıl yürütme,word,0,Tekrar oynamalı,Dinlenmeli,word,ilkokul,2,3.791,4
156,2,2025-06-19 23:38:38.123,Perşembe,boşluğu doldur,word,0,oyuncak,yemek,word,ilkokul,1,20.796,2
157,2,2025-06-19 13:01:06.356,Perşembe,anlam seçme,meaning,0,Hikayenin çok uzun olduğunu,Okurken hiç sıkılmadığını,meaning,ortaokul,95,8.118,4
158,2,2025-06-19 09:23:20.436,Perşembe,ilk harfi yakalama,letter,0,Dikkat,Kafes,letter,ilkokul,1,22.254,1
159,2,2025-06-18 15:43:25.316,Çarşamba,anlam bağdaştırma,meaning,0,"Feribot, yolcuları ve arabaları denizin üzerinde taşıyordu.","Feribot, denizin üzerinde arabaları ve yolcuları taşıyordu.",meaning,ortaokul,15,4.442,4
160,2,2025-06-17 08:59:59.811,Salı,ilk harfi yakalama,letter,0,Pencere,Sebze,letter,ortaokul,15,29.681,4
161,2,2025-06-17 08:00:13.022,Salı,nesne yönü tanıma,direction,0,Dinazor - Ördek,Bebek - Kamyon,direction,ilkokul,1,27.923,1
162,2,2025-06-17 01:41:57.251,Salı,boşluklara doğru harfi koy,letter,0,p / t,p / d,letter,ilkokul,3,2.127,1
163,2,2025-06-16 06:03:20.788,Pazartesi,akıl yürütme,word,0,Balık yetiştirmek,Suyu biriktirip kontrol etmek ve enerji üretmek,word,ortaokul,99,2.401,1
164,2,2025-06-15 02:47:05.580,Pazar,nesne yönü tanıma,direction,0,Kule - Kamyonet,Küp - Yoyo,direction,ortaokul,16,22.664,3
165,2,2025-06-15 03:21:52.457,Pazar,boşluğu doldur,word,0,yastık,kalem,word,ilkokul,2,10.811,4
166,2,2025-06-13 18:28:53.415,Cuma,ilk harfi yakalama,letter,0,Dağ,Bardak,letter,ilkokul,3,8.967,1
167,2,2025-06-13 09:33:29.911,Cuma,harf karıştırma,letter,0,hiçbir – Dürüs,hiçbir – Dürüst,letter,ortaokul,100,37.833,2
168,2,2025-06-12 22:38:44.967,Perşembe,anlam seçme,meaning,0,Patates,Elma,meaning,ilkokul,3,13.185,2
169,2,2025-06-12 07:36:20.510,Perşembe,harf karıştırma,letter,0,kedize,kedisi,letter,ilkokul,2,36.809,1
170,2,2025-06-12 07:28:35.158,Perşembe,hecelere ayırma,spelling,0,p-ara-lel,pa-ra-lel,spelling,ortaokul,96,11.452,2
171,2,2025-06-11 06:13:06.381,Çarşamba,kelime seslerinde uyum,word,0,durun,Ağaçdan,word,ortaokul,16,27.836,2
172,2,2025-06-11 05:50:44.729,Çarşamba,nesne yönü tanıma,direction,0,Bebek - Yoyo,Fil - Bebek,direction,ortaokul,17,2.748,4
173,2,2025-06-10 05:45:55.357,Salı,anlam bağdaştırma,meaning,0,Taze çileklerin üzerinde tahta kasenin içinde su damlaları vardı.,Tahta kasenin içindeki taze çileklerin üzerinde su damlaları vardı.,meaning,ortaokul,16,35.907,2
174,2,2025-06-09 10:54:51.368,Pazartesi,kelime seslerinde uyum,word,0,Karıını,Karnı,word,ortaokul,17,18.435,3
175,2,2025-06-08 12:19:25.772,Pazar,harf karıştırma,letter,0,kedici,kedisi,letter,ilkokul,2,31.628,1
176,2,2025-06-08 20:29:05.461,Pazar,yön takibi,direction,0,8 adım,7 adım,direction,ilkokul,1,3.935,1
177,2,2025-06-07 19:56:51.185,Cumartesi,anlam seçme,meaning,0,Pırasa,Elma,meaning,ilkokul,3,8.542,3
178,2,2025-06-07 06:43:31.128,Cumartesi,ilk harfi yakalama,letter,0,Telefon,Bardak,letter,ilkokul,3,6.233,4
179,2,2025-06-06 10:15:43.330,Cuma,boşluklara doğru harfi koy,letter,0,b / b,p / p,letter,ilkokul,2,37.918,1
180,2,2025-06-05 16:22:42.702,Perşembe,nesne yönü tanıma,direction,0,Bebek - Yoyo,Fil - Bebek,direction,ortaokul,17,38.0,1
181,2,2025-06-05 14:05:17.619,Perşembe,nesne yönü tanıma,direction,0,Top - Köpek,Gemi - Robot,direction,ilkokul,2,9.516,2
182,2,2025-06-05 03:39:56.824,Perşembe,anlam bağdaştırma,meaning,0,Ahtapot,Bukalemun,meaning,ilkokul,1,15.232,4
183,2,2025-06-04 19:08:21.410,Çarşamba,hecelere ayırma,spelling,0,o-per-as-yon,o-pe-ras-yon,spelling,ortaokul,95,4.654,3
184,2,2025-06-03 15:47:20.291,Salı,harf karıştırma,letter,0,limonada,limonata,letter,ilkokul,3,13.622,3
185,2,2025-06-03 15:06:28.803,Salı,nesne yönü tanıma,direction,0,Ördek - Araba,Gemi - Robot,direction,ilkokul,2,11.657,1
186,2,2025-06-02 14:29:29.617,Pazartesi,anlam bağdaştırma,meaning,0,Köpek Balığı,Balina,meaning,ilkokul,3,29.786,1
187,2,2025-06-02 04:25:52.995,Pazartesi,karmaşık harflerden kelime oluştur,letter,0,ALEM,ELMA,letter,ilkokul,3,8.602,1
188,2,2025-06-01 01:49:09.041,Pazar,anlam bağdaştırma,meaning,0,Taze çileklerin üzerinde tahta kasenin içinde su damlaları vardı.,Tahta kasenin içindeki taze çileklerin üzerinde su damlaları vardı.,meaning,ortaokul,16,6.543,4
189,2,2025-06-01 01:32:14.674,Pazar,anlam seçme,meaning,0,Ilık,Soğuk,meaning,ilkokul,2,18.112,2
190,2,2025-05-31 04:47:14.074,Cumartesi,anlam seçme,meaning,0,Ilık,Soğuk,meaning,ilkokul,2,21.149,4
191,2,2025-05-30 21:30:37.661,Cuma,yön takibi,direction,0,Sağ → Sol → Düz,Sol → Sol → Düz,direction,ortaokul,15,11.982,4
192,2,2025-05-29 20:18:59.616,Perşembe,karmaşık harflerden kelime oluştur,letter,0,ÖĞRECİN,ÖĞRENCİ,letter,ortaokul,95,23.04,3
193,3,2025-07-24 07:58:00.554,Perşembe,yön takibi,direction,0,Sağ → Düz → Sağ,Sol → Düz → Sağ,direction,ortaokul,16,30.076,3
194,3,2025-07-23 17:54:38.453,Çarşamba,anlam seçme,meaning,0,Hızlıca ve dikkatsizce yapmak,"Dikkat ederek, en iyi şekilde yapmak",meaning,ortaokul,96,32.585,2
195,3,2025-07-23 11:06:53.790,Çarşamba,boşluğu doldur,word,0,yastık,kalem,word,ilkokul,2,3.607,3
196,3,2025-07-22 14:50:27.697,Salı,kelime seslerinde uyum,word,0,Karını,Karnı,word,ortaokul,17,24.963,1
197,3,2025-07-22 10:47:38.681,Salı,harf karıştırma,letter,0,Grupca – Herkes,Grupça – Herkes,letter,ortaokul,96,29.457,4
198,3,2025-07-21 15:42:03.170,Pazartesi,boşluklara doğru harfi koy,letter,0,"Hayfannar, doğal yaşamın vazgeçilmez pir parjasıdır ve korunmalıdır.","Hayvanlar, doğal yaşamın vazgeçilmez bir parçasıdır ve korunmalıdır.",letter,ortaokul,95,3.764,2
199,3,2025-07-21 03:34:11.435,Pazartesi,anlam bağdaştırma,meaning,0,Kertenkele,Bukalemun,meaning,ilkokul,1,11.35,2
200,3,2025-07-20 00:13:44.399,Pazar,nesne yönü tanıma,direction,0,Uçak - Sarı araba,Gemi - Kalem,direction,ortaokul,15,30.56,4
201,3,2025-07-19 17:28:59.476,Cumartesi,ilk harfi yakalama,letter,0,Patik,Kafes,letter,ilkokul,1,32.585,3
202,3,2025-07-18 20:00:35.730,Cuma,akıl yürütme,word,0,Yöneticileri zenginleştirmek,Toplumsal düzeni ve adaleti sağlamak,word,ortaokul,100,28.083,3
203,3,2025-07-18 21:24:13.968,Cuma,kelime seslerinde uyum,word,0,Tank,Taç,word,ilkokul,1,24.382,4
204,3,2025-07-18 03:22:53.610,Cuma,hecelere ayırma,spelling,0,p-ara-lel,pa-ra-lel,spelling,ortaokul,96,6.815,2
205,3,2025-07-17 13:47:40.954,Perşembe,anlam seçme,meaning,0,Umursamaz,Kırgın,meaning,ilkokul,1,8.319,3
206,3,2025-07-17 09:11:39.429,Perşembe,yön takibi,direction,0,Sol → Sağ → Düz,Sol → Sol → Düz,direction,ortaokul,15,38.346,2
207,3,2025-07-16 07:41:58.325,Çarşamba,hecelere ayırma,spelling,0,ar-a-ba,a-ra-ba,spelling,ilkokul,2,1.837,2
208,3,2025-07-15 17:22:58.880,Salı,anlam seçme,meaning,0,Neşeli,Kırgın,meaning,ilkokul,1,18.967,4
209,3,2025-07-15 00:35:57.596,Salı,harf karıştırma,letter,0,karışıktı – uraştım,karışıktı – uğraştım,letter,ortaokul,98,13.371,1
210,3,2025-07-14 05:01:09.423,Pazartesi,hecelere ayırma,spelling,0,o-k-ul,o-kul,spelling,ilkokul,3,34.613,1
211,3,2025-07-13 14:32:38.841,Pazar,boşluklara doğru harfi koy,letter,0,"Yaptığı hatanın farkına faran kişi, bunu tüzeltmek için hemen harekete geçti.","Yaptığı hatanın farkına varan kişi, bunu düzeltmek için hemen harekete geçti.",letter,ortaokul,97,16.21,1
212,3,2025-07-13 00:44:51.537,Pazar,akıl yürütme,word,0,Turistik gezi düzenlemek,Suyu biriktirip kontrol etmek ve enerji üretmek,word,ortaokul,99,25.037,2
213,3,2025-07-12 11:59:53.722,Cumartesi,nesne yönü tanıma,direction,0,Ayı - Araba,Top - Tavşan,direction,ilkokul,3,3.812,4
214,3,2025-07-12 07:51:28.655,Cumartesi,anlam bağdaştırma,meaning,0,Ördek,Ornitorenk,meaning,ilkokul,2,31.791,2
215,3,2025-07-12 03:36:18.055,Cumartesi,yön takibi,direction,0,Uyuyan hayvan (D) ve kristal kaya (C) üzerinden giden yol (7 adım),Kale (E) üzerinden giden yol (8 adım),direction,ilkokul,2,5.398,4
216,3,2025-07-11 10:10:45.623,Cuma,boşluğu doldur,word,0,hücre,atom,word,ortaokul,96,15.803,3
217,3,2025-07-10 07:28:31.781,Perşembe,anlam bağdaştırma,meaning,0,Beyaz fincanın köpüğünde bir kalp deseni kahvenin üzerinde vardı.,Beyaz fincanın içindeki kahvenin köpüğünde bir kalp deseni vardı.,meaning,ortaokul,17,28.675,3
218,3,2025-07-09 17:15:48.948,Çarşamba,karmaşık harflerden kelime oluştur,letter,0,MELA,ELMA,letter,ilkokul,3,33.32,4
219,3,2025-07-09 02:05:18.631,Çarşamba,yön takibi,direction,0,Sol → Sağ → Sağ,Sağ → Sol → Düz,direction,ortaokul,17,18.826,2
220,3,2025-07-08 20:02:02.242,Salı,harf karıştırma,letter,0,papayalar,papatyalar,letter,ilkokul,1,10.19,3
221,3,2025-07-08 06:23:29.623,Salı,boşluklara doğru harfi koy,letter,0,"Herhangi pir işe paşlamadan önce detaylı bir plan yapmak, paşarı şansını artırır.","Herhangi bir işe başlamadan önce detaylı bir plan yapmak, başarı şansını artırır.",letter,ortaokul,96,35.629,3
222,3,2025-07-07 12:28:04.058,Pazartesi,anlam seçme,meaning,0,Kişinin hasta olduğunu,Kişinin çok iyi hissettiğini,meaning,ortaokul,97,27.385,4
223,3,2025-07-07 04:21:13.548,Pazartesi,anlam seçme,meaning,0,Umursamaz,Kırgın,meaning,ilkokul,1,22.393,4
224,3,2025-07-05 22:05:08.474,Cumartesi,akıl yürütme,word,0,Her şeye hemen inanır,"Bilgiyi sorgular, analiz eder ve değerlendirir",word,ortaokul,98,30.782,2
225,3,2025-07-05 18:49:24.017,Cumartesi,karmaşık harflerden kelime oluştur,letter,0,ÖĞRECİN,ÖĞRENCİ,letter,ortaokul,95,11.256,4
226,3,2025-07-05 10:35:13.387,Cumartesi,anlam seçme,meaning,0,Hikayenin sonunu beğenmediğini,Okurken hiç sıkılmadığını,meaning,ortaokul,95,26.757,2
227,3,2025-07-04 21:48:36.956,Cuma,anlam seçme,meaning,0,Hızlıca ve dikkatsizce yapmak,"Dikkat ederek, en iyi şekilde yapmak",meaning,ortaokul,96,30.811,1
228,3,2025-07-04 11:33:23.879,Cuma,hecelere ayırma,spelling,0,o-k-ul,o-kul,spelling,ilkokul,3,29.01,2
229,3,2025-07-03 10:49:24.194,Perşembe,anlam seçme,meaning,0,Pırasa,Elma,meaning,ilkokul,3,2.994,4
230,3,2025-07-03 02:25:21.665,Perşembe,nesne yönü tanıma,direction,0,Ayı - Araba,Top - Tavşan,direction,ilkokul,3,17.863,2
231,3,2025-07-02 02:25:35.444,Çarşamba,yön takibi,direction,0,A ile D arasında (4 adım),Hem A-B yolu hem de C-E yolu (ikisi de 6 adım),direction,ilkokul,3,25.739,3
232,3,2025-07-01 12:05:33.826,Salı,boşluklara doğru harfi koy,letter,0,d / p,p / p,letter,ilkokul,2,30.712,4
233,3,2025-07-01 04:57:00.768,Salı,anlam seçme,meaning,0,Umursamaz,Kırgın,meaning,ilkokul,1,15.856,4
234,3,2025-06-30 19:51:54.132,Pazartesi,karmaşık harflerden kelime oluştur,letter,0,ÖĞRECİN,ÖĞRENCİ,letter,ortaokul,95,15.67,3
235,3,2025-06-29 15:34:31.085,Pazar,hecelere ayırma,spelling,0,ar-a-ba,a-ra-ba,spelling,ilkokul,2,1.089,1
236,3,2025-06-29 11:54:35.777,Pazar,ilk harfi yakalama,letter,0,Saat,Sebze,letter,ortaokul,15,10.467,4
237,3,2025-06-28 08:40:14.506,Cumartesi,ilk harfi yakalama,letter,0,Saat,Sebze,letter,ortaokul,15,14.681,1
238,3,2025-06-28 15:19:39.961,Cumartesi,boşluklara doğru harfi koy,letter,0,"Hayfannar, doğal yaşamın vazgeçilmez pir parjasıdır ve korunmalıdır.","Hayvanlar, doğal yaşamın vazgeçilmez bir parçasıdır ve korunmalıdır.",letter,ortaokul,95,35.832,4
239,3,2025-06-27 09:31:09.749,Cuma,anlam bağdaştırma,meaning,0,Ördek,Ornitorenk,meaning,ilkokul,2,7.645,4
240,3,2025-06-27 02:51:33.952,Cuma,nesne yönü tanıma,direction,0,Hanoi kuleleri - Tren,Küp - Yoyo,direction,ortaokul,16,17.583,4
241,3,2025-06-26 12:28:21.774,Perşembe,anlam bağdaştırma,meaning,0,Kahvenin köpüğünde beyaz bir fincanın üzerinde kalp deseni vardı.,Beyaz fincanın içindeki kahvenin köpüğünde bir kalp deseni vardı.,meaning,ortaokul,17,4.6,4
242,3,2025-06-26 04:02:58.087,Perşembe,boşluğu doldur,word,0,duygusal,eleştirel,word,ortaokul,95,2.152,3
243,3,2025-06-25 08:40:15.001,Çarşamba,boşluklara doğru harfi koy,letter,0,"Herhangi pir işe paşlamadan önce detaylı bir plan yapmak, paşarı şansını artırır.","Herhangi bir işe başlamadan önce detaylı bir plan yapmak, başarı şansını artırır.",letter,ortaokul,96,23.593,1
244,3,2025-06-24 22:13:48.084,Salı,anlam seçme,meaning,0,Hikayenin sonunu beğenmediğini,Okurken hiç sıkılmadığını,meaning,ortaokul,95,24.443,2
245,3,2025-06-24 09:47:17.677,Salı,harf karıştırma,letter,0,hiç bir – Dürüst,hiçbir – Dürüst,letter,ortaokul,100,15.415,2
246,3,2025-06-23 10:11:08.516,Pazartesi,anlam seçme,meaning,0,Hızlıca ve dikkatsizce yapmak,"Dikkat ederek, en iyi şekilde yapmak",meaning,ortaokul,96,7.244,3
247,3,2025-06-23 01:27:48.568,Pazartesi,anlam bağdaştırma,meaning,0,Tahta kasenin üzerindeki taze çileklerin içinde su damlaları vardı.,Tahta kasenin içindeki taze çileklerin üzerinde su damlaları vardı.,meaning,ortaokul,16,18.36,3
248,3,2025-06-22 14:17:49.988,Pazar,akıl yürütme,word,0,Daha yükseğe tırmanır,Birinin yardım etmesini bekler,word,ilkokul,3,12.831,1
249,3,2025-06-21 23:59:22.136,Cumartesi,harf karıştırma,letter,0,betatyalar,papatyalar,letter,ilkokul,1,38.835,3
250,3,2025-06-20 21:21:15.990,Cuma,akıl yürütme,word,0,Yöneticileri zenginleştirmek,Toplumsal düzeni ve adaleti sağlamak,word,ortaokul,100,13.27,4
251,3,2025-06-20 10:57:41.358,Cuma,karmaşık harflerden kelime oluştur,letter,0,LEKA,KALE,letter,ilkokul,2,37.485,3
252,3,2025-06-20 13:56:45.925,Cuma,hecelere ayırma,spelling,0,par-a-lel,pa-ra-lel,spelling,ortaokul,96,19.837,3
253,3,2025-06-19 11:25:27.547,Perşembe,harf karıştırma,letter,0,limanata,limonata,letter,ilkokul,3,9.835,4
254,3,2025-06-18 22:46:01.408,Çarşamba,anlam seçme,meaning,0,Ilık,Soğuk,meaning,ilkokul,2,39.581,4
255,3,2025-06-17 20:58:16.881,Salı,yön takibi,direction,0,A ile D arasında (4 adım),Hem A-B yolu hem de C-E yolu (ikisi de 6 adım),direction,ilkokul,3,2.497,4
256,3,2025-06-18 03:04:26.808,Çarşamba,harf karıştırma,letter,0,karışıktı – uraştım,karışıktı – uğraştım,letter,ortaokul,98,9.168,4
257,3,2025-06-17 15:56:34.703,Salı,kelime seslerinde uyum,word,0,-ler,-lar,word,ortaokul,15,20.884,4
258,3,2025-06-16 16:24:47.564,Pazartesi,anlam seçme,meaning,0,Kişinin hasta olduğunu,Kişinin çok iyi hissettiğini,meaning,ortaokul,97,8.652,3
259,3,2025-06-16 03:18:00.440,Pazartesi,kelime seslerinde uyum,word,0,durun,Ağaçdan,word,ortaokul,16,24.453,3
260,3,2025-06-15 17:25:10.630,Pazar,ilk harfi yakalama,letter,0,Patik,Kafes,letter,ilkokul,1,20.951,2
261,3,2025-06-15 01:01:40.052,Pazar,harf karıştırma,letter,0,limonada,limonata,letter,ilkokul,3,38.527,3
262,3,2025-06-14 04:22:14.271,Cumartesi,karmaşık harflerden kelime oluştur,letter,0,PERMOLB,PROBLEM,letter,ortaokul,97,10.381,4
263,3,2025-06-13 11:43:38.223,Cuma,anlam seçme,meaning,0,Kişinin üzgün olduğunu,Kişinin çok iyi hissettiğini,meaning,ortaokul,97,28.812,3
264,3,2025-06-13 11:33:46.466,Cuma,anlam seçme,meaning,0,Hızlıca ve dikkatsizce yapmak,"Dikkat ederek, en iyi şekilde yapmak",meaning,ortaokul,96,20.361,3
265,3,2025-06-12 02:34:20.018,Perşembe,ilk harfi yakalama,letter,0,Saat,Sebze,letter,ortaokul,15,37.257,4
266,3,2025-06-12 03:28:03.505,Perşembe,anlam seçme,meaning,0,Ilık,Soğuk,meaning,ilkokul,2,12.542,4
267,3,2025-06-11 11:58:12.364,Çarşamba,anlam bağdaştırma,meaning,0,Kahvenin köpüğünde beyaz bir fincanın üzerinde kalp deseni vardı.,Beyaz fincanın içindeki kahvenin köpüğünde bir kalp deseni vardı.,meaning,ortaokul,17,27.939,1
268,3,2025-06-10 21:43:55.995,Salı,nesne yönü tanıma,direction,0,Tren - Bebek,Top - Tavşan,direction,ilkokul,3,8.51,1
269,3,2025-06-10 12:00:40.288,Salı,yön takibi,direction,0,F ile E arasında (6 adım),Hem A-B yolu hem de C-E yolu (ikisi de 6 adım),direction,ilkokul,3,22.735,2
270,3,2025-06-09 11:05:17.797,Pazartesi,harf karıştırma,letter,0,kedici,kedisi,letter,ilkokul,2,34.889,2
271,3,2025-06-09 00:05:00.886,Pazartesi,hecelere ayırma,spelling,0,kal-em,ka-lem,spelling,ilkokul,1,23.012,1
272,3,2025-06-08 18:36:41.723,Pazar,nesne yönü tanıma,direction,0,Ayıcık - Araba,Fil - Bebek,direction,ortaokul,17,25.716,1
273,3,2025-06-07 21:39:34.254,Cumartesi,hecelere ayırma,spelling,0,o-per-as-yon,o-pe-ras-yon,spelling,ortaokul,95,37.538,4
274,3,2025-06-06 23:44:27.442,Cuma,kelime seslerinde uyum,word,0,Karıını,Karnı,word,ortaokul,17,5.568,1
275,3,2025-06-06 10:52:36.658,Cuma,harf karıştırma,letter,0,papayalar,papatyalar,letter,ilkokul,1,21.324,2
276,3,2025-06-06 07:35:23.550,Cuma,anlam seçme,meaning,0,Hikayenin çok uzun olduğunu,Okurken hiç sıkılmadığını,meaning,ortaokul,95,25.433,1
277,3,2025-06-05 08:38:24.118,Perşembe,akıl yürütme,word,0,İnsanları kısıtlamak,Toplumsal düzeni ve adaleti sağlamak,word,ortaokul,100,2.624,1
278,3,2025-06-04 15:36:35.108,Çarşamba,harf karıştırma,letter,0,Grupça – Herkez,Grupça – Herkes,letter,ortaokul,96,2.254,4
279,3,2025-06-03 20:15:08.195,Salı,boşluklara doğru harfi koy,letter,0,"Yaptığı hatanın farkına faran kişi, bunu tüzeltmek için hemen harekete geçti.","Yaptığı hatanın farkına varan kişi, bunu düzeltmek için hemen harekete geçti.",letter,ortaokul,97,11.016,4
280,3,2025-06-04 02:27:34.680,Çarşamba,anlam bağdaştırma,meaning,0,"Feribot, yolcuları ve arabaları denizin üzerinde taşıyordu.","Feribot, denizin üzerinde arabaları ve yolcuları taşıyordu.",meaning,ortaokul,15,25.191,1
281,3,2025-06-03 05:04:30.970,Salı,yön takibi,direction,0,Sağ → Sol → Düz,Sol → Sol → Düz,direction,ortaokul,15,28.903,3
282,3,2025-06-02 10:09:17.725,Pazartesi,yön takibi,direction,0,9 adım,7 adım,direction,ilkokul,1,25.294,2
283,3,2025-06-01 14:23:33.088,Pazar,yön takibi,direction,0,Sol → Sağ → Düz,Sol → Sol → Düz,direction,ortaokul,15,38.85,2
284,3,2025-06-01 00:08:59.797,Pazar,akıl yürütme,word,0,Uyumak,Su içmek,word,ilkokul,1,38.903,4
285,3,2025-06-01 01:42:57.035,Pazar,hecelere ayırma,spelling,0,kal-em,ka-lem,spelling,ilkokul,1,2.469,4
286,3,2025-05-31 02:30:52.205,Cumartesi,kelime seslerinde uyum,word,0,Kedi,Balık,word,ilkokul,2,32.979,2
287,3,2025-05-30 18:54:52.360,Cuma,akıl yürütme,word,0,Uçabilir,Birinin yardım etmesini bekler,word,ilkokul,3,6.076,4
288,3,2025-05-30 11:32:17.804,Cuma,kelime seslerinde uyum,word,0,Top,Taç,word,ilkokul,1,15.498,3
289,4,2025-07-24 07:24:53.098,Perşembe,ilk harfi yakalama,letter,0,Tekerlek,Karpuz,letter,ortaokul,17,16.632,2
290,4,2025-07-23 12:37:55.621,Çarşamba,hecelere ayırma,spelling,0,sant-ral,san-tral,spelling,ortaokul,97,14.152,2
291,4,2025-07-23 15:41:35.747,Çarşamba,akıl yürütme,word,0,Uyumak,Su içmek,word,ilkokul,1,30.213,4
292,4,2025-07-23 05:14:46.400,Çarşamba,boşluğu doldur,word,0,yastık,kalem,word,ilkokul,2,33.071,2
293,4,2025-07-22 07:30:42.340,Salı,harf karıştırma,letter,0,betatyalar,papatyalar,letter,ilkokul,1,13.201,4
294,4,2025-07-21 16:25:24.467,Pazartesi,akıl yürütme,word,0,Her şeye hemen inanır,"Bilgiyi sorgular, analiz eder ve değerlendirir",word,ortaokul,98,36.593,3
295,4,2025-07-21 00:10:50.736,Pazartesi,karmaşık harflerden kelime oluştur,letter,0,MELA,ELMA,letter,ilkokul,3,4.993,4
296,4,2025-07-20 10:13:27.433,Pazar,yön takibi,direction,0,9 adım,7 adım,direction,ilkokul,1,27.279,1
297,4,2025-07-19 21:30:37.524,Cumartesi,yön takibi,direction,0,Sol → Sağ → Düz,Sol → Sol → Düz,direction,ortaokul,15,34.874,4
298,4,2025-07-19 00:21:11.202,Cumartesi,nesne yönü tanıma,direction,0,Hanoi kuleleri - Tren,Küp - Yoyo,direction,ortaokul,16,14.385,1
299,4,2025-07-18 22:56:27.506,Cuma,ilk harfi yakalama,letter,0,Dikkat,Kafes,letter,ilkokul,1,25.866,1
300,4,2025-07-17 20:36:58.760,Perşembe,yön takibi,direction,0,Sağ → Sol → Düz,Sol → Sol → Düz,direction,ortaokul,15,30.008,4
301,4,2025-07-17 19:05:57.522,Perşembe,kelime seslerinde uyum,word,0,-ler,-lar,word,ortaokul,15,30.012,3
302,4,2025-07-16 16:22:49.772,Çarşamba,anlam bağdaştırma,meaning,0,Taze çileklerin üzerinde tahta kasenin içinde su damlaları vardı.,Tahta kasenin içindeki taze çileklerin üzerinde su damlaları vardı.,meaning,ortaokul,16,5.795,1
303,4,2025-07-16 05:09:27.605,Çarşamba,boşluklara doğru harfi koy,letter,0,p,b,letter,ilkokul,1,4.233,2
304,4,2025-07-15 09:39:08.058,Salı,nesne yönü tanıma,direction,0,Top - Köpek,Gemi - Robot,direction,ilkokul,2,11.068,4
305,4,2025-07-14 19:59:17.367,Pazartesi,ilk harfi yakalama,letter,0,Cüzdan,Çanta,letter,ilkokul,2,31.256,1
306,4,2025-07-14 11:48:07.687,Pazartesi,nesne yönü tanıma,direction,0,Araba - Top,Bebek - Kamyon,direction,ilkokul,1,39.186,2
307,4,2025-07-14 08:43:26.833,Pazartesi,anlam bağdaştırma,meaning,0,Kahvenin köpüğünde beyaz bir fincanın üzerinde kalp deseni vardı.,Beyaz fincanın içindeki kahvenin köpüğünde bir kalp deseni vardı.,meaning,ortaokul,17,23.077,3
308,4,2025-07-13 16:26:48.184,Pazar,boşluklara doğru harfi koy,letter,0,"Yaptığı hatanın farkına faran kişi, bunu tüzeltmek için hemen harekete geçti.","Yaptığı hatanın farkına varan kişi, bunu düzeltmek için hemen harekete geçti.",letter,ortaokul,97,39.501,4
309,4,2025-07-12 13:07:09.981,Cumartesi,harf karıştırma,letter,0,Grupça – Herkez,Grupça – Herkes,letter,ortaokul,96,34.811,2
310,4,2025-07-11 22:22:15.471,Cuma,karmaşık harflerden kelime oluştur,letter,0,LAKE,KALE,letter,ilkokul,2,32.92,3
311,4,2025-07-11 21:18:04.754,Cuma,harf karıştırma,letter,0,Grupca – Herkes,Grupça – Herkes,letter,ortaokul,96,28.596,1
312,4,2025-07-11 00:49:49.692,Cuma,boşluklara doğru harfi koy,letter,0,d / p,p / p,letter,ilkokul,2,31.898,1
313,4,2025-07-10 11:55:38.811,Perşembe,boşluklara doğru harfi koy,letter,0,"Yaptığı hatanın farkına faran kişi, bunu tüzeltmek için hemen harekete geçti.","Yaptığı hatanın farkına varan kişi, bunu düzeltmek için hemen harekete geçti.",letter,ortaokul,97,32.03,1
314,4,2025-07-09 17:12:34.809,Çarşamba,karmaşık harflerden kelime oluştur,letter,0,ALEM,ELMA,letter,ilkokul,3,1.245,3
315,4,2025-07-09 06:30:35.302,Çarşamba,anlam seçme,meaning,0,Pırasa,Elma,meaning,ilkokul,3,32.577,4
316,4,2025-07-08 23:45:12.013,Salı,boşluğu doldur,word,0,hücre,atom,word,ortaokul,96,21.079,2
317,4,2025-07-07 16:56:23.528,Pazartesi,ilk harfi yakalama,letter,0,Kalem,Çanta,letter,ilkokul,2,19.467,1
318,4,2025-07-07 23:29:58.600,Pazartesi,hecelere ayırma,spelling,0,k-alem,ka-lem,spelling,ilkokul,1,13.561,4
319,4,2025-07-06 19:39:10.358,Pazar,boşluğu doldur,word,0,bitiren,tanıtan,word,ortaokul,97,23.314,2
320,4,2025-07-06 16:36:31.455,Pazar,ilk harfi yakalama,letter,0,Seyrek,Korsan,letter,ortaokul,16,24.753,4
321,4,2025-07-05 16:41:00.533,Cumartesi,nesne yönü tanıma,direction,0,Kule - Kamyonet,Küp - Yoyo,direction,ortaokul,16,19.293,4
322,4,2025-07-05 02:17:38.006,Cumartesi,harf karıştırma,letter,0,papayalar,papatyalar,letter,ilkokul,1,23.851,3
323,4,2025-07-04 20:27:17.192,Cuma,kelime seslerinde uyum,word,0,İkisi de olur,-lar,word,ortaokul,15,1.833,2
324,4,2025-07-03 16:15:39.850,Perşembe,harf karıştırma,letter,0,karışıktı – uraştım,karışıktı – uğraştım,letter,ortaokul,98,30.116,2
325,4,2025-07-03 20:54:18.980,Perşembe,nesne yönü tanıma,direction,0,Bebek - Yoyo,Fil - Bebek,direction,ortaokul,17,28.417,2
326,4,2025-07-03 00:59:03.853,Perşembe,boşluklara doğru harfi koy,letter,0,b / b,p / p,letter,ilkokul,2,22.347,1
327,4,2025-07-02 15:51:42.438,Çarşamba,hecelere ayırma,spelling,0,ar-a-ba,a-ra-ba,spelling,ilkokul,2,27.175,4
328,4,2025-07-01 08:07:00.772,Salı,kelime seslerinde uyum,word,0,Top,Taç,word,ilkokul,1,15.172,1
329,4,2025-07-01 04:02:05.957,Salı,kelime seslerinde uyum,word,0,YÜZ,KÖZ,word,ilkokul,3,33.076,2
330,4,2025-06-30 13:27:27.427,Pazartesi,akıl yürütme,word,0,Uyumak,Su içmek,word,ilkokul,1,5.434,3
331,4,2025-06-29 21:54:29.539,Pazar,anlam seçme,meaning,0,İsteksizce yapmak,"Dikkat ederek, en iyi şekilde yapmak",meaning,ortaokul,96,22.634,3
332,4,2025-06-29 09:34:46.266,Pazar,hecelere ayırma,spelling,0,o-per-as-yon,o-pe-ras-yon,spelling,ortaokul,95,8.92,3
333,4,2025-06-28 20:14:38.396,Cumartesi,kelime seslerinde uyum,word,0,Tank,Taç,word,ilkokul,1,15.22,1
334,4,2025-06-28 05:12:24.300,Cumartesi,harf karıştırma,letter,0,hiçbir – Dürüs,hiçbir – Dürüst,letter,ortaokul,100,3.911,3
335,4,2025-06-27 22:59:21.357,Cuma,kelime seslerinde uyum,word,0,Karıını,Karnı,word,ortaokul,17,14.846,1
336,4,2025-06-26 18:33:23.596,Perşembe,hecelere ayırma,spelling,0,p-ara-lel,pa-ra-lel,spelling,ortaokul,96,7.977,2
337,4,2025-06-26 09:29:47.490,Perşembe,akıl yürütme,word,0,Kavga etmeli,Dinlenmeli,word,ilkokul,2,17.067,4
338,4,2025-06-25 17:33:16.258,Çarşamba,boşluklara doğru harfi koy,letter,0,"Hayfannar, doğal yaşamın vazgeçilmez pir parjasıdır ve korunmalıdır.","Hayvanlar, doğal yaşamın vazgeçilmez bir parçasıdır ve korunmalıdır.",letter,ortaokul,95,37.203,1
339,4,2025-06-25 11:07:30.216,Çarşamba,karmaşık harflerden kelime oluştur,letter,0,AIR,ARI,letter,ilkokul,1,19.766,4
340,4,2025-06-25 00:32:54.190,Çarşamba,boşluğu doldur,word,0,dogmatik,eleştirel,word,ortaokul,95,5.673,2
341,4,2025-06-24 03:28:35.906,Salı,hecelere ayırma,spelling,0,k-alem,ka-lem,spelling,ilkokul,1,34.745,2
342,4,2025-06-23 10:44:27.882,Pazartesi,ilk harfi yakalama,letter,0,Pencere,Sebze,letter,ortaokul,15,31.217,4
343,4,2025-06-22 17:47:15.586,Pazar,hecelere ayırma,spelling,0,ok-ul,o-kul,spelling,ilkokul,3,26.38,1
344,4,2025-06-22 16:22:06.538,Pazar,hecelere ayırma,spelling,0,o-per-as-yon,o-pe-ras-yon,spelling,ortaokul,95,38.62,4
345,4,2025-06-21 14:53:45.926,Cumartesi,nesne yönü tanıma,direction,0,Kule - Kamyonet,Küp - Yoyo,direction,ortaokul,16,7.472,4
346,4,2025-06-21 02:57:31.242,Cumartesi,boşluklara doğru harfi koy,letter,0,p,b,letter,ilkokul,1,3.01,3
347,4,2025-06-20 21:06:06.223,Cuma,boşluğu doldur,word,0,çatal,kalem,word,ilkokul,2,31.752,3
348,4,2025-06-20 01:35:30.668,Cuma,akıl yürütme,word,0,İnsanları kısıtlamak,Toplumsal düzeni ve adaleti sağlamak,word,ortaokul,100,26.622,1
349,4,2025-06-19 18:41:00.814,Perşembe,boşluğu doldur,word,0,özetleyen,tanıtan,word,ortaokul,97,37.902,3
350,4,2025-06-19 01:02:22.922,Perşembe,akıl yürütme,word,0,Turistik gezi düzenlemek,Suyu biriktirip kontrol etmek ve enerji üretmek,word,ortaokul,99,7.809,3
351,4,2025-06-17 23:05:01.449,Salı,hecelere ayırma,spelling,0,par-a-lel,pa-ra-lel,spelling,ortaokul,96,18.26,4
352,4,2025-06-18 01:47:00.934,Çarşamba,anlam seçme,meaning,0,Hikayenin çok uzun olduğunu,Okurken hiç sıkılmadığını,meaning,ortaokul,95,38.53,3
353,4,2025-06-16 16:38:40.588,Pazartesi,kelime seslerinde uyum,word,0,Kedi,Balık,word,ilkokul,2,2.708,2
354,4,2025-06-16 14:30:51.747,Pazartesi,anlam seçme,meaning,0,Kişinin hasta olduğunu,Kişinin çok iyi hissettiğini,meaning,ortaokul,97,10.777,1
355,4,2025-06-16 09:20:00.700,Pazartesi,akıl yürütme,word,0,Sadece kendi fikirlerini kabul eder,"Bilgiyi sorgular, analiz eder ve değerlendirir",word,ortaokul,98,11.594,1
356,4,2025-06-15 10:25:17.036,Pazar,anlam seçme,meaning,0,Umursamaz,Kırgın,meaning,ilkokul,1,8.168,1
357,4,2025-06-14 17:47:49.382,Cumartesi,hecelere ayırma,spelling,0,sa-ntral,san-tral,spelling,ortaokul,97,17.986,3
358,4,2025-06-14 06:48:10.342,Cumartesi,hecelere ayırma,spelling,0,sant-ral,san-tral,spelling,ortaokul,97,16.692,2
359,4,2025-06-13 19:56:10.285,Cuma,boşluklara doğru harfi koy,letter,0,"Herhangi pir işe paşlamadan önce detaylı bir plan yapmak, paşarı şansını artırır.","Herhangi bir işe başlamadan önce detaylı bir plan yapmak, başarı şansını artırır.",letter,ortaokul,96,21.33,1
360,4,2025-06-12 15:26:31.099,Perşembe,anlam bağdaştırma,meaning,0,Ördek,Ornitorenk,meaning,ilkokul,2,19.571,1
361,4,2025-06-12 01:40:04.685,Perşembe,anlam seçme,meaning,0,Ilık,Soğuk,meaning,ilkokul,2,15.324,4
362,4,2025-06-11 11:38:04.108,Çarşamba,harf karıştırma,letter,0,limanata,limonata,letter,ilkokul,3,7.312,1
363,4,2025-06-11 16:26:30.715,Çarşamba,anlam bağdaştırma,meaning,0,Ördek,Ornitorenk,meaning,ilkokul,2,10.021,3
364,4,2025-06-11 03:48:48.405,Çarşamba,boşluklara doğru harfi koy,letter,0,"Hayfannar, doğal yaşamın vazgeçilmez pir parjasıdır ve korunmalıdır.","Hayvanlar, doğal yaşamın vazgeçilmez bir parçasıdır ve korunmalıdır.",letter,ortaokul,95,1.572,4
365,4,2025-06-09 19:18:58.201,Pazartesi,hecelere ayırma,spelling,0,op-e-ras-yon,o-pe-ras-yon,spelling,ortaokul,95,1.504,3
366,4,2025-06-09 13:46:26.329,Pazartesi,harf karıştırma,letter,0,limanata,limonata,letter,ilkokul,3,9.448,4
367,4,2025-06-09 05:40:02.056,Pazartesi,anlam seçme,meaning,0,Hikayenin sonunu beğenmediğini,Okurken hiç sıkılmadığını,meaning,ortaokul,95,12.206,1
368,4,2025-06-08 11:54:07.493,Pazar,kelime seslerinde uyum,word,0,İkisi de olur,-lar,word,ortaokul,15,39.867,2
369,4,2025-06-07 18:22:25.096,Cumartesi,nesne yönü tanıma,direction,0,Ayı - Araba,Top - Tavşan,direction,ilkokul,3,35.027,3
370,4,2025-06-07 12:09:04.153,Cumartesi,nesne yönü tanıma,direction,0,Top - Köpek,Gemi - Robot,direction,ilkokul,2,24.772,1
371,4,2025-06-06 19:38:13.724,Cuma,boşluğu doldur,word,0,hücre,atom,word,ortaokul,96,39.957,3
372,4,2025-06-05 21:28:00.671,Perşembe,hecelere ayırma,spelling,0,op-e-ras-yon,o-pe-ras-yon,spelling,ortaokul,95,14.186,4
373,4,2025-06-05 02:18:58.647,Perşembe,anlam seçme,meaning,0,Ilık,Soğuk,meaning,ilkokul,2,22.69,3
374,4,2025-06-05 06:55:32.064,Perşembe,nesne yönü tanıma,direction,0,Top - Köpek,Gemi - Robot,direction,ilkokul,2,9.48,4
375,4,2025-06-03 23:30:11.086,Salı,karmaşık harflerden kelime oluştur,letter,0,PERMOLB,PROBLEM,letter,ortaokul,97,32.272,2
376,4,2025-06-03 16:13:00.085,Salı,anlam bağdaştırma,meaning,0,Taze çileklerin üzerinde tahta kasenin içinde su damlaları vardı.,Tahta kasenin içindeki taze çileklerin üzerinde su damlaları vardı.,meaning,ortaokul,16,2.408,4
377,4,2025-06-03 00:45:11.988,Salı,yön takibi,direction,0,Sol → Sağ → Düz,Sol → Sol → Düz,direction,ortaokul,15,4.636,2
378,4,2025-06-02 03:25:21.808,Pazartesi,nesne yönü tanıma,direction,0,Bebek - Yoyo,Fil - Bebek,direction,ortaokul,17,7.899,3
379,4,2025-06-01 23:03:26.824,Pazar,akıl yürütme,word,0,Tekrar oynamalı,Dinlenmeli,word,ilkokul,2,39.949,4
380,4,2025-06-01 03:13:40.420,Pazar,akıl yürütme,word,0,Daha yükseğe tırmanır,Birinin yardım etmesini bekler,word,ilkokul,3,31.918,3
381,4,2025-06-01 02:01:10.143,Pazar,kelime seslerinde uyum,word,0,Kedi,Balık,word,ilkokul,2,35.664,2
382,4,2025-05-31 15:19:25.695,Cumartesi,nesne yönü tanıma,direction,0,Araba - Top,Bebek - Kamyon,direction,ilkokul,1,36.666,2
383,4,2025-05-30 16:31:21.123,Cuma,akıl yürütme,word,0,Daha yükseğe tırmanır,Birinin yardım etmesini bekler,word,ilkokul,3,21.65,4
384,4,2025-05-29 21:24:45.618,Perşembe,karmaşık harflerden kelime oluştur,letter,0,PROMLEB,PROBLEM,letter,ortaokul,97,35.933,2
385,5,2025-07-24 05:25:44.531,Perşembe,ilk harfi yakalama,letter,0,Dağ,Bardak,letter,ilkokul,3,2.482,1
386,5,2025-07-24 02:53:41.350,Perşembe,ilk harfi yakalama,letter,0,Kasap,Korsan,letter,ortaokul,16,22.022,1
387,5,2025-07-23 06:03:39.421,Çarşamba,anlam seçme,meaning,0,Hikayenin çok uzun olduğunu,Okurken hiç sıkılmadığını,meaning,ortaokul,95,10.035,1
388,5,2025-07-23 03:05:22.749,Çarşamba,akıl yürütme,word,0,Daha yükseğe tırmanır,Birinin yardım etmesini bekler,word,ilkokul,3,33.536,4
389,5,2025-07-22 12:10:33.549,Salı,anlam bağdaştırma,meaning,0,Köpek Balığı,Balina,meaning,ilkokul,3,8.769,4
390,5,2025-07-21 04:15:06.003,Pazartesi,anlam seçme,meaning,0,Pırasa,Elma,meaning,ilkokul,3,20.38,4
391,5,2025-07-20 17:37:17.396,Pazar,anlam seçme,meaning,0,Hikayenin çok uzun olduğunu,Okurken hiç sıkılmadığını,meaning,ortaokul,95,23.505,1
392,5,2025-07-20 08:22:58.660,Pazar,kelime seslerinde uyum,word,0,Top,Taç,word,ilkokul,1,39.918,1
393,5,2025-07-20 04:47:10.096,Pazar,hecelere ayırma,spelling,0,kal-em,ka-lem,spelling,ilkokul,1,31.093,4
394,5,2025-07-19 08:06:14.451,Cumartesi,nesne yönü tanıma,direction,0,Ayıcık - Araba,Fil - Bebek,direction,ortaokul,17,25.171,2
395,5,2025-07-18 22:58:17.209,Cuma,hecelere ayırma,spelling,0,ok-ul,o-kul,spelling,ilkokul,3,25.56,1
396,5,2025-07-17 16:47:20.044,Perşembe,boşluğu doldur,word,0,oyuncak,yemek,word,ilkokul,1,35.778,4
397,5,2025-07-17 12:16:24.469,Perşembe,harf karıştırma,letter,0,karışıktı – uraştım,karışıktı – uğraştım,letter,ortaokul,98,19.75,1
398,5,2025-07-17 09:05:36.427,Perşembe,boşluklara doğru harfi koy,letter,0,b / t,p / d,letter,ilkokul,3,27.28,2
399,5,2025-07-15 23:34:54.791,Salı,hecelere ayırma,spelling,0,ok-ul,o-kul,spelling,ilkokul,3,15.395,3
400,5,2025-07-15 12:21:56.524,Salı,yön takibi,direction,0,Sağ → Sağ → Sol,Sağ → Sol → Düz,direction,ortaokul,17,18.797,4
401,5,2025-07-15 04:52:25.328,Salı,anlam seçme,meaning,0,Kişinin üzgün olduğunu,Kişinin çok iyi hissettiğini,meaning,ortaokul,97,35.655,1
402,5,2025-07-14 23:43:46.171,Pazartesi,anlam bağdaştırma,meaning,0,Tahta kasenin üzerindeki taze çileklerin içinde su damlaları vardı.,Tahta kasenin içindeki taze çileklerin üzerinde su damlaları vardı.,meaning,ortaokul,16,35.995,3
403,5,2025-07-14 08:31:11.162,Pazartesi,boşluğu doldur,word,0,molekül,atom,word,ortaokul,96,29.494,4
404,5,2025-07-13 00:59:42.199,Pazar,karmaşık harflerden kelime oluştur,letter,0,PERMOLB,PROBLEM,letter,ortaokul,97,28.628,1
405,5,2025-07-12 20:45:43.115,Cumartesi,anlam seçme,meaning,0,Hızlıca ve dikkatsizce yapmak,"Dikkat ederek, en iyi şekilde yapmak",meaning,ortaokul,96,28.701,2
406,5,2025-07-12 13:03:16.508,Cumartesi,boşluğu doldur,word,0,hücre,atom,word,ortaokul,96,7.12,3
407,5,2025-07-11 15:49:14.910,Cuma,anlam bağdaştırma,meaning,0,Kahvenin köpüğünde beyaz bir fincanın üzerinde kalp deseni vardı.,Beyaz fincanın içindeki kahvenin köpüğünde bir kalp deseni vardı.,meaning,ortaokul,17,16.795,3
408,5,2025-07-10 17:11:39.403,Perşembe,karmaşık harflerden kelime oluştur,letter,0,LAKE,KALE,letter,ilkokul,2,24.063,3
409,5,2025-07-10 19:56:56.595,Perşembe,hecelere ayırma,spelling,0,sa-ntral,san-tral,spelling,ortaokul,97,21.833,1
410,5,2025-07-10 01:47:38.383,Perşembe,kelime seslerinde uyum,word,0,Karını,Karnı,word,ortaokul,17,11.061,1
411,5,2025-07-09 14:06:04.520,Çarşamba,anlam bağdaştırma,meaning,0,Kertenkele,Bukalemun,meaning,ilkokul,1,10.452,2
412,5,2025-07-08 14:27:10.984,Salı,hecelere ayırma,spelling,0,op-e-ras-yon,o-pe-ras-yon,spelling,ortaokul,95,22.492,3
413,5,2025-07-08 00:18:43.668,Salı,harf karıştırma,letter,0,limanata,limonata,letter,ilkokul,3,23.394,2
414,5,2025-07-07 06:23:06.521,Pazartesi,boşluklara doğru harfi koy,letter,0,p / t,p / d,letter,ilkokul,3,17.059,1
415,5,2025-07-06 20:29:04.278,Pazar,akıl yürütme,word,0,Sadece kendi fikirlerini kabul eder,"Bilgiyi sorgular, analiz eder ve değerlendirir",word,ortaokul,98,11.222,4
416,5,2025-07-06 15:42:11.851,Pazar,kelime seslerinde uyum,word,0,durun,Ağaçdan,word,ortaokul,16,24.163,3
417,5,2025-07-05 14:11:40.734,Cumartesi,hecelere ayırma,spelling,0,a-rab-a,a-ra-ba,spelling,ilkokul,2,29.932,3
418,5,2025-07-05 17:06:16.033,Cumartesi,hecelere ayırma,spelling,0,par-a-lel,pa-ra-lel,spelling,ortaokul,96,19.417,1
419,5,2025-07-04 05:58:01.530,Cuma,harf karıştırma,letter,0,betatyalar,papatyalar,letter,ilkokul,1,6.579,2
420,5,2025-07-04 08:15:36.978,Cuma,yön takibi,direction,0,Sağ → Sağ → Sol,Sağ → Sol → Düz,direction,ortaokul,17,29.794,3
421,5,2025-07-03 21:56:11.937,Perşembe,nesne yönü tanıma,direction,0,Ördek - Araba,Gemi - Robot,direction,ilkokul,2,30.635,4
422,5,2025-07-02 18:29:58.661,Çarşamba,karmaşık harflerden kelime oluştur,letter,0,AIR,ARI,letter,ilkokul,1,24.89,1
423,5,2025-07-02 11:56:07.041,Çarşamba,akıl yürütme,word,0,İnsanları kısıtlamak,Toplumsal düzeni ve adaleti sağlamak,word,ortaokul,100,9.688,4
424,5,2025-07-02 00:23:41.025,Çarşamba,kelime seslerinde uyum,word,0,TOZ,KÖZ,word,ilkokul,3,38.933,1
425,5,2025-07-01 14:07:52.719,Salı,ilk harfi yakalama,letter,0,Tekerlek,Karpuz,letter,ortaokul,17,18.415,1
426,5,2025-06-30 02:55:47.158,Pazartesi,ilk harfi yakalama,letter,0,Dağ,Bardak,letter,ilkokul,3,27.047,2
427,5,2025-06-29 18:36:54.352,Pazar,harf karıştırma,letter,0,kedici,kedisi,letter,ilkokul,2,7.116,2
428,5,2025-06-29 05:21:10.154,Pazar,nesne yönü tanıma,direction,0,Tren - Bebek,Top - Tavşan,direction,ilkokul,3,33.468,2
429,5,2025-06-29 02:43:58.812,Pazar,anlam seçme,meaning,0,Serin,Soğuk,meaning,ilkokul,2,13.312,4
430,5,2025-06-28 13:51:03.559,Cumartesi,akıl yürütme,word,0,Kavga etmeli,Dinlenmeli,word,ilkokul,2,26.372,4
431,5,2025-06-27 06:52:39.147,Cuma,nesne yönü tanıma,direction,0,Top - Köpek,Gemi - Robot,direction,ilkokul,2,15.345,2
432,5,2025-06-26 15:39:37.239,Perşembe,karmaşık harflerden kelime oluştur,letter,0,RAI,ARI,letter,ilkokul,1,8.98,4
433,5,2025-06-26 19:29:44.760,Perşembe,karmaşık harflerden kelime oluştur,letter,0,MELA,ELMA,letter,ilkokul,3,1.045,1
434,5,2025-06-26 04:22:02.396,Perşembe,ilk harfi yakalama,letter,0,Tekerlek,Karpuz,letter,ortaokul,17,38.398,4
435,5,2025-06-25 07:29:59.065,Çarşamba,akıl yürütme,word,0,Turistik gezi düzenlemek,Suyu biriktirip kontrol etmek ve enerji üretmek,word,ortaokul,99,5.902,4
436,5,2025-06-24 18:35:21.533,Salı,akıl yürütme,word,0,Sadece kendi fikirlerini kabul eder,"Bilgiyi sorgular, analiz eder ve değerlendirir",word,ortaokul,98,29.373,3
437,5,2025-06-24 02:20:43.661,Salı,kelime seslerinde uyum,word,0,Köpek,Balık,word,ilkokul,2,11.603,2
438,5,2025-06-23 22:16:12.740,Pazartesi,harf karıştırma,letter,0,Grupça – Herkez,Grupça – Herkes,letter,ortaokul,96,3.363,1
439,5,2025-06-22 22:31:13.371,Pazar,anlam seçme,meaning,0,Hikayenin sonunu beğenmediğini,Okurken hiç sıkılmadığını,meaning,ortaokul,95,18.437,2
440,5,2025-06-22 16:17:04.162,Pazar,akıl yürütme,word,0,Uçabilir,Birinin yardım etmesini bekler,word,ilkokul,3,33.167,1
441,5,2025-06-21 23:13:34.494,Cumartesi,karmaşık harflerden kelime oluştur,letter,0,ALEK,KALE,letter,ilkokul,2,9.94,3
442,5,2025-06-21 17:14:19.347,Cumartesi,boşluklara doğru harfi koy,letter,0,"Herhangi pir işe paşlamadan önce detaylı bir plan yapmak, paşarı şansını artırır.","Herhangi bir işe başlamadan önce detaylı bir plan yapmak, başarı şansını artırır.",letter,ortaokul,96,14.339,2
443,5,2025-06-20 16:16:03.228,Cuma,harf karıştırma,letter,0,limonada,limonata,letter,ilkokul,3,39.859,4
444,5,2025-06-20 00:11:28.160,Cuma,anlam bağdaştırma,meaning,0,Kertenkele,Bukalemun,meaning,ilkokul,1,20.567,4
445,5,2025-06-19 02:08:47.692,Perşembe,nesne yönü tanıma,direction,0,Top - Köpek,Gemi - Robot,direction,ilkokul,2,31.836,1
446,5,2025-06-18 14:50:44.660,Çarşamba,boşluklara doğru harfi koy,letter,0,d / p,p / p,letter,ilkokul,2,25.182,2
447,5,2025-06-18 03:32:12.113,Çarşamba,anlam bağdaştırma,meaning,0,Ördek,Ornitorenk,meaning,ilkokul,2,31.628,4
448,5,2025-06-17 10:01:03.481,Salı,yön takibi,direction,0,Sağ → Sağ → Sol,Sağ → Sol → Düz,direction,ortaokul,17,31.967,2
449,5,2025-06-17 09:50:15.460,Salı,boşluğu doldur,word,0,hücre,atom,word,ortaokul,96,22.479,1
450,5,2025-06-17 01:59:38.048,Salı,ilk harfi yakalama,letter,0,Seyrek,Korsan,letter,ortaokul,16,36.048,3
451,5,2025-06-16 08:32:41.057,Pazartesi,hecelere ayırma,spelling,0,k-alem,ka-lem,spelling,ilkokul,1,30.852,4
452,5,2025-06-15 18:21:51.767,Pazar,anlam seçme,meaning,0,Hikayenin sonunu beğenmediğini,Okurken hiç sıkılmadığını,meaning,ortaokul,95,38.47,4
453,5,2025-06-14 18:31:36.795,Cumartesi,yön takibi,direction,0,Sol → Sağ → Düz,Sol → Sol → Düz,direction,ortaokul,15,26.086,4
454,5,2025-06-14 08:05:52.710,Cumartesi,akıl yürütme,word,0,Uyumak,Su içmek,word,ilkokul,1,5.857,2
455,5,2025-06-13 18:20:48.037,Cuma,anlam bağdaştırma,meaning,0,Denizin üzerinde feribot ve yolcuları arabaları taşıyordu.,"Feribot, denizin üzerinde arabaları ve yolcuları taşıyordu.",meaning,ortaokul,15,39.595,2
456,5,2025-06-13 06:15:36.238,Cuma,boşluğu doldur,word,0,tişört,mont,word,ilkokul,3,38.684,4
457,5,2025-06-12 10:24:11.270,Perşembe,anlam seçme,meaning,0,Hikayenin sonunu beğenmediğini,Okurken hiç sıkılmadığını,meaning,ortaokul,95,17.813,4
458,5,2025-06-11 12:06:00.959,Çarşamba,harf karıştırma,letter,0,betatyalar,papatyalar,letter,ilkokul,1,6.056,4
459,5,2025-06-11 13:27:14.009,Çarşamba,kelime seslerinde uyum,word,0,Kedi,Balık,word,ilkokul,2,36.75,3
460,5,2025-06-10 08:52:33.046,Salı,kelime seslerinde uyum,word,0,-ler,-lar,word,ortaokul,15,29.672,3
461,5,2025-06-10 00:18:45.408,Salı,karmaşık harflerden kelime oluştur,letter,0,RAI,ARI,letter,ilkokul,1,29.836,3
462,5,2025-06-09 18:15:58.915,Pazartesi,boşluğu doldur,word,0,molekül,atom,word,ortaokul,96,26.759,1
463,5,2025-06-08 14:35:40.751,Pazar,yön takibi,direction,0,Sağ → Düz → Sağ,Sol → Düz → Sağ,direction,ortaokul,16,4.181,3
464,5,2025-06-08 19:33:45.185,Pazar,anlam bağdaştırma,meaning,0,Denizin üzerinde feribot ve yolcuları arabaları taşıyordu.,"Feribot, denizin üzerinde arabaları ve yolcuları taşıyordu.",meaning,ortaokul,15,5.956,3
465,5,2025-06-07 14:09:40.176,Cumartesi,anlam seçme,meaning,0,Neşeli,Kırgın,meaning,ilkokul,1,17.61,4
466,5,2025-06-07 05:57:20.653,Cumartesi,boşluğu doldur,word,0,hücre,atom,word,ortaokul,96,18.715,4
467,5,2025-06-06 21:39:08.429,Cuma,hecelere ayırma,spelling,0,ar-a-ba,a-ra-ba,spelling,ilkokul,2,7.741,1
468,5,2025-06-06 13:44:08.998,Cuma,kelime seslerinde uyum,word,0,durun,Ağaçdan,word,ortaokul,16,25.984,4
469,5,2025-06-05 05:29:09.430,Perşembe,karmaşık harflerden kelime oluştur,letter,0,GÖÇERİN,ÖĞRENCİ,letter,ortaokul,95,38.901,3
470,5,2025-06-05 02:03:57.629,Perşembe,anlam bağdaştırma,meaning,0,Köpek Balığı,Balina,meaning,ilkokul,3,24.702,3
471,5,2025-06-04 05:59:36.966,Çarşamba,karmaşık harflerden kelime oluştur,letter,0,ÖNERMETĞ,ÖĞRETMEN,letter,ortaokul,96,6.896,1
472,5,2025-06-03 06:12:34.963,Salı,nesne yönü tanıma,direction,0,Tren - Bebek,Top - Tavşan,direction,ilkokul,3,23.566,2
473,5,2025-06-03 03:25:57.678,Salı,karmaşık harflerden kelime oluştur,letter,0,ÖĞRECİN,ÖĞRENCİ,letter,ortaokul,95,30.402,2
474,5,2025-06-02 13:42:50.507,Pazartesi,hecelere ayırma,spelling,0,ar-a-ba,a-ra-ba,spelling,ilkokul,2,19.201,3
475,5,2025-06-02 11:43:05.621,Pazartesi,harf karıştırma,letter,0,limanata,limonata,letter,ilkokul,3,6.103,4
476,5,2025-06-01 09:50:21.804,Pazar,yön takibi,direction,0,Sağ → Sol → Düz,Sol → Sol → Düz,direction,ortaokul,15,23.308,2
477,5,2025-05-31 13:32:36.280,Cumartesi,karmaşık harflerden kelime oluştur,letter,0,LAKE,KALE,letter,ilkokul,2,20.451,1
478,5,2025-05-31 14:02:43.339,Cumartesi,karmaşık harflerden kelime oluştur,letter,0,MELA,ELMA,letter,ilkokul,3,35.583,4
479,5,2025-05-31 01:40:31.979,Cumartesi,harf karıştırma,letter,0,kedize,kedisi,letter,ilkokul,2,1.186,2
480,5,2025-05-29 19:00:08.347,Perşembe,boşluğu doldur,word,0,molekül,atom,word,ortaokul,96,33.872,2
