user_id,week,harf_hatasi,success_rate,is_resolved
1,1,b-d,33.2,0
1,1,k-t,33.4,0
1,1,k-t,26.8,0
1,1,k-t,39.3,0
1,1,a-e,33.3,0
1,2,p-q,54.5,1
1,2,s-ş,51.4,0
1,2,s-ş,20.0,0
1,2,p-q,34.5,0
1,3,m-n,32.0,0
1,3,k-t,42.6,0
1,3,b-d,39.6,0
1,4,m-n,49.3,0
1,4,a-e,47.5,0
1,4,p-q,39.3,0
1,4,s-ş,68.0,1
1,4,b-d,52.2,1
1,5,p-q,46.2,0
1,5,s-ş,53.1,0
1,5,p-q,45.8,0
1,6,m-n,68.9,0
1,6,b-d,45.4,0
1,6,k-t,42.9,0
1,6,k-t,56.1,1
1,6,s-ş,26.7,0
2,1,m-n,36.6,0
2,1,p-q,30.9,0
2,1,s-ş,37.3,0
2,1,s-ş,67.7,1
2,1,a-e,20.0,0
2,2,s-ş,39.6,0
2,2,b-d,41.4,0
2,2,p-q,47.9,0
2,3,s-ş,36.5,0
2,3,s-ş,43.9,0
2,3,p-q,46.6,0
2,4,m-n,59.4,1
2,4,b-d,64.6,0
2,4,a-e,46.1,0
2,4,b-d,34.1,0
2,5,k-t,52.7,0
2,5,p-q,38.2,0
2,5,p-q,44.5,0
2,5,b-d,56.5,0
2,6,b-d,66.7,1
2,6,p-q,61.0,0
2,6,a-e,60.3,1
3,1,b-d,72.3,1
3,1,b-d,51.4,1
3,1,k-t,60.3,0
3,1,a-e,52.5,0
3,2,b-d,81.2,1
3,2,m-n,72.1,1
3,2,a-e,81.7,1
3,2,k-t,57.8,1
3,2,a-e,76.2,1
3,3,k-t,70.5,1
3,3,a-e,69.5,0
3,3,b-d,79.3,1
3,4,b-d,78.2,1
3,4,s-ş,92.6,1
3,4,b-d,90.5,1
3,4,m-n,100.0,1
3,5,b-d,92.3,1
3,5,k-t,80.2,1
3,5,a-e,92.5,1
3,6,p-q,100.0,1
3,6,a-e,100.0,1
3,6,a-e,91.5,1
3,6,p-q,100.0,1
4,1,k-t,63.7,0
4,1,k-t,50.0,1
4,1,k-t,73.4,1
4,1,k-t,70.0,0
4,2,a-e,63.1,0
4,2,p-q,72.0,1
4,2,a-e,67.1,1
4,2,k-t,77.1,1
4,3,m-n,72.2,1
4,3,b-d,73.1,1
4,3,k-t,74.3,1
4,4,k-t,52.0,0
4,4,a-e,77.5,1
4,4,a-e,57.5,1
4,4,k-t,79.8,1
4,5,s-ş,92.3,1
4,5,k-t,100.0,1
4,5,p-q,100.0,1
4,5,m-n,79.0,1
4,6,p-q,87.8,1
4,6,a-e,94.4,1
4,6,m-n,74.9,1
5,1,p-q,62.0,0
5,1,k-t,38.4,0
5,1,s-ş,41.4,0
5,1,m-n,48.0,0
5,2,a-e,35.9,0
5,2,b-d,38.1,0
5,2,s-ş,45.0,0
5,2,m-n,62.2,1
5,2,m-n,33.3,0
5,3,k-t,32.9,0
5,3,s-ş,54.1,0
5,3,m-n,51.6,1
5,3,b-d,34.1,0
5,4,a-e,42.1,0
5,4,m-n,43.2,0
5,4,a-e,50.0,0
5,4,s-ş,59.0,1
5,5,b-d,47.9,0
5,5,s-ş,60.9,0
5,5,s-ş,56.3,0
5,6,k-t,67.0,1
5,6,m-n,56.1,1
5,6,s-ş,63.7,1
5,6,p-q,71.9,1
5,6,s-ş,77.1,1
6,1,m-n,35.5,0
6,1,p-q,46.5,0
6,1,k-t,60.3,0
6,1,k-t,43.0,0
6,1,m-n,36.0,0
6,2,m-n,48.7,0
6,2,b-d,41.0,0
6,2,a-e,34.7,0
6,3,s-ş,39.6,0
6,3,p-q,54.2,0
6,3,m-n,43.2,0
6,3,a-e,39.3,0
6,3,k-t,54.0,0
6,4,s-ş,60.0,1
6,4,a-e,45.3,0
6,4,p-q,54.0,0
6,4,a-e,57.7,1
6,5,b-d,67.2,1
6,5,k-t,50.5,1
6,5,a-e,56.1,0
6,6,s-ş,89.5,1
6,6,p-q,57.3,1
6,6,k-t,57.5,1
7,1,p-q,63.6,0
7,1,s-ş,57.3,0
7,1,m-n,41.0,0
7,2,p-q,46.1,0
7,2,a-e,47.4,0
7,2,p-q,47.1,0
7,2,b-d,57.5,0
7,3,k-t,54.4,0
7,3,s-ş,55.1,0
7,3,b-d,57.4,1
7,4,k-t,73.9,1
7,4,m-n,68.8,1
7,4,a-e,51.1,0
7,4,p-q,69.0,0
7,5,a-e,67.2,1
7,5,s-ş,85.4,1
7,5,a-e,83.1,1
7,5,a-e,68.7,0
7,6,a-e,74.2,1
7,6,p-q,75.4,1
7,6,b-d,72.5,1
7,6,b-d,73.8,1
7,6,m-n,71.1,1
8,1,s-ş,34.6,0
8,1,k-t,43.7,0
8,1,b-d,68.6,0
8,1,a-e,48.3,0
8,2,m-n,41.0,0
8,2,k-t,44.6,0
8,2,k-t,38.4,0
8,3,b-d,51.5,1
8,3,k-t,50.9,1
8,3,b-d,59.7,1
8,3,m-n,61.8,0
8,3,k-t,62.9,1
8,4,m-n,42.9,0
8,4,a-e,47.5,0
8,4,p-q,63.1,1
8,4,m-n,50.9,0
8,5,s-ş,71.8,1
8,5,s-ş,54.6,0
8,5,m-n,73.7,1
8,6,k-t,92.1,1
8,6,p-q,57.0,1
8,6,k-t,66.8,0
9,1,b-d,33.1,0
9,1,a-e,30.3,0
9,1,p-q,35.9,0
9,1,b-d,47.5,0
9,2,p-q,44.0,0
9,2,b-d,37.6,0
9,2,b-d,42.9,0
9,2,p-q,46.8,0
9,3,b-d,48.9,0
9,3,p-q,46.1,0
9,3,m-n,48.3,0
9,3,m-n,36.5,0
9,3,p-q,59.5,0
9,4,a-e,58.3,1
9,4,s-ş,35.3,0
9,4,s-ş,54.6,1
9,4,k-t,47.9,0
9,5,b-d,52.9,1
9,5,s-ş,45.5,0
9,5,m-n,40.4,0
9,5,a-e,53.0,1
9,5,m-n,70.1,1
9,6,s-ş,59.3,0
9,6,a-e,56.2,0
9,6,m-n,47.2,0
9,6,s-ş,45.9,0
10,1,a-e,58.4,0
10,1,m-n,29.0,0
10,1,a-e,46.8,0
10,1,k-t,47.6,0
10,1,p-q,48.8,0
10,2,p-q,42.5,0
10,2,m-n,42.2,0
10,2,b-d,37.2,0
10,2,a-e,47.5,0
10,2,k-t,34.6,0
10,3,s-ş,53.6,0
10,3,s-ş,34.4,0
10,3,b-d,62.0,0
10,3,m-n,77.9,1
10,3,k-t,52.1,1
10,4,p-q,66.6,0
10,4,m-n,61.5,1
10,4,s-ş,66.1,1
10,4,p-q,62.7,1
10,5,p-q,63.1,0
10,5,p-q,62.3,1
10,5,m-n,62.2,0
10,5,m-n,84.0,1
10,6,k-t,71.5,1
10,6,p-q,60.1,0
10,6,k-t,67.6,0
10,6,s-ş,82.2,1
10,6,k-t,66.5,0
11,1,s-ş,71.0,1
11,1,p-q,54.9,0
11,1,p-q,64.0,0
11,2,a-e,62.9,1
11,2,p-q,77.2,1
11,2,p-q,59.7,1
11,2,m-n,66.3,0
11,2,m-n,81.9,1
11,3,b-d,68.3,1
11,3,a-e,79.0,1
11,3,m-n,77.2,1
11,3,a-e,79.0,1
11,3,s-ş,74.5,1
11,4,p-q,88.8,1
11,4,p-q,83.6,1
11,4,a-e,78.4,1
11,5,p-q,90.9,1
11,5,a-e,90.8,1
11,5,k-t,80.8,1
11,5,b-d,90.0,1
11,6,s-ş,93.4,1
11,6,k-t,95.4,1
11,6,k-t,100.0,1
12,1,a-e,49.3,0
12,1,b-d,50.4,1
12,1,b-d,33.1,0
12,1,m-n,20.6,0
12,2,m-n,46.3,0
12,2,p-q,47.2,0
12,2,b-d,31.5,0
12,2,a-e,36.8,0
12,2,k-t,31.2,0
12,3,s-ş,38.6,0
12,3,m-n,44.9,0
12,3,a-e,58.1,0
12,3,p-q,46.0,0
12,3,s-ş,22.2,0
12,4,b-d,64.7,0
12,4,b-d,37.5,0
12,4,b-d,59.1,1
12,4,k-t,43.1,0
12,4,m-n,42.4,0
12,5,b-d,41.3,0
12,5,a-e,60.2,1
12,5,m-n,46.8,0
12,6,k-t,49.5,0
12,6,a-e,63.9,1
12,6,m-n,36.8,0
13,1,k-t,63.8,0
13,1,k-t,57.4,0
13,1,s-ş,75.8,1
13,1,s-ş,63.6,0
13,1,m-n,57.4,0
13,2,a-e,79.4,1
13,2,p-q,68.7,1
13,2,a-e,72.8,1
13,3,b-d,75.9,1
13,3,m-n,86.2,1
13,3,k-t,87.2,1
13,3,a-e,69.7,1
13,3,b-d,83.5,1
13,4,a-e,83.2,1
13,4,b-d,89.2,1
13,4,p-q,85.8,1
13,4,p-q,82.4,1
13,4,b-d,87.2,1
13,5,b-d,100.0,1
13,5,k-t,89.9,1
13,5,b-d,100.0,1
13,6,b-d,100.0,1
13,6,s-ş,100.0,1
13,6,s-ş,94.3,1
13,6,s-ş,100.0,1
13,6,b-d,99.2,1
14,1,p-q,47.1,0
14,1,b-d,73.5,1
14,1,b-d,58.2,0
14,2,p-q,42.7,0
14,2,p-q,65.9,1
14,2,m-n,77.4,1
14,3,s-ş,78.8,1
14,3,b-d,62.6,0
14,3,s-ş,84.0,1
14,3,k-t,54.2,1
14,3,m-n,74.5,1
14,4,p-q,80.6,1
14,4,k-t,83.8,1
14,4,b-d,80.4,1
14,4,a-e,61.3,0
14,4,s-ş,92.1,1
14,5,b-d,87.3,1
14,5,a-e,79.8,1
14,5,p-q,76.9,1
14,5,k-t,71.9,1
14,6,b-d,84.2,1
14,6,a-e,84.0,1
14,6,a-e,94.9,1
15,1,a-e,24.3,0
15,1,a-e,31.8,0
15,1,m-n,28.1,0
15,1,k-t,35.5,0
15,2,b-d,20.0,0
15,2,b-d,52.0,0
15,2,m-n,23.8,0
15,3,b-d,37.0,0
15,3,p-q,53.6,1
15,3,p-q,48.2,0
15,3,b-d,48.3,0
15,4,p-q,44.3,0
15,4,m-n,42.7,0
15,4,k-t,39.6,0
15,4,p-q,38.9,0
15,5,a-e,43.7,0
15,5,p-q,72.7,1
15,5,k-t,32.8,0
15,5,m-n,58.4,1
15,6,p-q,59.6,1
15,6,p-q,52.8,0
15,6,b-d,39.9,0
15,6,p-q,47.9,0
16,1,a-e,37.2,0
16,1,k-t,67.6,1
16,1,a-e,38.3,0
16,2,a-e,47.0,0
16,2,b-d,71.9,1
16,2,s-ş,81.7,1
16,2,s-ş,60.6,1
16,2,a-e,68.2,0
16,3,p-q,69.7,1
16,3,p-q,52.2,0
16,3,b-d,70.8,1
16,4,m-n,65.7,0
16,4,p-q,70.5,1
16,4,s-ş,90.0,1
16,5,m-n,80.9,1
16,5,k-t,100.0,1
16,5,a-e,71.6,1
16,6,m-n,77.5,1
16,6,b-d,80.5,1
16,6,a-e,65.0,1
16,6,s-ş,83.5,1
17,1,a-e,35.0,0
17,1,s-ş,35.2,0
17,1,s-ş,27.4,0
17,1,s-ş,28.4,0
17,1,b-d,32.0,0
17,2,s-ş,54.4,1
17,2,p-q,36.8,0
17,2,b-d,57.6,0
17,2,m-n,54.1,1
17,2,b-d,38.4,0
17,3,a-e,47.0,0
17,3,k-t,56.7,1
17,3,b-d,43.4,0
17,4,p-q,38.1,0
17,4,s-ş,46.2,0
17,4,a-e,26.7,0
17,4,b-d,23.6,0
17,4,m-n,52.6,0
17,5,p-q,59.8,0
17,5,b-d,49.8,0
17,5,p-q,54.7,1
17,5,b-d,51.4,0
17,6,k-t,56.7,1
17,6,p-q,44.5,0
17,6,s-ş,56.0,0
17,6,m-n,71.6,1
17,6,b-d,51.7,1
18,1,m-n,44.8,0
18,1,m-n,50.2,1
18,1,s-ş,62.3,0
18,1,m-n,39.8,0
18,1,b-d,51.9,1
18,2,a-e,44.1,0
18,2,s-ş,63.4,0
18,2,s-ş,65.1,1
18,2,p-q,43.2,0
18,3,b-d,49.1,0
18,3,a-e,67.3,1
18,3,s-ş,62.5,1
18,3,k-t,65.4,0
18,4,m-n,53.4,0
18,4,s-ş,70.0,1
18,4,a-e,70.7,1
18,5,m-n,64.7,1
18,5,p-q,49.2,0
18,5,b-d,71.5,1
18,5,m-n,70.1,1
18,5,a-e,82.1,1
18,6,m-n,71.1,1
18,6,s-ş,90.2,1
18,6,a-e,97.6,1
19,1,p-q,48.3,0
19,1,m-n,42.0,0
19,1,b-d,46.7,0
19,1,p-q,44.1,0
19,1,b-d,48.1,0
19,2,b-d,40.9,0
19,2,b-d,41.6,0
19,2,p-q,51.0,0
19,2,s-ş,70.4,1
19,2,p-q,63.0,0
19,3,m-n,51.1,1
19,3,k-t,70.7,1
19,3,k-t,61.5,0
19,3,b-d,59.9,1
19,3,k-t,63.4,0
19,4,b-d,85.3,1
19,4,m-n,54.8,0
19,4,s-ş,70.7,1
19,4,a-e,69.5,0
19,5,k-t,75.8,1
19,5,k-t,77.1,1
19,5,k-t,76.4,1
19,6,s-ş,62.2,0
19,6,k-t,82.9,1
19,6,s-ş,88.7,1
19,6,m-n,100.0,1
19,6,s-ş,78.7,1
20,1,m-n,48.8,0
20,1,p-q,45.1,0
20,1,a-e,62.0,1
20,1,p-q,64.3,0
20,1,b-d,55.1,1
20,2,m-n,69.0,1
20,2,k-t,70.5,1
20,2,k-t,65.4,0
20,3,b-d,74.0,1
20,3,b-d,87.5,1
20,3,m-n,78.6,1
20,3,s-ş,74.2,1
20,4,b-d,59.2,0
20,4,a-e,100.0,1
20,4,m-n,77.0,1
20,5,a-e,100.0,1
20,5,b-d,95.3,1
20,5,m-n,92.1,1
20,6,b-d,79.4,1
20,6,a-e,92.1,1
20,6,a-e,86.2,1
20,6,m-n,95.6,1
20,6,a-e,100.0,1
21,1,s-ş,20.0,0
21,1,s-ş,32.3,0
21,1,p-q,45.1,0
21,1,s-ş,38.4,0
21,1,a-e,44.9,0
21,2,p-q,36.8,0
21,2,b-d,38.9,0
21,2,a-e,32.6,0
21,2,b-d,49.6,0
21,3,a-e,39.9,0
21,3,b-d,67.8,1
21,3,b-d,56.8,0
21,3,b-d,55.1,0
21,4,m-n,57.1,1
21,4,b-d,57.3,0
21,4,k-t,57.8,0
21,4,p-q,37.7,0
21,5,b-d,65.9,0
21,5,m-n,64.4,1
21,5,p-q,53.8,0
21,6,s-ş,70.6,1
21,6,a-e,45.5,0
21,6,m-n,55.6,1
21,6,s-ş,54.4,0
22,1,m-n,56.8,1
22,1,m-n,48.4,0
22,1,p-q,53.5,0
22,1,p-q,74.8,1
22,1,b-d,45.9,0
22,2,b-d,54.7,1
22,2,m-n,52.7,1
22,2,s-ş,75.7,1
22,2,b-d,68.2,0
22,3,b-d,74.3,1
22,3,s-ş,83.4,1
22,3,a-e,71.5,1
22,3,a-e,77.7,1
22,3,s-ş,61.8,0
22,4,a-e,64.1,1
22,4,p-q,73.4,1
22,4,a-e,80.1,1
22,4,a-e,69.4,0
22,4,p-q,74.5,1
22,5,b-d,74.8,1
22,5,k-t,58.3,0
22,5,k-t,87.5,1
22,5,p-q,82.8,1
22,5,a-e,75.0,1
22,6,p-q,97.7,1
22,6,s-ş,100.0,1
22,6,s-ş,66.4,0
23,1,k-t,64.4,1
23,1,m-n,83.7,1
23,1,k-t,50.2,1
23,1,k-t,54.3,1
23,1,k-t,61.5,0
23,2,s-ş,67.0,0
23,2,a-e,67.1,1
23,2,p-q,51.9,1
23,2,m-n,78.2,1
23,2,b-d,69.0,1
23,3,b-d,71.2,1
23,3,s-ş,79.2,1
23,3,a-e,69.3,1
23,4,s-ş,89.2,1
23,4,b-d,96.2,1
23,4,m-n,79.5,1
23,5,m-n,87.3,1
23,5,k-t,89.4,1
23,5,s-ş,91.0,1
23,5,a-e,81.2,1
23,6,m-n,83.4,1
23,6,a-e,100.0,1
23,6,p-q,94.2,1
24,1,m-n,51.8,0
24,1,a-e,66.6,0
24,1,m-n,76.1,1
24,2,k-t,56.0,1
24,2,b-d,65.5,0
24,2,b-d,59.9,1
24,3,m-n,54.7,0
24,3,s-ş,56.9,1
24,3,p-q,65.0,0
24,3,s-ş,59.4,0
24,4,b-d,79.7,1
24,4,a-e,66.7,1
24,4,m-n,66.7,1
24,5,a-e,80.4,1
24,5,a-e,82.7,1
24,5,s-ş,86.8,1
24,5,p-q,86.8,1
24,5,p-q,68.3,1
24,6,a-e,91.7,1
24,6,s-ş,77.9,1
24,6,m-n,87.2,1
25,1,p-q,41.0,0
25,1,b-d,49.6,0
25,1,k-t,48.9,0
25,2,a-e,53.9,1
25,2,p-q,48.4,0
25,2,s-ş,55.0,1
25,2,a-e,42.3,0
25,2,a-e,61.7,0
25,3,p-q,47.1,0
25,3,s-ş,56.6,1
25,3,a-e,48.7,0
25,4,p-q,59.3,1
25,4,m-n,52.7,0
25,4,p-q,77.2,1
25,4,m-n,70.9,1
25,4,b-d,57.2,0
25,5,s-ş,53.4,1
25,5,m-n,67.4,1
25,5,b-d,57.1,0
25,5,b-d,65.5,1
25,6,b-d,73.5,1
25,6,k-t,74.5,1
25,6,s-ş,50.9,1
26,1,s-ş,52.5,1
26,1,s-ş,45.8,0
26,1,p-q,65.4,0
26,2,s-ş,42.1,0
26,2,a-e,52.0,0
26,2,m-n,56.2,1
26,3,m-n,42.7,0
26,3,k-t,35.7,0
26,3,m-n,46.3,0
26,4,p-q,69.5,1
26,4,b-d,79.1,1
26,4,a-e,74.6,1
26,4,k-t,56.9,0
26,5,p-q,56.1,0
26,5,p-q,61.2,0
26,5,k-t,87.0,1
26,5,p-q,79.6,1
26,5,s-ş,55.7,1
26,6,k-t,77.9,1
26,6,p-q,76.7,1
26,6,b-d,72.1,1
26,6,k-t,38.2,0
27,1,k-t,38.6,0
27,1,p-q,55.7,1
27,1,s-ş,55.2,0
27,2,p-q,51.8,1
27,2,a-e,63.5,1
27,2,m-n,67.5,1
27,2,s-ş,55.8,0
27,3,k-t,64.8,0
27,3,s-ş,75.6,1
27,3,m-n,75.3,1
27,3,b-d,94.1,1
27,3,b-d,74.4,1
27,4,p-q,87.8,1
27,4,p-q,82.5,1
27,4,a-e,77.2,1
27,5,s-ş,93.8,1
27,5,p-q,87.0,1
27,5,k-t,89.2,1
27,5,a-e,91.7,1
27,6,m-n,91.3,1
27,6,b-d,96.8,1
27,6,b-d,87.6,1
27,6,s-ş,87.0,1
27,6,s-ş,100.0,1
28,1,m-n,52.5,0
28,1,b-d,40.1,0
28,1,p-q,38.0,0
28,2,a-e,41.4,0
28,2,b-d,49.3,0
28,2,p-q,39.5,0
28,2,a-e,46.7,0
28,3,p-q,54.7,1
28,3,a-e,48.8,0
28,3,s-ş,71.0,1
28,4,b-d,39.2,0
28,4,k-t,48.2,0
28,4,p-q,64.6,0
28,4,a-e,58.5,0
28,4,p-q,60.5,0
28,5,k-t,87.1,1
28,5,s-ş,69.6,1
28,5,b-d,55.4,1
28,5,a-e,62.4,1
28,6,p-q,60.7,0
28,6,s-ş,75.0,1
28,6,b-d,68.8,1
28,6,k-t,69.5,0
29,1,p-q,38.2,0
29,1,p-q,35.6,0
29,1,a-e,43.0,0
29,1,b-d,43.6,0
29,1,a-e,44.4,0
29,2,b-d,26.8,0
29,2,b-d,45.7,0
29,2,b-d,40.0,0
29,2,b-d,23.0,0
29,3,m-n,45.3,0
29,3,a-e,56.4,0
29,3,s-ş,49.2,0
29,3,p-q,47.7,0
29,3,k-t,54.1,0
29,4,k-t,73.1,1
29,4,k-t,56.6,0
29,4,k-t,79.7,1
29,4,b-d,55.9,0
29,5,k-t,73.0,1
29,5,p-q,56.9,0
29,5,m-n,54.3,1
29,5,s-ş,53.3,1
29,6,s-ş,69.2,0
29,6,m-n,55.2,1
29,6,s-ş,67.3,1
29,6,a-e,58.5,0
29,6,a-e,64.9,0
30,1,p-q,32.4,0
30,1,p-q,42.5,0
30,1,m-n,35.0,0
30,1,s-ş,40.9,0
30,2,b-d,51.8,1
30,2,s-ş,54.0,1
30,2,a-e,37.1,0
30,2,p-q,38.1,0
30,3,a-e,51.1,1
30,3,m-n,40.9,0
30,3,p-q,43.8,0
30,3,a-e,49.0,0
30,3,m-n,47.5,0
30,4,b-d,53.3,0
30,4,b-d,52.8,0
30,4,b-d,50.4,1
30,5,b-d,83.5,1
30,5,p-q,72.2,1
30,5,b-d,66.5,1
30,6,s-ş,27.0,0
30,6,a-e,54.7,0
30,6,k-t,49.4,0
30,6,p-q,54.0,1
30,6,a-e,57.4,1
31,1,p-q,34.0,0
31,1,k-t,41.7,0
31,1,p-q,47.5,0
31,1,m-n,35.1,0
31,1,a-e,37.8,0
31,2,m-n,58.2,1
31,2,s-ş,50.9,1
31,2,m-n,50.4,1
31,2,k-t,45.7,0
31,3,s-ş,54.9,1
31,3,s-ş,53.5,0
31,3,p-q,55.0,0
31,4,m-n,56.9,1
31,4,s-ş,57.1,1
31,4,k-t,58.0,0
31,4,b-d,52.1,1
31,4,s-ş,79.2,1
31,5,m-n,60.1,1
31,5,b-d,72.5,1
31,5,s-ş,47.7,0
31,5,s-ş,74.6,1
31,6,p-q,65.6,0
31,6,s-ş,73.2,1
31,6,m-n,67.7,0
31,6,k-t,69.3,0
32,1,a-e,50.4,0
32,1,k-t,54.6,0
32,1,a-e,47.5,0
32,1,m-n,30.1,0
32,1,k-t,49.3,0
32,2,m-n,35.3,0
32,2,a-e,55.3,0
32,2,k-t,50.0,0
32,2,s-ş,58.1,0
32,2,s-ş,52.5,1
32,3,k-t,67.7,0
32,3,a-e,52.9,1
32,3,k-t,50.4,0
32,3,k-t,60.1,1
32,4,k-t,66.8,0
32,4,s-ş,60.1,1
32,4,a-e,76.8,1
32,5,m-n,80.5,1
32,5,s-ş,58.0,0
32,5,b-d,61.8,1
32,6,m-n,82.1,1
32,6,b-d,82.5,1
32,6,k-t,73.3,1
32,6,b-d,90.7,1
33,1,s-ş,58.9,1
33,1,b-d,63.6,1
33,1,a-e,40.8,0
33,2,m-n,49.0,0
33,2,m-n,58.4,1
33,2,p-q,61.6,1
33,3,s-ş,83.5,1
33,3,m-n,89.6,1
33,3,s-ş,81.6,1
33,3,b-d,81.1,1
33,4,b-d,90.8,1
33,4,b-d,81.2,1
33,4,a-e,81.6,1
33,4,b-d,98.9,1
33,4,k-t,52.7,0
33,5,p-q,83.2,1
33,5,m-n,97.3,1
33,5,p-q,99.1,1
33,5,s-ş,86.6,1
33,5,k-t,94.0,1
33,6,k-t,88.2,1
33,6,p-q,87.7,1
33,6,m-n,100.0,1
33,6,s-ş,92.4,1
33,6,k-t,87.3,1
34,1,m-n,72.7,1
34,1,k-t,59.8,1
34,1,s-ş,47.5,0
34,2,p-q,71.2,1
34,2,p-q,70.2,1
34,2,k-t,68.4,0
34,3,p-q,69.3,1
34,3,s-ş,74.8,1
34,3,b-d,86.4,1
34,3,p-q,76.2,1
34,4,a-e,58.4,0
34,4,m-n,86.3,1
34,4,s-ş,81.1,1
34,4,a-e,84.2,1
34,4,k-t,70.4,1
34,5,a-e,99.8,1
34,5,p-q,85.7,1
34,5,m-n,89.6,1
34,5,p-q,100.0,1
34,5,a-e,97.8,1
34,6,b-d,100.0,1
34,6,b-d,99.5,1
34,6,s-ş,100.0,1
34,6,p-q,92.2,1
35,1,p-q,37.0,0
35,1,b-d,23.6,0
35,1,s-ş,44.1,0
35,2,m-n,45.2,0
35,2,m-n,74.9,1
35,2,m-n,54.2,0
35,2,m-n,57.9,1
35,3,b-d,76.6,1
35,3,b-d,53.7,1
35,3,s-ş,53.3,1
35,3,a-e,41.5,0
35,3,s-ş,59.1,1
35,4,a-e,55.2,1
35,4,p-q,71.8,1
35,4,a-e,48.9,0
35,4,k-t,67.4,0
35,5,m-n,64.9,1
35,5,m-n,81.4,1
35,5,k-t,59.0,0
35,6,m-n,69.4,1
35,6,a-e,86.9,1
35,6,a-e,65.5,0
35,6,k-t,89.9,1
36,1,k-t,34.5,0
36,1,a-e,32.7,0
36,1,a-e,41.6,0
36,1,p-q,45.4,0
36,1,p-q,37.8,0
36,2,m-n,25.6,0
36,2,b-d,52.8,1
36,2,b-d,55.5,0
36,3,p-q,55.8,0
36,3,s-ş,49.2,0
36,3,p-q,52.7,0
36,3,k-t,41.6,0
36,3,a-e,60.2,0
36,4,b-d,54.4,1
36,4,a-e,26.1,0
36,4,p-q,67.4,0
36,4,a-e,46.2,0
36,4,m-n,54.1,0
36,5,p-q,55.7,0
36,5,s-ş,71.2,1
36,5,m-n,55.9,0
36,6,p-q,50.6,0
36,6,a-e,73.3,1
36,6,k-t,63.7,1
36,6,k-t,55.3,1
37,1,b-d,48.2,0
37,1,m-n,20.0,0
37,1,p-q,37.6,0
37,2,s-ş,37.7,0
37,2,m-n,36.9,0
37,2,s-ş,45.7,0
37,2,b-d,33.0,0
37,3,b-d,65.2,1
37,3,p-q,59.0,1
37,3,s-ş,37.6,0
37,3,s-ş,47.9,0
37,4,s-ş,35.0,0
37,4,a-e,45.6,0
37,4,p-q,28.5,0
37,4,k-t,49.9,0
37,4,p-q,54.4,1
37,5,a-e,51.0,1
37,5,a-e,56.7,1
37,5,s-ş,40.3,0
37,5,k-t,49.9,0
37,5,p-q,57.5,0
37,6,a-e,39.8,0
37,6,k-t,62.5,0
37,6,k-t,54.3,1
38,1,s-ş,40.4,0
38,1,b-d,55.0,0
38,1,a-e,61.0,0
38,1,k-t,67.3,0
38,2,b-d,62.4,0
38,2,k-t,64.5,1
38,2,p-q,56.3,0
38,3,k-t,64.5,0
38,3,a-e,78.6,1
38,3,b-d,67.3,0
38,3,a-e,68.7,0
38,3,a-e,54.5,1
38,4,k-t,78.3,1
38,4,m-n,85.5,1
38,4,m-n,75.0,1
38,5,k-t,81.8,1
38,5,a-e,86.2,1
38,5,p-q,95.0,1
38,6,b-d,100.0,1
38,6,b-d,93.2,1
38,6,p-q,85.7,1
39,1,k-t,34.6,0
39,1,m-n,33.2,0
39,1,m-n,20.0,0
39,2,b-d,53.1,0
39,2,k-t,29.6,0
39,2,m-n,68.5,1
39,3,m-n,48.4,0
39,3,p-q,46.9,0
39,3,p-q,47.7,0
39,3,s-ş,42.0,0
39,4,p-q,40.5,0
39,4,p-q,64.6,0
39,4,s-ş,67.0,1
39,4,p-q,56.6,0
39,4,p-q,36.5,0
39,5,a-e,53.7,1
39,5,k-t,65.6,1
39,5,s-ş,55.7,1
39,6,p-q,57.9,0
39,6,b-d,56.0,0
39,6,s-ş,67.7,1
39,6,k-t,66.7,1
39,6,s-ş,66.9,0
40,1,p-q,65.9,0
40,1,s-ş,60.8,0
40,1,p-q,60.3,0
40,2,b-d,61.8,0
40,2,k-t,77.6,1
40,2,a-e,83.0,1
40,2,p-q,69.5,0
40,3,b-d,70.5,1
40,3,b-d,72.2,1
40,3,b-d,75.3,1
40,3,m-n,87.4,1
40,4,m-n,92.3,1
40,4,a-e,91.1,1
40,4,s-ş,85.8,1
40,5,k-t,98.0,1
40,5,k-t,97.6,1
40,5,a-e,88.4,1
40,5,k-t,98.2,1
40,5,b-d,94.6,1
40,6,b-d,100.0,1
40,6,s-ş,100.0,1
40,6,p-q,100.0,1
41,1,m-n,54.9,1
41,1,b-d,47.7,0
41,1,k-t,55.5,0
41,1,s-ş,37.4,0
41,2,m-n,68.5,1
41,2,b-d,67.1,1
41,2,p-q,73.8,1
41,2,b-d,62.1,1
41,3,p-q,69.7,1
41,3,b-d,47.5,0
41,3,p-q,77.6,1
41,3,s-ş,50.7,0
41,4,b-d,72.8,1
41,4,b-d,67.4,1
41,4,m-n,79.0,1
41,4,m-n,80.8,1
41,5,s-ş,77.6,1
41,5,s-ş,73.7,1
41,5,p-q,89.1,1
41,5,s-ş,92.4,1
41,5,s-ş,89.3,1
41,6,p-q,91.1,1
41,6,a-e,87.3,1
41,6,k-t,89.8,1
42,1,k-t,48.4,0
42,1,m-n,75.3,1
42,1,s-ş,80.1,1
42,2,a-e,73.9,1
42,2,k-t,72.7,1
42,2,s-ş,86.3,1
42,2,p-q,73.9,1
42,2,b-d,68.8,0
42,3,s-ş,86.0,1
42,3,p-q,77.2,1
42,3,a-e,82.5,1
42,3,k-t,86.6,1
42,4,m-n,91.1,1
42,4,a-e,77.1,1
42,4,a-e,95.5,1
42,4,m-n,83.7,1
42,5,s-ş,93.5,1
42,5,k-t,100.0,1
42,5,b-d,73.3,1
42,6,k-t,95.2,1
42,6,b-d,91.7,1
42,6,b-d,100.0,1
42,6,m-n,100.0,1
42,6,m-n,99.6,1
43,1,s-ş,49.3,0
43,1,k-t,57.2,0
43,1,k-t,51.1,0
43,1,s-ş,47.7,0
43,2,b-d,51.1,1
43,2,a-e,60.7,1
43,2,k-t,74.7,1
43,3,b-d,60.9,1
43,3,p-q,66.4,1
43,3,m-n,65.5,0
43,3,m-n,61.9,0
43,3,a-e,54.7,0
43,4,s-ş,57.6,0
43,4,m-n,77.0,1
43,4,m-n,88.3,1
43,4,k-t,44.0,0
43,5,a-e,83.9,1
43,5,k-t,64.7,0
43,5,m-n,88.4,1
43,5,b-d,73.8,1
43,5,k-t,72.0,1
43,6,s-ş,84.7,1
43,6,p-q,89.8,1
43,6,s-ş,84.6,1
43,6,a-e,80.9,1
43,6,k-t,66.3,0
44,1,m-n,63.6,0
44,1,p-q,60.0,0
44,1,b-d,52.3,0
44,1,m-n,56.5,0
44,2,s-ş,76.4,1
44,2,m-n,60.7,0
44,2,p-q,70.6,1
44,2,b-d,49.9,0
44,2,a-e,60.9,1
44,3,k-t,55.6,0
44,3,k-t,65.8,1
44,3,a-e,67.7,0
44,3,b-d,56.0,0
44,3,s-ş,54.8,1
44,4,p-q,58.3,0
44,4,m-n,71.7,1
44,4,k-t,46.7,0
44,4,b-d,79.4,1
44,5,b-d,69.4,0
44,5,a-e,69.3,1
44,5,b-d,62.0,1
44,5,s-ş,66.5,0
44,5,s-ş,89.8,1
44,6,k-t,60.4,1
44,6,b-d,72.9,1
44,6,b-d,85.7,1
44,6,s-ş,91.7,1
44,6,a-e,66.5,0
45,1,b-d,50.4,0
45,1,k-t,46.1,0
45,1,s-ş,43.8,0
45,1,m-n,53.2,1
45,1,k-t,49.5,0
45,2,a-e,58.6,0
45,2,m-n,47.9,0
45,2,b-d,52.0,1
45,2,m-n,60.3,0
45,2,s-ş,80.5,1
45,3,m-n,76.7,1
45,3,b-d,71.3,1
45,3,b-d,63.4,1
45,3,s-ş,51.5,0
45,4,m-n,47.9,0
45,4,b-d,70.1,1
45,4,a-e,60.4,0
45,5,k-t,60.6,0
45,5,m-n,77.0,1
45,5,b-d,55.6,1
45,5,m-n,66.1,1
45,6,m-n,61.3,1
45,6,b-d,66.7,1
45,6,m-n,91.0,1
46,1,k-t,71.8,1
46,1,b-d,75.4,1
46,1,k-t,66.8,0
46,2,p-q,95.4,1
46,2,s-ş,81.4,1
46,2,s-ş,72.2,1
46,3,p-q,79.1,1
46,3,a-e,73.0,1
46,3,m-n,79.0,1
46,4,p-q,81.5,1
46,4,b-d,70.3,1
46,4,b-d,85.8,1
46,5,b-d,98.9,1
46,5,b-d,87.1,1
46,5,p-q,84.5,1
46,5,s-ş,87.7,1
46,6,m-n,100.0,1
46,6,b-d,100.0,1
46,6,p-q,100.0,1
46,6,k-t,95.4,1
47,1,b-d,74.7,1
47,1,k-t,56.3,1
47,1,m-n,82.5,1
47,1,p-q,59.5,0
47,1,p-q,59.1,1
47,2,a-e,68.8,0
47,2,p-q,75.6,1
47,2,a-e,65.2,0
47,2,m-n,69.0,0
47,2,s-ş,67.0,1
47,3,k-t,83.6,1
47,3,k-t,71.2,1
47,3,p-q,74.4,1
47,3,s-ş,76.0,1
47,4,s-ş,91.0,1
47,4,p-q,81.6,1
47,4,p-q,77.8,1
47,4,m-n,83.4,1
47,5,m-n,90.0,1
47,5,k-t,99.5,1
47,5,a-e,90.2,1
47,5,s-ş,85.6,1
47,6,p-q,100.0,1
47,6,k-t,100.0,1
47,6,s-ş,100.0,1
48,1,s-ş,28.9,0
48,1,p-q,47.5,0
48,1,p-q,22.5,0
48,1,k-t,20.0,0
48,2,b-d,32.3,0
48,2,m-n,56.4,0
48,2,p-q,41.5,0
48,3,a-e,53.9,1
48,3,s-ş,72.4,1
48,3,p-q,43.8,0
48,3,a-e,32.4,0
48,4,p-q,53.9,0
48,4,m-n,54.8,0
48,4,k-t,51.3,0
48,5,k-t,70.8,1
48,5,k-t,47.2,0
48,5,a-e,55.7,1
48,6,m-n,65.7,1
48,6,b-d,62.6,0
48,6,s-ş,72.7,1
48,6,b-d,74.0,1
48,6,b-d,65.5,0
49,1,m-n,74.3,1
49,1,s-ş,56.8,1
49,1,b-d,70.9,1
49,2,p-q,61.8,0
49,2,a-e,69.4,0
49,2,m-n,61.5,0
49,3,s-ş,89.8,1
49,3,b-d,78.4,1
49,3,a-e,85.4,1
49,3,s-ş,62.3,1
49,3,a-e,63.2,1
49,4,k-t,100.0,1
49,4,m-n,92.4,1
49,4,b-d,79.4,1
49,4,b-d,78.8,1
49,5,s-ş,74.3,1
49,5,b-d,86.2,1
49,5,k-t,96.7,1
49,5,m-n,82.8,1
49,6,s-ş,100.0,1
49,6,m-n,100.0,1
49,6,a-e,88.4,1
49,6,a-e,96.5,1
50,1,a-e,69.8,1
50,1,s-ş,76.0,1
50,1,b-d,55.9,0
50,1,s-ş,53.5,0
50,2,m-n,69.7,1
50,2,m-n,69.7,0
50,2,k-t,84.9,1
50,3,s-ş,79.0,1
50,3,s-ş,66.7,1
50,3,m-n,92.7,1
50,3,a-e,85.2,1
50,4,p-q,85.3,1
50,4,m-n,88.6,1
50,4,m-n,76.6,1
50,4,a-e,76.6,1
50,5,a-e,82.2,1
50,5,s-ş,100.0,1
50,5,s-ş,96.2,1
50,6,s-ş,100.0,1
50,6,p-q,95.9,1
50,6,s-ş,95.0,1
50,6,k-t,100.0,1
51,1,k-t,66.1,0
51,1,m-n,56.8,1
51,1,m-n,65.2,0
51,1,a-e,61.0,1
51,1,a-e,77.1,1
51,2,b-d,73.9,1
51,2,s-ş,58.9,1
51,2,p-q,64.9,1
51,2,a-e,73.9,1
51,3,b-d,70.8,1
51,3,b-d,84.2,1
51,3,m-n,71.5,1
51,4,a-e,77.3,1
51,4,a-e,90.8,1
51,4,s-ş,94.2,1
51,5,b-d,65.8,0
51,5,s-ş,86.1,1
51,5,s-ş,100.0,1
51,5,a-e,75.4,1
51,5,s-ş,87.9,1
51,6,s-ş,91.2,1
51,6,m-n,95.9,1
51,6,b-d,98.1,1
52,1,b-d,65.6,0
52,1,b-d,56.6,1
52,1,s-ş,68.7,1
52,1,b-d,80.4,1
52,2,k-t,73.8,1
52,2,s-ş,73.0,1
52,2,a-e,66.1,1
52,2,a-e,75.0,1
52,3,p-q,91.5,1
52,3,k-t,66.1,0
52,3,m-n,67.6,0
52,3,s-ş,79.4,1
52,3,s-ş,92.7,1
52,4,s-ş,77.7,1
52,4,s-ş,72.7,1
52,4,k-t,87.5,1
52,4,k-t,79.8,1
52,5,k-t,74.8,1
52,5,b-d,99.8,1
52,5,b-d,94.2,1
52,6,p-q,100.0,1
52,6,m-n,84.6,1
52,6,b-d,90.8,1
52,6,s-ş,92.9,1
53,1,b-d,37.8,0
53,1,k-t,44.7,0
53,1,s-ş,55.0,1
53,2,b-d,41.1,0
53,2,m-n,55.7,1
53,2,a-e,58.9,0
53,2,m-n,43.9,0
53,2,a-e,51.8,1
53,3,s-ş,55.5,0
53,3,k-t,39.2,0
53,3,a-e,59.0,0
53,4,k-t,61.3,0
53,4,k-t,59.3,0
53,4,p-q,59.2,1
53,4,a-e,57.3,1
53,4,p-q,68.8,1
53,5,k-t,55.4,1
53,5,b-d,71.1,1
53,5,b-d,57.6,0
53,5,p-q,65.1,0
53,6,s-ş,61.2,0
53,6,b-d,66.7,1
53,6,p-q,81.0,1
54,1,b-d,58.3,0
54,1,b-d,53.5,0
54,1,m-n,53.3,1
54,1,a-e,49.1,0
54,2,p-q,55.1,1
54,2,a-e,51.6,1
54,2,b-d,66.6,1
54,3,b-d,92.5,1
54,3,p-q,83.2,1
54,3,a-e,71.6,1
54,3,m-n,65.7,0
54,4,b-d,97.7,1
54,4,k-t,76.1,1
54,4,a-e,69.9,0
54,4,b-d,71.5,1
54,4,m-n,65.6,0
54,5,b-d,82.4,1
54,5,a-e,95.9,1
54,5,p-q,74.9,1
54,5,m-n,81.0,1
54,5,s-ş,95.9,1
54,6,b-d,93.9,1
54,6,a-e,88.5,1
54,6,s-ş,93.0,1
55,1,a-e,50.5,1
55,1,b-d,63.1,1
55,1,m-n,37.0,0
55,1,k-t,48.3,0
55,2,s-ş,59.8,1
55,2,s-ş,52.4,1
55,2,s-ş,66.6,0
55,2,a-e,55.2,1
55,2,p-q,38.5,0
55,3,s-ş,70.3,1
55,3,m-n,38.2,0
55,3,p-q,60.8,0
55,4,s-ş,69.9,0
55,4,k-t,71.7,1
55,4,k-t,57.3,1
55,4,a-e,80.4,1
55,5,m-n,52.6,0
55,5,p-q,83.1,1
55,5,a-e,73.2,1
55,5,a-e,70.4,1
55,6,k-t,70.5,1
55,6,s-ş,90.7,1
55,6,m-n,65.7,1
56,1,a-e,56.6,1
56,1,p-q,67.1,1
56,1,s-ş,66.7,0
56,1,s-ş,64.5,1
56,2,p-q,67.9,0
56,2,m-n,61.8,1
56,2,b-d,64.0,1
56,3,p-q,77.3,1
56,3,p-q,85.3,1
56,3,m-n,96.9,1
56,4,p-q,93.2,1
56,4,a-e,78.3,1
56,4,m-n,95.7,1
56,4,p-q,83.9,1
56,5,p-q,90.9,1
56,5,b-d,85.4,1
56,5,b-d,100.0,1
56,6,s-ş,100.0,1
56,6,s-ş,90.7,1
56,6,m-n,100.0,1
56,6,b-d,95.6,1
56,6,m-n,100.0,1
57,1,p-q,45.1,0
57,1,b-d,56.2,1
57,1,s-ş,71.1,1
57,1,s-ş,55.9,0
57,1,p-q,60.7,1
57,2,k-t,60.1,1
57,2,p-q,53.8,1
57,2,k-t,56.7,0
57,2,m-n,74.0,1
57,2,a-e,73.9,1
57,3,s-ş,53.1,0
57,3,b-d,77.4,1
57,3,a-e,61.4,1
57,3,k-t,77.5,1
57,4,a-e,97.4,1
57,4,p-q,77.6,1
57,4,k-t,72.8,1
57,5,m-n,100.0,1
57,5,a-e,85.9,1
57,5,p-q,88.5,1
57,6,b-d,99.7,1
57,6,m-n,97.8,1
57,6,b-d,70.2,1
57,6,m-n,100.0,1
58,1,s-ş,59.9,0
58,1,k-t,47.7,0
58,1,a-e,42.5,0
58,1,b-d,47.5,0
58,2,m-n,67.3,0
58,2,s-ş,44.6,0
58,2,m-n,53.7,0
58,2,m-n,51.8,0
58,3,k-t,61.7,1
58,3,m-n,56.8,1
58,3,k-t,74.7,1
58,3,k-t,98.9,1
58,3,b-d,71.2,1
58,4,k-t,88.3,1
58,4,p-q,65.7,0
58,4,s-ş,74.9,1
58,4,p-q,78.2,1
58,5,p-q,88.3,1
58,5,a-e,81.1,1
58,5,p-q,72.8,1
58,5,p-q,79.8,1
58,6,m-n,69.0,0
58,6,b-d,67.2,1
58,6,b-d,78.8,1
59,1,m-n,30.0,0
59,1,p-q,57.2,0
59,1,p-q,22.9,0
59,1,b-d,43.0,0
59,1,p-q,36.7,0
59,2,p-q,46.8,0
59,2,a-e,44.9,0
59,2,a-e,34.3,0
59,2,s-ş,51.2,1
59,3,a-e,47.6,0
59,3,b-d,37.5,0
59,3,k-t,25.7,0
59,3,a-e,48.9,0
59,4,s-ş,48.0,0
59,4,k-t,30.9,0
59,4,a-e,49.8,0
59,4,p-q,44.0,0
59,5,k-t,38.3,0
59,5,k-t,37.6,0
59,5,s-ş,41.2,0
59,6,p-q,65.3,0
59,6,a-e,55.3,0
59,6,a-e,56.4,1
59,6,b-d,70.6,1
59,6,s-ş,66.7,1
60,1,b-d,67.5,1
60,1,p-q,61.1,1
60,1,m-n,53.0,0
60,1,k-t,52.5,1
60,1,a-e,63.8,0
60,2,a-e,75.3,1
60,2,p-q,75.0,1
60,2,p-q,78.3,1
60,3,s-ş,70.8,1
60,3,s-ş,89.3,1
60,3,s-ş,78.1,1
60,3,p-q,73.3,1
60,4,b-d,80.0,1
60,4,s-ş,87.3,1
60,4,s-ş,69.9,1
60,5,p-q,90.1,1
60,5,s-ş,93.7,1
60,5,k-t,64.8,1
60,5,k-t,81.1,1
60,5,s-ş,96.6,1
60,6,k-t,93.1,1
60,6,k-t,94.9,1
60,6,a-e,80.7,1
60,6,a-e,100.0,1
61,1,b-d,33.0,0
61,1,a-e,54.7,1
61,1,s-ş,58.5,0
61,2,s-ş,61.4,1
61,2,m-n,51.3,1
61,2,k-t,52.3,0
61,2,m-n,46.2,0
61,3,s-ş,57.0,0
61,3,b-d,76.0,1
61,3,a-e,70.3,1
61,3,a-e,59.3,0
61,4,b-d,69.8,0
61,4,s-ş,63.5,1
61,4,m-n,73.5,1
61,5,a-e,63.1,0
61,5,b-d,66.5,0
61,5,b-d,55.8,1
61,5,m-n,71.8,1
61,5,b-d,66.5,1
61,6,p-q,100.0,1
61,6,p-q,84.8,1
61,6,p-q,80.9,1
62,1,m-n,42.3,0
62,1,b-d,56.2,0
62,1,b-d,48.1,0
62,1,k-t,62.7,1
62,2,m-n,52.6,0
62,2,k-t,40.3,0
62,2,p-q,65.6,1
62,2,k-t,58.9,0
62,2,a-e,68.1,1
62,3,m-n,67.8,0
62,3,k-t,60.2,1
62,3,s-ş,70.7,1
62,3,m-n,39.3,0
62,3,b-d,61.1,1
62,4,k-t,84.3,1
62,4,k-t,44.6,0
62,4,p-q,70.3,1
62,4,k-t,55.8,1
62,5,b-d,64.8,1
62,5,s-ş,63.7,0
62,5,s-ş,82.3,1
62,5,m-n,75.9,1
62,5,s-ş,56.5,0
62,6,p-q,70.1,1
62,6,b-d,80.2,1
62,6,p-q,73.2,1
63,1,s-ş,20.0,0
63,1,b-d,23.2,0
63,1,m-n,42.5,0
63,1,k-t,57.4,0
63,2,m-n,57.1,1
63,2,s-ş,33.6,0
63,2,a-e,36.0,0
63,2,s-ş,34.9,0
63,2,s-ş,54.4,1
63,3,k-t,36.2,0
63,3,p-q,38.2,0
63,3,p-q,31.4,0
63,3,m-n,42.1,0
63,3,s-ş,20.0,0
63,4,k-t,29.9,0
63,4,a-e,46.3,0
63,4,s-ş,44.9,0
63,5,k-t,24.7,0
63,5,b-d,38.7,0
63,5,m-n,52.9,1
63,6,m-n,66.5,1
63,6,s-ş,53.9,0
63,6,s-ş,50.3,0
64,1,b-d,27.1,0
64,1,a-e,52.2,1
64,1,b-d,32.1,0
64,1,p-q,35.4,0
64,2,a-e,55.8,1
64,2,s-ş,25.6,0
64,2,m-n,44.2,0
64,2,b-d,42.4,0
64,3,m-n,41.2,0
64,3,m-n,37.9,0
64,3,m-n,65.6,0
64,3,p-q,49.0,0
64,4,k-t,45.0,0
64,4,p-q,53.5,1
64,4,m-n,53.8,0
64,5,m-n,57.1,1
64,5,p-q,64.3,0
64,5,s-ş,71.2,1
64,5,b-d,54.0,1
64,6,s-ş,44.8,0
64,6,m-n,73.1,1
64,6,a-e,59.3,1
64,6,k-t,73.7,1
64,6,m-n,62.4,0
65,1,a-e,45.6,0
65,1,s-ş,33.2,0
65,1,k-t,40.6,0
65,2,k-t,50.4,0
65,2,k-t,29.3,0
65,2,b-d,58.9,1
65,2,s-ş,48.5,0
65,3,k-t,42.8,0
65,3,s-ş,25.6,0
65,3,m-n,45.5,0
65,3,s-ş,35.5,0
65,4,m-n,58.7,1
65,4,p-q,50.0,1
65,4,p-q,58.6,1
65,5,m-n,47.6,0
65,5,b-d,58.5,1
65,5,a-e,45.2,0
65,5,k-t,40.4,0
65,5,b-d,40.8,0
65,6,a-e,49.2,0
65,6,a-e,40.5,0
65,6,s-ş,41.0,0
65,6,a-e,49.1,0
66,1,k-t,65.3,1
66,1,s-ş,60.4,1
66,1,s-ş,53.6,0
66,1,b-d,46.8,0
66,1,p-q,51.8,0
66,2,p-q,76.0,1
66,2,k-t,61.9,1
66,2,m-n,66.7,1
66,3,p-q,87.8,1
66,3,p-q,53.6,0
66,3,b-d,52.3,1
66,3,a-e,73.3,1
66,4,s-ş,80.1,1
66,4,m-n,95.8,1
66,4,a-e,75.7,1
66,4,b-d,92.5,1
66,5,k-t,85.9,1
66,5,a-e,76.3,1
66,5,b-d,86.0,1
66,5,b-d,87.7,1
66,5,k-t,81.8,1
66,6,s-ş,90.7,1
66,6,k-t,94.8,1
66,6,b-d,95.8,1
66,6,m-n,99.3,1
67,1,k-t,72.2,1
67,1,k-t,48.3,0
67,1,m-n,54.3,0
67,1,k-t,71.7,1
67,1,s-ş,52.1,1
67,2,a-e,76.1,1
67,2,b-d,65.1,0
67,2,p-q,68.6,0
67,2,p-q,70.9,1
67,2,m-n,63.2,0
67,3,a-e,68.7,0
67,3,b-d,68.5,0
67,3,p-q,64.0,0
67,4,b-d,91.2,1
67,4,s-ş,85.8,1
67,4,m-n,71.2,1
67,4,m-n,74.4,1
67,4,a-e,72.7,1
67,5,b-d,89.8,1
67,5,s-ş,88.4,1
67,5,s-ş,84.9,1
67,5,a-e,77.7,1
67,5,m-n,82.5,1
67,6,a-e,94.2,1
67,6,a-e,84.8,1
67,6,b-d,92.2,1
67,6,b-d,75.2,1
67,6,m-n,97.0,1
68,1,s-ş,65.1,1
68,1,s-ş,76.2,1
68,1,b-d,57.5,0
68,2,s-ş,83.7,1
68,2,b-d,53.6,1
68,2,a-e,76.1,1
68,2,p-q,76.2,1
68,2,s-ş,66.0,1
68,3,p-q,93.6,1
68,3,s-ş,72.4,1
68,3,s-ş,81.5,1
68,3,b-d,73.9,1
68,3,m-n,50.9,0
68,4,p-q,87.6,1
68,4,b-d,71.7,1
68,4,k-t,84.9,1
68,5,p-q,100.0,1
68,5,b-d,89.7,1
68,5,b-d,90.9,1
68,5,b-d,89.8,1
68,6,s-ş,86.0,1
68,6,p-q,99.9,1
68,6,m-n,93.5,1
68,6,s-ş,100.0,1
68,6,p-q,95.8,1
69,1,b-d,43.8,0
69,1,k-t,48.9,0
69,1,m-n,45.2,0
69,1,a-e,62.2,1
69,1,k-t,51.5,0
69,2,p-q,62.4,1
69,2,k-t,62.3,0
69,2,m-n,65.6,1
69,2,m-n,41.6,0
69,3,a-e,65.9,1
69,3,b-d,66.1,0
69,3,p-q,70.2,1
69,3,k-t,70.8,1
69,4,s-ş,48.7,0
69,4,k-t,96.8,1
69,4,a-e,74.6,1
69,4,p-q,55.8,1
69,4,m-n,70.8,1
69,5,a-e,56.0,1
69,5,k-t,68.0,0
69,5,m-n,64.5,1
69,5,b-d,79.0,1
69,5,s-ş,69.0,1
69,6,b-d,99.5,1
69,6,p-q,94.5,1
69,6,b-d,86.3,1
70,1,b-d,43.9,0
70,1,p-q,44.1,0
70,1,k-t,49.7,0
70,1,k-t,47.1,0
70,1,k-t,53.7,0
70,2,s-ş,61.1,0
70,2,k-t,49.4,0
70,2,b-d,51.4,1
70,2,k-t,62.2,1
70,2,b-d,60.9,1
70,3,m-n,57.5,0
70,3,s-ş,69.8,1
70,3,b-d,63.4,1
70,4,b-d,69.6,1
70,4,a-e,55.8,1
70,4,p-q,76.9,1
70,4,p-q,57.8,1
70,5,k-t,71.4,1
70,5,b-d,65.1,1
70,5,a-e,65.1,0
70,6,p-q,79.2,1
70,6,p-q,72.1,1
70,6,b-d,81.1,1
71,1,p-q,57.8,1
71,1,k-t,71.1,1
71,1,b-d,60.5,1
71,1,b-d,37.0,0
71,2,a-e,77.1,1
71,2,k-t,68.7,1
71,2,b-d,63.1,1
71,3,b-d,87.0,1
71,3,m-n,68.1,1
71,3,m-n,60.8,1
71,3,b-d,58.4,1
71,3,s-ş,83.9,1
71,4,p-q,74.1,1
71,4,p-q,73.2,1
71,4,k-t,77.8,1
71,4,m-n,67.5,0
71,4,k-t,63.3,0
71,5,m-n,66.9,1
71,5,a-e,99.4,1
71,5,p-q,73.1,1
71,5,k-t,70.1,1
71,5,k-t,89.4,1
71,6,p-q,77.7,1
71,6,k-t,85.9,1
71,6,b-d,94.0,1
72,1,b-d,53.7,0
72,1,b-d,53.9,1
72,1,p-q,50.5,0
72,1,b-d,64.5,0
72,2,s-ş,70.3,1
72,2,m-n,79.6,1
72,2,k-t,89.5,1
72,2,b-d,57.6,0
72,2,a-e,74.7,1
72,3,b-d,55.1,0
72,3,b-d,79.3,1
72,3,s-ş,68.2,1
72,3,b-d,85.5,1
72,3,s-ş,65.1,0
72,4,b-d,79.3,1
72,4,a-e,85.5,1
72,4,p-q,97.2,1
72,4,p-q,100.0,1
72,4,s-ş,70.9,1
72,5,p-q,100.0,1
72,5,p-q,96.0,1
72,5,s-ş,97.2,1
72,5,b-d,87.8,1
72,6,p-q,86.3,1
72,6,a-e,88.9,1
72,6,p-q,97.7,1
72,6,b-d,95.9,1
72,6,m-n,84.0,1
73,1,p-q,61.7,1
73,1,b-d,61.0,1
73,1,s-ş,61.8,1
73,1,a-e,44.6,0
73,1,k-t,57.0,1
73,2,b-d,58.1,1
73,2,m-n,55.1,0
73,2,m-n,51.8,1
73,3,m-n,57.3,0
73,3,b-d,56.3,0
73,3,s-ş,75.0,1
73,3,s-ş,83.3,1
73,4,m-n,76.2,1
73,4,p-q,66.9,0
73,4,p-q,79.8,1
73,4,b-d,83.0,1
73,5,p-q,81.6,1
73,5,p-q,63.7,1
73,5,s-ş,64.1,1
73,5,b-d,78.0,1
73,5,s-ş,89.3,1
73,6,b-d,82.0,1
73,6,b-d,91.4,1
73,6,m-n,82.1,1
73,6,b-d,100.0,1
74,1,b-d,56.4,0
74,1,s-ş,52.0,1
74,1,s-ş,45.2,0
74,2,a-e,63.8,0
74,2,b-d,45.1,0
74,2,p-q,57.8,1
74,2,k-t,61.9,1
74,3,m-n,78.6,1
74,3,b-d,64.9,0
74,3,s-ş,51.6,1
74,3,a-e,52.1,1
74,4,b-d,87.9,1
74,4,b-d,59.8,1
74,4,s-ş,79.2,1
74,5,m-n,62.9,0
74,5,p-q,93.0,1
74,5,b-d,80.8,1
74,5,k-t,95.2,1
74,6,s-ş,100.0,1
74,6,b-d,97.7,1
74,6,a-e,93.0,1
74,6,b-d,100.0,1
75,1,a-e,37.5,0
75,1,m-n,28.5,0
75,1,m-n,31.4,0
75,1,p-q,47.3,0
75,2,p-q,33.3,0
75,2,p-q,41.6,0
75,2,s-ş,38.9,0
75,2,a-e,45.3,0
75,3,a-e,39.7,0
75,3,b-d,38.0,0
75,3,m-n,55.3,0
75,3,b-d,57.3,0
75,4,b-d,58.1,0
75,4,k-t,62.2,0
75,4,a-e,55.7,1
75,4,b-d,56.8,1
75,5,m-n,48.1,0
75,5,a-e,70.7,1
75,5,p-q,71.8,1
75,5,b-d,57.8,0
75,5,b-d,80.2,1
75,6,p-q,59.0,1
75,6,s-ş,71.7,1
75,6,s-ş,55.7,0
76,1,p-q,41.1,0
76,1,s-ş,62.1,1
76,1,a-e,56.9,1
76,1,a-e,46.8,0
76,1,k-t,53.5,1
76,2,p-q,46.8,0
76,2,b-d,57.7,0
76,2,a-e,59.7,0
76,2,k-t,35.9,0
76,3,s-ş,52.3,1
76,3,s-ş,83.7,1
76,3,p-q,56.8,1
76,3,m-n,54.3,1
76,4,k-t,58.8,0
76,4,s-ş,67.4,1
76,4,a-e,62.3,1
76,4,s-ş,61.7,1
76,5,s-ş,87.6,1
76,5,s-ş,81.0,1
76,5,s-ş,78.5,1
76,6,p-q,86.6,1
76,6,m-n,70.8,1
76,6,k-t,93.2,1
77,1,b-d,25.6,0
77,1,m-n,52.0,0
77,1,s-ş,42.5,0
77,1,m-n,37.9,0
77,1,p-q,34.0,0
77,2,m-n,54.1,0
77,2,a-e,46.3,0
77,2,s-ş,63.5,1
77,2,s-ş,68.0,0
77,3,p-q,55.4,1
77,3,p-q,41.4,0
77,3,s-ş,48.0,0
77,3,p-q,51.2,0
77,4,p-q,65.2,1
77,4,p-q,60.3,0
77,4,k-t,59.7,1
77,5,m-n,46.7,0
77,5,b-d,50.7,0
77,5,m-n,67.6,1
77,5,s-ş,61.7,0
77,6,a-e,80.1,1
77,6,p-q,72.3,1
77,6,m-n,72.3,1
77,6,k-t,84.7,1
77,6,p-q,75.4,1
78,1,k-t,54.0,0
78,1,k-t,28.7,0
78,1,k-t,47.5,0
78,1,a-e,50.7,1
78,2,a-e,31.2,0
78,2,a-e,39.1,0
78,2,a-e,48.9,0
78,2,a-e,53.4,1
78,3,b-d,57.0,1
78,3,k-t,36.2,0
78,3,b-d,35.0,0
78,4,b-d,54.2,1
78,4,m-n,37.1,0
78,4,p-q,51.6,1
78,4,m-n,65.6,1
78,4,s-ş,52.2,1
78,5,s-ş,55.8,0
78,5,a-e,34.6,0
78,5,k-t,59.2,1
78,5,k-t,58.7,1
78,6,a-e,78.3,1
78,6,p-q,52.5,0
78,6,m-n,63.1,0
79,1,m-n,51.0,1
79,1,s-ş,35.7,0
79,1,k-t,24.1,0
79,1,m-n,54.6,0
79,2,a-e,52.1,0
79,2,m-n,46.1,0
79,2,s-ş,49.3,0
79,2,s-ş,47.8,0
79,2,m-n,45.8,0
79,3,b-d,68.8,1
79,3,b-d,50.4,1
79,3,k-t,69.5,1
79,4,k-t,65.6,1
79,4,m-n,36.6,0
79,4,k-t,51.8,0
79,5,a-e,71.2,1
79,5,m-n,57.5,1
79,5,b-d,59.5,0
79,6,p-q,71.6,1
79,6,k-t,54.4,1
79,6,p-q,70.4,1
80,1,a-e,34.5,0
80,1,s-ş,52.1,1
80,1,b-d,39.7,0
80,1,m-n,38.4,0
80,2,s-ş,59.4,0
80,2,k-t,45.1,0
80,2,m-n,53.9,1
80,2,k-t,56.3,0
80,2,b-d,43.7,0
80,3,k-t,67.2,0
80,3,b-d,55.8,0
80,3,s-ş,64.1,1
80,3,s-ş,63.3,1
80,3,m-n,57.8,1
80,4,a-e,50.9,0
80,4,b-d,70.1,1
80,4,s-ş,53.8,1
80,4,b-d,84.6,1
80,5,p-q,81.6,1
80,5,a-e,70.4,1
80,5,s-ş,69.5,0
80,5,a-e,77.8,1
80,5,a-e,74.6,1
80,6,s-ş,74.8,1
80,6,a-e,76.1,1
80,6,m-n,81.4,1
80,6,k-t,89.9,1
80,6,m-n,91.1,1
81,1,a-e,57.0,0
81,1,s-ş,51.1,1
81,1,b-d,67.1,1
81,1,p-q,63.6,1
81,1,s-ş,60.0,0
81,2,b-d,75.0,1
81,2,k-t,71.1,1
81,2,s-ş,69.4,0
81,2,p-q,88.1,1
81,2,k-t,50.4,0
81,3,m-n,80.2,1
81,3,p-q,85.7,1
81,3,b-d,81.6,1
81,4,s-ş,100.0,1
81,4,a-e,91.6,1
81,4,k-t,79.6,1
81,4,a-e,94.9,1
81,5,a-e,82.1,1
81,5,a-e,100.0,1
81,5,s-ş,79.8,1
81,5,p-q,96.5,1
81,5,m-n,87.1,1
81,6,b-d,100.0,1
81,6,k-t,100.0,1
81,6,k-t,100.0,1
81,6,k-t,100.0,1
81,6,k-t,98.5,1
82,1,b-d,52.1,1
82,1,p-q,72.3,1
82,1,b-d,38.2,0
82,2,m-n,51.2,0
82,2,b-d,56.7,0
82,2,s-ş,58.2,0
82,2,k-t,56.4,0
82,3,p-q,53.2,0
82,3,p-q,58.1,1
82,3,a-e,41.7,0
82,4,b-d,66.7,1
82,4,k-t,65.2,1
82,4,s-ş,64.5,0
82,4,k-t,71.6,1
82,5,m-n,72.6,1
82,5,m-n,70.9,1
82,5,a-e,77.5,1
82,5,p-q,88.8,1
82,5,a-e,53.9,0
82,6,a-e,89.5,1
82,6,s-ş,89.7,1
82,6,m-n,80.6,1
82,6,s-ş,78.2,1
83,1,s-ş,49.2,0
83,1,s-ş,45.0,0
83,1,b-d,33.1,0
83,1,a-e,50.3,0
83,1,p-q,44.2,0
83,2,m-n,40.6,0
83,2,k-t,33.8,0
83,2,k-t,43.7,0
83,2,s-ş,41.3,0
83,3,b-d,58.2,0
83,3,p-q,36.8,0
83,3,p-q,22.8,0
83,3,b-d,41.1,0
83,3,m-n,51.7,0
83,4,p-q,64.0,0
83,4,a-e,56.3,0
83,4,k-t,34.9,0
83,4,p-q,48.6,0
83,4,m-n,65.7,1
83,5,p-q,41.8,0
83,5,b-d,43.7,0
83,5,b-d,56.5,0
83,5,a-e,35.7,0
83,6,k-t,54.0,0
83,6,b-d,71.4,1
83,6,m-n,52.1,0
83,6,b-d,47.5,0
84,1,a-e,42.7,0
84,1,m-n,50.3,0
84,1,p-q,36.1,0
84,2,s-ş,34.7,0
84,2,k-t,65.2,1
84,2,m-n,40.2,0
84,3,k-t,44.1,0
84,3,s-ş,57.7,1
84,3,k-t,29.8,0
84,3,a-e,37.9,0
84,4,k-t,30.8,0
84,4,a-e,47.7,0
84,4,s-ş,46.6,0
84,4,a-e,38.3,0
84,5,a-e,46.5,0
84,5,a-e,59.2,0
84,5,k-t,51.5,1
84,5,m-n,46.6,0
84,6,p-q,61.6,1
84,6,s-ş,49.3,0
84,6,p-q,67.7,0
85,1,a-e,69.1,0
85,1,b-d,46.0,0
85,1,p-q,45.1,0
85,1,a-e,63.2,1
85,2,m-n,62.1,0
85,2,m-n,74.8,1
85,2,a-e,49.7,0
85,2,m-n,51.5,0
85,3,s-ş,61.4,1
85,3,a-e,71.7,1
85,3,m-n,57.2,0
85,4,k-t,89.2,1
85,4,s-ş,78.9,1
85,4,k-t,62.9,0
85,4,s-ş,80.8,1
85,4,k-t,87.5,1
85,5,k-t,83.1,1
85,5,b-d,81.8,1
85,5,p-q,77.8,1
85,5,s-ş,95.0,1
85,6,k-t,100.0,1
85,6,s-ş,100.0,1
85,6,s-ş,91.5,1
85,6,m-n,100.0,1
85,6,s-ş,91.3,1
86,1,p-q,58.6,0
86,1,s-ş,47.4,0
86,1,p-q,65.2,1
86,1,m-n,36.7,0
86,1,m-n,37.2,0
86,2,b-d,57.0,0
86,2,s-ş,63.2,0
86,2,p-q,53.8,1
86,2,b-d,54.1,0
86,3,p-q,64.0,0
86,3,a-e,50.7,1
86,3,a-e,86.0,1
86,3,p-q,51.3,1
86,4,s-ş,61.3,1
86,4,k-t,64.8,0
86,4,a-e,63.2,0
86,4,a-e,69.6,1
86,5,a-e,60.9,0
86,5,m-n,85.9,1
86,5,a-e,92.2,1
86,5,k-t,73.5,1
86,6,a-e,81.3,1
86,6,b-d,90.9,1
86,6,m-n,77.6,1
87,1,m-n,33.9,0
87,1,a-e,52.7,1
87,1,k-t,36.5,0
87,2,a-e,57.2,0
87,2,b-d,39.2,0
87,2,b-d,46.0,0
87,2,a-e,49.1,0
87,2,k-t,29.2,0
87,3,m-n,62.3,0
87,3,b-d,36.8,0
87,3,b-d,48.2,0
87,3,k-t,37.1,0
87,4,k-t,20.0,0
87,4,m-n,42.8,0
87,4,a-e,43.3,0
87,4,a-e,44.9,0
87,4,a-e,72.4,1
87,5,s-ş,52.6,1
87,5,b-d,58.3,0
87,5,s-ş,64.3,1
87,6,m-n,39.7,0
87,6,p-q,54.9,0
87,6,m-n,62.4,1
88,1,k-t,55.2,0
88,1,p-q,53.6,0
88,1,a-e,79.0,1
88,1,m-n,52.1,0
88,2,k-t,51.3,1
88,2,b-d,52.4,1
88,2,b-d,62.0,0
88,2,k-t,56.6,0
88,2,m-n,37.7,0
88,3,b-d,61.8,1
88,3,m-n,77.3,1
88,3,a-e,67.2,1
88,4,p-q,60.9,0
88,4,b-d,72.4,1
88,4,k-t,65.8,1
88,4,m-n,47.9,0
88,4,b-d,75.2,1
88,5,p-q,76.2,1
88,5,b-d,75.7,1
88,5,b-d,76.9,1
88,5,k-t,81.1,1
88,5,s-ş,73.2,1
88,6,m-n,82.6,1
88,6,s-ş,98.3,1
88,6,p-q,79.8,1
88,6,b-d,84.7,1
89,1,p-q,57.6,1
89,1,k-t,62.2,1
89,1,m-n,62.0,1
89,1,p-q,71.1,1
89,1,k-t,73.0,1
89,2,p-q,54.7,1
89,2,p-q,53.5,1
89,2,s-ş,78.8,1
89,2,p-q,65.0,0
89,2,a-e,60.3,0
89,3,b-d,97.3,1
89,3,p-q,71.9,1
89,3,b-d,84.8,1
89,3,m-n,85.6,1
89,4,a-e,87.4,1
89,4,b-d,93.2,1
89,4,k-t,71.5,1
89,4,a-e,100.0,1
89,5,k-t,100.0,1
89,5,s-ş,85.7,1
89,5,p-q,99.8,1
89,5,s-ş,100.0,1
89,6,k-t,99.2,1
89,6,a-e,100.0,1
89,6,k-t,100.0,1
90,1,p-q,66.3,0
90,1,k-t,57.5,0
90,1,m-n,64.4,1
90,2,s-ş,67.9,1
90,2,m-n,74.6,1
90,2,k-t,63.5,1
90,2,a-e,63.4,0
90,3,m-n,69.3,1
90,3,m-n,88.9,1
90,3,s-ş,74.4,1
90,3,a-e,85.3,1
90,4,b-d,90.9,1
90,4,k-t,86.8,1
90,4,p-q,65.5,1
90,4,m-n,55.7,0
90,5,k-t,100.0,1
90,5,m-n,90.9,1
90,5,b-d,100.0,1
90,6,m-n,100.0,1
90,6,k-t,91.5,1
90,6,b-d,98.1,1
90,6,s-ş,100.0,1
90,6,s-ş,100.0,1
91,1,s-ş,74.1,1
91,1,b-d,60.0,1
91,1,s-ş,70.4,1
91,1,m-n,74.9,1
91,2,a-e,74.2,1
91,2,m-n,65.6,0
91,2,k-t,76.0,1
91,2,m-n,80.6,1
91,3,s-ş,60.1,0
91,3,b-d,70.1,1
91,3,m-n,67.0,1
91,3,a-e,73.6,1
91,3,a-e,68.2,1
91,4,a-e,83.4,1
91,4,p-q,75.0,1
91,4,a-e,100.0,1
91,4,b-d,70.5,1
91,5,b-d,97.3,1
91,5,b-d,97.9,1
91,5,b-d,80.3,1
91,6,p-q,95.2,1
91,6,k-t,86.3,1
91,6,k-t,100.0,1
91,6,s-ş,100.0,1
92,1,p-q,59.2,0
92,1,b-d,70.5,1
92,1,a-e,57.6,1
92,2,b-d,66.8,0
92,2,a-e,66.6,0
92,2,k-t,55.8,0
92,2,p-q,78.0,1
92,3,p-q,59.0,0
92,3,k-t,70.9,1
92,3,k-t,77.2,1
92,3,m-n,64.9,0
92,3,p-q,74.7,1
92,4,m-n,86.6,1
92,4,a-e,79.8,1
92,4,a-e,83.8,1
92,4,s-ş,72.1,1
92,4,s-ş,65.0,1
92,5,a-e,90.9,1
92,5,b-d,93.0,1
92,5,k-t,98.2,1
92,5,k-t,78.3,1
92,5,b-d,80.5,1
92,6,s-ş,90.2,1
92,6,a-e,87.7,1
92,6,p-q,90.7,1
92,6,m-n,72.2,1
93,1,p-q,70.8,1
93,1,b-d,57.3,0
93,1,a-e,46.4,0
93,1,b-d,58.8,1
93,2,a-e,66.7,1
93,2,p-q,60.0,0
93,2,m-n,69.8,0
93,2,k-t,55.7,0
93,3,k-t,71.8,1
93,3,a-e,69.4,0
93,3,b-d,61.4,1
93,3,a-e,61.0,0
93,3,k-t,68.6,0
93,4,b-d,50.0,0
93,4,s-ş,73.1,1
93,4,p-q,68.2,1
93,5,p-q,65.2,1
93,5,m-n,77.3,1
93,5,b-d,63.0,0
93,6,a-e,73.1,1
93,6,m-n,100.0,1
93,6,k-t,81.4,1
94,1,m-n,53.9,1
94,1,k-t,59.2,0
94,1,p-q,54.4,0
94,2,k-t,61.8,1
94,2,k-t,73.6,1
94,2,m-n,59.3,0
94,3,m-n,71.7,1
94,3,b-d,76.6,1
94,3,b-d,88.0,1
94,4,p-q,100.0,1
94,4,m-n,87.0,1
94,4,a-e,82.6,1
94,4,a-e,74.9,1
94,5,a-e,81.1,1
94,5,s-ş,89.6,1
94,5,k-t,94.5,1
94,5,k-t,87.8,1
94,5,b-d,88.7,1
94,6,m-n,88.4,1
94,6,a-e,83.1,1
94,6,p-q,100.0,1
95,1,s-ş,48.5,0
95,1,m-n,49.0,0
95,1,m-n,32.9,0
95,1,m-n,43.7,0
95,2,a-e,30.8,0
95,2,a-e,41.8,0
95,2,k-t,45.9,0
95,3,m-n,63.2,1
95,3,k-t,68.4,0
95,3,a-e,57.7,0
95,3,s-ş,32.3,0
95,3,s-ş,72.7,1
95,4,a-e,36.2,0
95,4,k-t,53.7,0
95,4,p-q,53.0,0
95,4,a-e,43.6,0
95,4,b-d,58.6,0
95,5,s-ş,64.7,1
95,5,k-t,66.3,0
95,5,m-n,42.1,0
95,5,a-e,47.9,0
95,5,p-q,60.8,0
95,6,b-d,78.4,1
95,6,b-d,62.2,1
95,6,m-n,71.5,1
95,6,m-n,79.8,1
95,6,m-n,60.3,1
96,1,b-d,40.6,0
96,1,k-t,57.5,0
96,1,k-t,42.8,0
96,1,b-d,56.8,1
96,1,k-t,52.5,1
96,2,a-e,39.3,0
96,2,k-t,36.0,0
96,2,b-d,48.7,0
96,2,k-t,44.4,0
96,2,p-q,62.7,0
96,3,k-t,43.0,0
96,3,p-q,66.7,0
96,3,k-t,46.9,0
96,3,k-t,57.2,0
96,3,m-n,46.7,0
96,4,s-ş,65.3,0
96,4,b-d,52.0,1
96,4,b-d,64.2,1
96,4,b-d,67.8,0
96,4,m-n,64.8,1
96,5,a-e,62.7,0
96,5,a-e,64.6,1
96,5,b-d,60.2,1
96,5,b-d,65.1,1
96,5,k-t,68.2,0
96,6,b-d,40.8,0
96,6,b-d,60.2,1
96,6,s-ş,68.5,1
96,6,s-ş,70.7,1
97,1,s-ş,49.3,0
97,1,a-e,62.9,0
97,1,k-t,67.8,0
97,1,m-n,63.4,1
97,1,p-q,41.3,0
97,2,m-n,73.9,1
97,2,b-d,53.0,1
97,2,a-e,55.7,1
97,2,p-q,58.8,0
97,2,a-e,75.7,1
97,3,m-n,57.9,1
97,3,k-t,60.1,1
97,3,p-q,59.4,1
97,3,p-q,66.9,0
97,3,s-ş,84.4,1
97,4,a-e,81.2,1
97,4,m-n,81.9,1
97,4,p-q,88.7,1
97,4,b-d,77.0,1
97,5,s-ş,79.0,1
97,5,p-q,85.6,1
97,5,k-t,87.7,1
97,5,p-q,75.4,1
97,5,p-q,92.4,1
97,6,s-ş,100.0,1
97,6,s-ş,88.0,1
97,6,s-ş,77.3,1
97,6,p-q,100.0,1
97,6,s-ş,84.5,1
98,1,p-q,47.4,0
98,1,b-d,49.0,0
98,1,k-t,63.9,0
98,1,p-q,53.2,1
98,1,a-e,44.2,0
98,2,m-n,47.2,0
98,2,s-ş,55.3,0
98,2,p-q,60.7,0
98,2,p-q,55.6,0
98,2,s-ş,46.2,0
98,3,s-ş,52.0,1
98,3,s-ş,47.7,0
98,3,k-t,54.2,0
98,4,a-e,59.2,1
98,4,a-e,75.1,1
98,4,m-n,81.7,1
98,4,k-t,52.2,1
98,5,k-t,78.8,1
98,5,m-n,69.6,0
98,5,s-ş,88.5,1
98,5,p-q,78.7,1
98,5,p-q,71.7,1
98,6,m-n,74.0,1
98,6,m-n,73.7,1
98,6,b-d,78.5,1
98,6,k-t,79.3,1
99,1,p-q,28.0,0
99,1,b-d,40.1,0
99,1,s-ş,28.1,0
99,1,m-n,44.7,0
99,2,s-ş,44.9,0
99,2,p-q,48.5,0
99,2,p-q,53.4,1
99,2,m-n,43.0,0
99,2,m-n,59.2,1
99,3,p-q,51.1,0
99,3,s-ş,51.5,0
99,3,m-n,48.4,0
99,3,k-t,60.1,0
99,4,b-d,37.7,0
99,4,m-n,50.2,1
99,4,k-t,54.0,1
99,4,p-q,79.5,1
99,5,m-n,85.3,1
99,5,b-d,69.2,1
99,5,b-d,61.6,0
99,6,s-ş,74.6,1
99,6,b-d,55.2,0
99,6,b-d,74.7,1
99,6,p-q,89.9,1
100,1,b-d,59.1,1
100,1,b-d,63.5,1
100,1,k-t,69.8,1
100,1,a-e,63.5,0
100,2,m-n,74.6,1
100,2,a-e,53.0,0
100,2,m-n,59.8,0
100,2,s-ş,66.2,0
100,3,s-ş,55.9,0
100,3,a-e,72.3,1
100,3,m-n,78.9,1
100,4,m-n,81.0,1
100,4,b-d,90.3,1
100,4,b-d,72.0,1
100,5,k-t,92.8,1
100,5,s-ş,89.0,1
100,5,s-ş,76.8,1
100,5,s-ş,85.0,1
100,5,m-n,94.3,1
100,6,b-d,87.7,1
100,6,s-ş,100.0,1
100,6,b-d,100.0,1
100,6,b-d,97.4,1
100,6,a-e,100.0,1
