user_id,week,kelime_hatasi,success_rate,is_resolved
1,1,çalışan-çalışkan,33.2,0
1,1,gül-gül,33.4,0
1,1,gül-gül,26.8,0
1,1,gül-gül,39.3,0
1,1,şarkı-şarki,33.3,0
1,2,ince-ince,54.5,1
1,2,kalem-kalemlik,51.4,0
1,2,kalem-kalemlik,20.0,0
1,2,ince-ince,34.5,0
1,3,yaz-yaz,32.0,0
1,3,gül-gül,42.6,0
1,3,çalışan-çalışkan,39.6,0
1,4,yaz-yaz,49.3,0
1,4,şarkı-şarki,47.5,0
1,4,ince-ince,39.3,0
1,4,kalem-kalemlik,68.0,1
1,4,çalışan-çalışkan,52.2,1
1,5,ince-ince,46.2,0
1,5,kalem-kalemlik,53.1,0
1,5,ince-ince,45.8,0
1,6,yaz-yaz,68.9,0
1,6,çalışan-çalışkan,45.4,0
1,6,gül-gül,42.9,0
1,6,gül-gül,56.1,1
1,6,kalem-kalemlik,26.7,0
2,1,yaz-yaz,36.6,0
2,1,ince-ince,30.9,0
2,1,kalem-kalemlik,37.3,0
2,1,kalem-kalemlik,67.7,1
2,1,şarkı-şarki,20.0,0
2,2,kalem-kalemlik,39.6,0
2,2,çalışan-çalışkan,41.4,0
2,2,ince-ince,47.9,0
2,3,kalem-kalemlik,36.5,0
2,3,kalem-kalemlik,43.9,0
2,3,ince-ince,46.6,0
2,4,yaz-yaz,59.4,1
2,4,çalışan-çalışkan,64.6,0
2,4,şarkı-şarki,46.1,0
2,4,çalışan-çalışkan,34.1,0
2,5,gül-gül,52.7,0
2,5,ince-ince,38.2,0
2,5,ince-ince,44.5,0
2,5,çalışan-çalışkan,56.5,0
2,6,çalışan-çalışkan,66.7,1
2,6,ince-ince,61.0,0
2,6,şarkı-şarki,60.3,1
3,1,çalışan-çalışkan,72.3,1
3,1,çalışan-çalışkan,51.4,1
3,1,gül-gül,60.3,0
3,1,şarkı-şarki,52.5,0
3,2,çalışan-çalışkan,81.2,1
3,2,yaz-yaz,72.1,1
3,2,şarkı-şarki,81.7,1
3,2,gül-gül,57.8,1
3,2,şarkı-şarki,76.2,1
3,3,gül-gül,70.5,1
3,3,şarkı-şarki,69.5,0
3,3,çalışan-çalışkan,79.3,1
3,4,çalışan-çalışkan,78.2,1
3,4,kalem-kalemlik,92.6,1
3,4,çalışan-çalışkan,90.5,1
3,4,yaz-yaz,100.0,1
3,5,çalışan-çalışkan,92.3,1
3,5,gül-gül,80.2,1
3,5,şarkı-şarki,92.5,1
3,6,ince-ince,100.0,1
3,6,şarkı-şarki,100.0,1
3,6,şarkı-şarki,91.5,1
3,6,ince-ince,100.0,1
4,1,gül-gül,63.7,0
4,1,gül-gül,50.0,1
4,1,gül-gül,73.4,1
4,1,gül-gül,70.0,0
4,2,şarkı-şarki,63.1,0
4,2,ince-ince,72.0,1
4,2,şarkı-şarki,67.1,1
4,2,gül-gül,77.1,1
4,3,yaz-yaz,72.2,1
4,3,çalışan-çalışkan,73.1,1
4,3,gül-gül,74.3,1
4,4,gül-gül,52.0,0
4,4,şarkı-şarki,77.5,1
4,4,şarkı-şarki,57.5,1
4,4,gül-gül,79.8,1
4,5,kalem-kalemlik,92.3,1
4,5,gül-gül,100.0,1
4,5,ince-ince,100.0,1
4,5,yaz-yaz,79.0,1
4,6,ince-ince,87.8,1
4,6,şarkı-şarki,94.4,1
4,6,yaz-yaz,74.9,1
5,1,ince-ince,62.0,0
5,1,gül-gül,38.4,0
5,1,kalem-kalemlik,41.4,0
5,1,yaz-yaz,48.0,0
5,2,şarkı-şarki,35.9,0
5,2,çalışan-çalışkan,38.1,0
5,2,kalem-kalemlik,45.0,0
5,2,yaz-yaz,62.2,1
5,2,yaz-yaz,33.3,0
5,3,gül-gül,32.9,0
5,3,kalem-kalemlik,54.1,0
5,3,yaz-yaz,51.6,1
5,3,çalışan-çalışkan,34.1,0
5,4,şarkı-şarki,42.1,0
5,4,yaz-yaz,43.2,0
5,4,şarkı-şarki,50.0,0
5,4,kalem-kalemlik,59.0,1
5,5,çalışan-çalışkan,47.9,0
5,5,kalem-kalemlik,60.9,0
5,5,kalem-kalemlik,56.3,0
5,6,gül-gül,67.0,1
5,6,yaz-yaz,56.1,1
5,6,kalem-kalemlik,63.7,1
5,6,ince-ince,71.9,1
5,6,kalem-kalemlik,77.1,1
6,1,yaz-yaz,35.5,0
6,1,ince-ince,46.5,0
6,1,gül-gül,60.3,0
6,1,gül-gül,43.0,0
6,1,yaz-yaz,36.0,0
6,2,yaz-yaz,48.7,0
6,2,çalışan-çalışkan,41.0,0
6,2,şarkı-şarki,34.7,0
6,3,kalem-kalemlik,39.6,0
6,3,ince-ince,54.2,0
6,3,yaz-yaz,43.2,0
6,3,şarkı-şarki,39.3,0
6,3,gül-gül,54.0,0
6,4,kalem-kalemlik,60.0,1
6,4,şarkı-şarki,45.3,0
6,4,ince-ince,54.0,0
6,4,şarkı-şarki,57.7,1
6,5,çalışan-çalışkan,67.2,1
6,5,gül-gül,50.5,1
6,5,şarkı-şarki,56.1,0
6,6,kalem-kalemlik,89.5,1
6,6,ince-ince,57.3,1
6,6,gül-gül,57.5,1
7,1,ince-ince,63.6,0
7,1,kalem-kalemlik,57.3,0
7,1,yaz-yaz,41.0,0
7,2,ince-ince,46.1,0
7,2,şarkı-şarki,47.4,0
7,2,ince-ince,47.1,0
7,2,çalışan-çalışkan,57.5,0
7,3,gül-gül,54.4,0
7,3,kalem-kalemlik,55.1,0
7,3,çalışan-çalışkan,57.4,1
7,4,gül-gül,73.9,1
7,4,yaz-yaz,68.8,1
7,4,şarkı-şarki,51.1,0
7,4,ince-ince,69.0,0
7,5,şarkı-şarki,67.2,1
7,5,kalem-kalemlik,85.4,1
7,5,şarkı-şarki,83.1,1
7,5,şarkı-şarki,68.7,0
7,6,şarkı-şarki,74.2,1
7,6,ince-ince,75.4,1
7,6,çalışan-çalışkan,72.5,1
7,6,çalışan-çalışkan,73.8,1
7,6,yaz-yaz,71.1,1
8,1,kalem-kalemlik,34.6,0
8,1,gül-gül,43.7,0
8,1,çalışan-çalışkan,68.6,0
8,1,şarkı-şarki,48.3,0
8,2,yaz-yaz,41.0,0
8,2,gül-gül,44.6,0
8,2,gül-gül,38.4,0
8,3,çalışan-çalışkan,51.5,1
8,3,gül-gül,50.9,1
8,3,çalışan-çalışkan,59.7,1
8,3,yaz-yaz,61.8,0
8,3,gül-gül,62.9,1
8,4,yaz-yaz,42.9,0
8,4,şarkı-şarki,47.5,0
8,4,ince-ince,63.1,1
8,4,yaz-yaz,50.9,0
8,5,kalem-kalemlik,71.8,1
8,5,kalem-kalemlik,54.6,0
8,5,yaz-yaz,73.7,1
8,6,gül-gül,92.1,1
8,6,ince-ince,57.0,1
8,6,gül-gül,66.8,0
9,1,çalışan-çalışkan,33.1,0
9,1,şarkı-şarki,30.3,0
9,1,ince-ince,35.9,0
9,1,çalışan-çalışkan,47.5,0
9,2,ince-ince,44.0,0
9,2,çalışan-çalışkan,37.6,0
9,2,çalışan-çalışkan,42.9,0
9,2,ince-ince,46.8,0
9,3,çalışan-çalışkan,48.9,0
9,3,ince-ince,46.1,0
9,3,yaz-yaz,48.3,0
9,3,yaz-yaz,36.5,0
9,3,ince-ince,59.5,0
9,4,şarkı-şarki,58.3,1
9,4,kalem-kalemlik,35.3,0
9,4,kalem-kalemlik,54.6,1
9,4,gül-gül,47.9,0
9,5,çalışan-çalışkan,52.9,1
9,5,kalem-kalemlik,45.5,0
9,5,yaz-yaz,40.4,0
9,5,şarkı-şarki,53.0,1
9,5,yaz-yaz,70.1,1
9,6,kalem-kalemlik,59.3,0
9,6,şarkı-şarki,56.2,0
9,6,yaz-yaz,47.2,0
9,6,kalem-kalemlik,45.9,0
10,1,şarkı-şarki,58.4,0
10,1,yaz-yaz,29.0,0
10,1,şarkı-şarki,46.8,0
10,1,gül-gül,47.6,0
10,1,ince-ince,48.8,0
10,2,ince-ince,42.5,0
10,2,yaz-yaz,42.2,0
10,2,çalışan-çalışkan,37.2,0
10,2,şarkı-şarki,47.5,0
10,2,gül-gül,34.6,0
10,3,kalem-kalemlik,53.6,0
10,3,kalem-kalemlik,34.4,0
10,3,çalışan-çalışkan,62.0,0
10,3,yaz-yaz,77.9,1
10,3,gül-gül,52.1,1
10,4,ince-ince,66.6,0
10,4,yaz-yaz,61.5,1
10,4,kalem-kalemlik,66.1,1
10,4,ince-ince,62.7,1
10,5,ince-ince,63.1,0
10,5,ince-ince,62.3,1
10,5,yaz-yaz,62.2,0
10,5,yaz-yaz,84.0,1
10,6,gül-gül,71.5,1
10,6,ince-ince,60.1,0
10,6,gül-gül,67.6,0
10,6,kalem-kalemlik,82.2,1
10,6,gül-gül,66.5,0
11,1,kalem-kalemlik,71.0,1
11,1,ince-ince,54.9,0
11,1,ince-ince,64.0,0
11,2,şarkı-şarki,62.9,1
11,2,ince-ince,77.2,1
11,2,ince-ince,59.7,1
11,2,yaz-yaz,66.3,0
11,2,yaz-yaz,81.9,1
11,3,çalışan-çalışkan,68.3,1
11,3,şarkı-şarki,79.0,1
11,3,yaz-yaz,77.2,1
11,3,şarkı-şarki,79.0,1
11,3,kalem-kalemlik,74.5,1
11,4,ince-ince,88.8,1
11,4,ince-ince,83.6,1
11,4,şarkı-şarki,78.4,1
11,5,ince-ince,90.9,1
11,5,şarkı-şarki,90.8,1
11,5,gül-gül,80.8,1
11,5,çalışan-çalışkan,90.0,1
11,6,kalem-kalemlik,93.4,1
11,6,gül-gül,95.4,1
11,6,gül-gül,100.0,1
12,1,şarkı-şarki,49.3,0
12,1,çalışan-çalışkan,50.4,1
12,1,çalışan-çalışkan,33.1,0
12,1,yaz-yaz,20.6,0
12,2,yaz-yaz,46.3,0
12,2,ince-ince,47.2,0
12,2,çalışan-çalışkan,31.5,0
12,2,şarkı-şarki,36.8,0
12,2,gül-gül,31.2,0
12,3,kalem-kalemlik,38.6,0
12,3,yaz-yaz,44.9,0
12,3,şarkı-şarki,58.1,0
12,3,ince-ince,46.0,0
12,3,kalem-kalemlik,22.2,0
12,4,çalışan-çalışkan,64.7,0
12,4,çalışan-çalışkan,37.5,0
12,4,çalışan-çalışkan,59.1,1
12,4,gül-gül,43.1,0
12,4,yaz-yaz,42.4,0
12,5,çalışan-çalışkan,41.3,0
12,5,şarkı-şarki,60.2,1
12,5,yaz-yaz,46.8,0
12,6,gül-gül,49.5,0
12,6,şarkı-şarki,63.9,1
12,6,yaz-yaz,36.8,0
13,1,gül-gül,63.8,0
13,1,gül-gül,57.4,0
13,1,kalem-kalemlik,75.8,1
13,1,kalem-kalemlik,63.6,0
13,1,yaz-yaz,57.4,0
13,2,şarkı-şarki,79.4,1
13,2,ince-ince,68.7,1
13,2,şarkı-şarki,72.8,1
13,3,çalışan-çalışkan,75.9,1
13,3,yaz-yaz,86.2,1
13,3,gül-gül,87.2,1
13,3,şarkı-şarki,69.7,1
13,3,çalışan-çalışkan,83.5,1
13,4,şarkı-şarki,83.2,1
13,4,çalışan-çalışkan,89.2,1
13,4,ince-ince,85.8,1
13,4,ince-ince,82.4,1
13,4,çalışan-çalışkan,87.2,1
13,5,çalışan-çalışkan,100.0,1
13,5,gül-gül,89.9,1
13,5,çalışan-çalışkan,100.0,1
13,6,çalışan-çalışkan,100.0,1
13,6,kalem-kalemlik,100.0,1
13,6,kalem-kalemlik,94.3,1
13,6,kalem-kalemlik,100.0,1
13,6,çalışan-çalışkan,99.2,1
14,1,ince-ince,47.1,0
14,1,çalışan-çalışkan,73.5,1
14,1,çalışan-çalışkan,58.2,0
14,2,ince-ince,42.7,0
14,2,ince-ince,65.9,1
14,2,yaz-yaz,77.4,1
14,3,kalem-kalemlik,78.8,1
14,3,çalışan-çalışkan,62.6,0
14,3,kalem-kalemlik,84.0,1
14,3,gül-gül,54.2,1
14,3,yaz-yaz,74.5,1
14,4,ince-ince,80.6,1
14,4,gül-gül,83.8,1
14,4,çalışan-çalışkan,80.4,1
14,4,şarkı-şarki,61.3,0
14,4,kalem-kalemlik,92.1,1
14,5,çalışan-çalışkan,87.3,1
14,5,şarkı-şarki,79.8,1
14,5,ince-ince,76.9,1
14,5,gül-gül,71.9,1
14,6,çalışan-çalışkan,84.2,1
14,6,şarkı-şarki,84.0,1
14,6,şarkı-şarki,94.9,1
15,1,şarkı-şarki,24.3,0
15,1,şarkı-şarki,31.8,0
15,1,yaz-yaz,28.1,0
15,1,gül-gül,35.5,0
15,2,çalışan-çalışkan,20.0,0
15,2,çalışan-çalışkan,52.0,0
15,2,yaz-yaz,23.8,0
15,3,çalışan-çalışkan,37.0,0
15,3,ince-ince,53.6,1
15,3,ince-ince,48.2,0
15,3,çalışan-çalışkan,48.3,0
15,4,ince-ince,44.3,0
15,4,yaz-yaz,42.7,0
15,4,gül-gül,39.6,0
15,4,ince-ince,38.9,0
15,5,şarkı-şarki,43.7,0
15,5,ince-ince,72.7,1
15,5,gül-gül,32.8,0
15,5,yaz-yaz,58.4,1
15,6,ince-ince,59.6,1
15,6,ince-ince,52.8,0
15,6,çalışan-çalışkan,39.9,0
15,6,ince-ince,47.9,0
16,1,şarkı-şarki,37.2,0
16,1,gül-gül,67.6,1
16,1,şarkı-şarki,38.3,0
16,2,şarkı-şarki,47.0,0
16,2,çalışan-çalışkan,71.9,1
16,2,kalem-kalemlik,81.7,1
16,2,kalem-kalemlik,60.6,1
16,2,şarkı-şarki,68.2,0
16,3,ince-ince,69.7,1
16,3,ince-ince,52.2,0
16,3,çalışan-çalışkan,70.8,1
16,4,yaz-yaz,65.7,0
16,4,ince-ince,70.5,1
16,4,kalem-kalemlik,90.0,1
16,5,yaz-yaz,80.9,1
16,5,gül-gül,100.0,1
16,5,şarkı-şarki,71.6,1
16,6,yaz-yaz,77.5,1
16,6,çalışan-çalışkan,80.5,1
16,6,şarkı-şarki,65.0,1
16,6,kalem-kalemlik,83.5,1
17,1,şarkı-şarki,35.0,0
17,1,kalem-kalemlik,35.2,0
17,1,kalem-kalemlik,27.4,0
17,1,kalem-kalemlik,28.4,0
17,1,çalışan-çalışkan,32.0,0
17,2,kalem-kalemlik,54.4,1
17,2,ince-ince,36.8,0
17,2,çalışan-çalışkan,57.6,0
17,2,yaz-yaz,54.1,1
17,2,çalışan-çalışkan,38.4,0
17,3,şarkı-şarki,47.0,0
17,3,gül-gül,56.7,1
17,3,çalışan-çalışkan,43.4,0
17,4,ince-ince,38.1,0
17,4,kalem-kalemlik,46.2,0
17,4,şarkı-şarki,26.7,0
17,4,çalışan-çalışkan,23.6,0
17,4,yaz-yaz,52.6,0
17,5,ince-ince,59.8,0
17,5,çalışan-çalışkan,49.8,0
17,5,ince-ince,54.7,1
17,5,çalışan-çalışkan,51.4,0
17,6,gül-gül,56.7,1
17,6,ince-ince,44.5,0
17,6,kalem-kalemlik,56.0,0
17,6,yaz-yaz,71.6,1
17,6,çalışan-çalışkan,51.7,1
18,1,yaz-yaz,44.8,0
18,1,yaz-yaz,50.2,1
18,1,kalem-kalemlik,62.3,0
18,1,yaz-yaz,39.8,0
18,1,çalışan-çalışkan,51.9,1
18,2,şarkı-şarki,44.1,0
18,2,kalem-kalemlik,63.4,0
18,2,kalem-kalemlik,65.1,1
18,2,ince-ince,43.2,0
18,3,çalışan-çalışkan,49.1,0
18,3,şarkı-şarki,67.3,1
18,3,kalem-kalemlik,62.5,1
18,3,gül-gül,65.4,0
18,4,yaz-yaz,53.4,0
18,4,kalem-kalemlik,70.0,1
18,4,şarkı-şarki,70.7,1
18,5,yaz-yaz,64.7,1
18,5,ince-ince,49.2,0
18,5,çalışan-çalışkan,71.5,1
18,5,yaz-yaz,70.1,1
18,5,şarkı-şarki,82.1,1
18,6,yaz-yaz,71.1,1
18,6,kalem-kalemlik,90.2,1
18,6,şarkı-şarki,97.6,1
19,1,ince-ince,48.3,0
19,1,yaz-yaz,42.0,0
19,1,çalışan-çalışkan,46.7,0
19,1,ince-ince,44.1,0
19,1,çalışan-çalışkan,48.1,0
19,2,çalışan-çalışkan,40.9,0
19,2,çalışan-çalışkan,41.6,0
19,2,ince-ince,51.0,0
19,2,kalem-kalemlik,70.4,1
19,2,ince-ince,63.0,0
19,3,yaz-yaz,51.1,1
19,3,gül-gül,70.7,1
19,3,gül-gül,61.5,0
19,3,çalışan-çalışkan,59.9,1
19,3,gül-gül,63.4,0
19,4,çalışan-çalışkan,85.3,1
19,4,yaz-yaz,54.8,0
19,4,kalem-kalemlik,70.7,1
19,4,şarkı-şarki,69.5,0
19,5,gül-gül,75.8,1
19,5,gül-gül,77.1,1
19,5,gül-gül,76.4,1
19,6,kalem-kalemlik,62.2,0
19,6,gül-gül,82.9,1
19,6,kalem-kalemlik,88.7,1
19,6,yaz-yaz,100.0,1
19,6,kalem-kalemlik,78.7,1
20,1,yaz-yaz,48.8,0
20,1,ince-ince,45.1,0
20,1,şarkı-şarki,62.0,1
20,1,ince-ince,64.3,0
20,1,çalışan-çalışkan,55.1,1
20,2,yaz-yaz,69.0,1
20,2,gül-gül,70.5,1
20,2,gül-gül,65.4,0
20,3,çalışan-çalışkan,74.0,1
20,3,çalışan-çalışkan,87.5,1
20,3,yaz-yaz,78.6,1
20,3,kalem-kalemlik,74.2,1
20,4,çalışan-çalışkan,59.2,0
20,4,şarkı-şarki,100.0,1
20,4,yaz-yaz,77.0,1
20,5,şarkı-şarki,100.0,1
20,5,çalışan-çalışkan,95.3,1
20,5,yaz-yaz,92.1,1
20,6,çalışan-çalışkan,79.4,1
20,6,şarkı-şarki,92.1,1
20,6,şarkı-şarki,86.2,1
20,6,yaz-yaz,95.6,1
20,6,şarkı-şarki,100.0,1
21,1,kalem-kalemlik,20.0,0
21,1,kalem-kalemlik,32.3,0
21,1,ince-ince,45.1,0
21,1,kalem-kalemlik,38.4,0
21,1,şarkı-şarki,44.9,0
21,2,ince-ince,36.8,0
21,2,çalışan-çalışkan,38.9,0
21,2,şarkı-şarki,32.6,0
21,2,çalışan-çalışkan,49.6,0
21,3,şarkı-şarki,39.9,0
21,3,çalışan-çalışkan,67.8,1
21,3,çalışan-çalışkan,56.8,0
21,3,çalışan-çalışkan,55.1,0
21,4,yaz-yaz,57.1,1
21,4,çalışan-çalışkan,57.3,0
21,4,gül-gül,57.8,0
21,4,ince-ince,37.7,0
21,5,çalışan-çalışkan,65.9,0
21,5,yaz-yaz,64.4,1
21,5,ince-ince,53.8,0
21,6,kalem-kalemlik,70.6,1
21,6,şarkı-şarki,45.5,0
21,6,yaz-yaz,55.6,1
21,6,kalem-kalemlik,54.4,0
22,1,yaz-yaz,56.8,1
22,1,yaz-yaz,48.4,0
22,1,ince-ince,53.5,0
22,1,ince-ince,74.8,1
22,1,çalışan-çalışkan,45.9,0
22,2,çalışan-çalışkan,54.7,1
22,2,yaz-yaz,52.7,1
22,2,kalem-kalemlik,75.7,1
22,2,çalışan-çalışkan,68.2,0
22,3,çalışan-çalışkan,74.3,1
22,3,kalem-kalemlik,83.4,1
22,3,şarkı-şarki,71.5,1
22,3,şarkı-şarki,77.7,1
22,3,kalem-kalemlik,61.8,0
22,4,şarkı-şarki,64.1,1
22,4,ince-ince,73.4,1
22,4,şarkı-şarki,80.1,1
22,4,şarkı-şarki,69.4,0
22,4,ince-ince,74.5,1
22,5,çalışan-çalışkan,74.8,1
22,5,gül-gül,58.3,0
22,5,gül-gül,87.5,1
22,5,ince-ince,82.8,1
22,5,şarkı-şarki,75.0,1
22,6,ince-ince,97.7,1
22,6,kalem-kalemlik,100.0,1
22,6,kalem-kalemlik,66.4,0
23,1,gül-gül,64.4,1
23,1,yaz-yaz,83.7,1
23,1,gül-gül,50.2,1
23,1,gül-gül,54.3,1
23,1,gül-gül,61.5,0
23,2,kalem-kalemlik,67.0,0
23,2,şarkı-şarki,67.1,1
23,2,ince-ince,51.9,1
23,2,yaz-yaz,78.2,1
23,2,çalışan-çalışkan,69.0,1
23,3,çalışan-çalışkan,71.2,1
23,3,kalem-kalemlik,79.2,1
23,3,şarkı-şarki,69.3,1
23,4,kalem-kalemlik,89.2,1
23,4,çalışan-çalışkan,96.2,1
23,4,yaz-yaz,79.5,1
23,5,yaz-yaz,87.3,1
23,5,gül-gül,89.4,1
23,5,kalem-kalemlik,91.0,1
23,5,şarkı-şarki,81.2,1
23,6,yaz-yaz,83.4,1
23,6,şarkı-şarki,100.0,1
23,6,ince-ince,94.2,1
24,1,yaz-yaz,51.8,0
24,1,şarkı-şarki,66.6,0
24,1,yaz-yaz,76.1,1
24,2,gül-gül,56.0,1
24,2,çalışan-çalışkan,65.5,0
24,2,çalışan-çalışkan,59.9,1
24,3,yaz-yaz,54.7,0
24,3,kalem-kalemlik,56.9,1
24,3,ince-ince,65.0,0
24,3,kalem-kalemlik,59.4,0
24,4,çalışan-çalışkan,79.7,1
24,4,şarkı-şarki,66.7,1
24,4,yaz-yaz,66.7,1
24,5,şarkı-şarki,80.4,1
24,5,şarkı-şarki,82.7,1
24,5,kalem-kalemlik,86.8,1
24,5,ince-ince,86.8,1
24,5,ince-ince,68.3,1
24,6,şarkı-şarki,91.7,1
24,6,kalem-kalemlik,77.9,1
24,6,yaz-yaz,87.2,1
25,1,ince-ince,41.0,0
25,1,çalışan-çalışkan,49.6,0
25,1,gül-gül,48.9,0
25,2,şarkı-şarki,53.9,1
25,2,ince-ince,48.4,0
25,2,kalem-kalemlik,55.0,1
25,2,şarkı-şarki,42.3,0
25,2,şarkı-şarki,61.7,0
25,3,ince-ince,47.1,0
25,3,kalem-kalemlik,56.6,1
25,3,şarkı-şarki,48.7,0
25,4,ince-ince,59.3,1
25,4,yaz-yaz,52.7,0
25,4,ince-ince,77.2,1
25,4,yaz-yaz,70.9,1
25,4,çalışan-çalışkan,57.2,0
25,5,kalem-kalemlik,53.4,1
25,5,yaz-yaz,67.4,1
25,5,çalışan-çalışkan,57.1,0
25,5,çalışan-çalışkan,65.5,1
25,6,çalışan-çalışkan,73.5,1
25,6,gül-gül,74.5,1
25,6,kalem-kalemlik,50.9,1
26,1,kalem-kalemlik,52.5,1
26,1,kalem-kalemlik,45.8,0
26,1,ince-ince,65.4,0
26,2,kalem-kalemlik,42.1,0
26,2,şarkı-şarki,52.0,0
26,2,yaz-yaz,56.2,1
26,3,yaz-yaz,42.7,0
26,3,gül-gül,35.7,0
26,3,yaz-yaz,46.3,0
26,4,ince-ince,69.5,1
26,4,çalışan-çalışkan,79.1,1
26,4,şarkı-şarki,74.6,1
26,4,gül-gül,56.9,0
26,5,ince-ince,56.1,0
26,5,ince-ince,61.2,0
26,5,gül-gül,87.0,1
26,5,ince-ince,79.6,1
26,5,kalem-kalemlik,55.7,1
26,6,gül-gül,77.9,1
26,6,ince-ince,76.7,1
26,6,çalışan-çalışkan,72.1,1
26,6,gül-gül,38.2,0
27,1,gül-gül,38.6,0
27,1,ince-ince,55.7,1
27,1,kalem-kalemlik,55.2,0
27,2,ince-ince,51.8,1
27,2,şarkı-şarki,63.5,1
27,2,yaz-yaz,67.5,1
27,2,kalem-kalemlik,55.8,0
27,3,gül-gül,64.8,0
27,3,kalem-kalemlik,75.6,1
27,3,yaz-yaz,75.3,1
27,3,çalışan-çalışkan,94.1,1
27,3,çalışan-çalışkan,74.4,1
27,4,ince-ince,87.8,1
27,4,ince-ince,82.5,1
27,4,şarkı-şarki,77.2,1
27,5,kalem-kalemlik,93.8,1
27,5,ince-ince,87.0,1
27,5,gül-gül,89.2,1
27,5,şarkı-şarki,91.7,1
27,6,yaz-yaz,91.3,1
27,6,çalışan-çalışkan,96.8,1
27,6,çalışan-çalışkan,87.6,1
27,6,kalem-kalemlik,87.0,1
27,6,kalem-kalemlik,100.0,1
28,1,yaz-yaz,52.5,0
28,1,çalışan-çalışkan,40.1,0
28,1,ince-ince,38.0,0
28,2,şarkı-şarki,41.4,0
28,2,çalışan-çalışkan,49.3,0
28,2,ince-ince,39.5,0
28,2,şarkı-şarki,46.7,0
28,3,ince-ince,54.7,1
28,3,şarkı-şarki,48.8,0
28,3,kalem-kalemlik,71.0,1
28,4,çalışan-çalışkan,39.2,0
28,4,gül-gül,48.2,0
28,4,ince-ince,64.6,0
28,4,şarkı-şarki,58.5,0
28,4,ince-ince,60.5,0
28,5,gül-gül,87.1,1
28,5,kalem-kalemlik,69.6,1
28,5,çalışan-çalışkan,55.4,1
28,5,şarkı-şarki,62.4,1
28,6,ince-ince,60.7,0
28,6,kalem-kalemlik,75.0,1
28,6,çalışan-çalışkan,68.8,1
28,6,gül-gül,69.5,0
29,1,ince-ince,38.2,0
29,1,ince-ince,35.6,0
29,1,şarkı-şarki,43.0,0
29,1,çalışan-çalışkan,43.6,0
29,1,şarkı-şarki,44.4,0
29,2,çalışan-çalışkan,26.8,0
29,2,çalışan-çalışkan,45.7,0
29,2,çalışan-çalışkan,40.0,0
29,2,çalışan-çalışkan,23.0,0
29,3,yaz-yaz,45.3,0
29,3,şarkı-şarki,56.4,0
29,3,kalem-kalemlik,49.2,0
29,3,ince-ince,47.7,0
29,3,gül-gül,54.1,0
29,4,gül-gül,73.1,1
29,4,gül-gül,56.6,0
29,4,gül-gül,79.7,1
29,4,çalışan-çalışkan,55.9,0
29,5,gül-gül,73.0,1
29,5,ince-ince,56.9,0
29,5,yaz-yaz,54.3,1
29,5,kalem-kalemlik,53.3,1
29,6,kalem-kalemlik,69.2,0
29,6,yaz-yaz,55.2,1
29,6,kalem-kalemlik,67.3,1
29,6,şarkı-şarki,58.5,0
29,6,şarkı-şarki,64.9,0
30,1,ince-ince,32.4,0
30,1,ince-ince,42.5,0
30,1,yaz-yaz,35.0,0
30,1,kalem-kalemlik,40.9,0
30,2,çalışan-çalışkan,51.8,1
30,2,kalem-kalemlik,54.0,1
30,2,şarkı-şarki,37.1,0
30,2,ince-ince,38.1,0
30,3,şarkı-şarki,51.1,1
30,3,yaz-yaz,40.9,0
30,3,ince-ince,43.8,0
30,3,şarkı-şarki,49.0,0
30,3,yaz-yaz,47.5,0
30,4,çalışan-çalışkan,53.3,0
30,4,çalışan-çalışkan,52.8,0
30,4,çalışan-çalışkan,50.4,1
30,5,çalışan-çalışkan,83.5,1
30,5,ince-ince,72.2,1
30,5,çalışan-çalışkan,66.5,1
30,6,kalem-kalemlik,27.0,0
30,6,şarkı-şarki,54.7,0
30,6,gül-gül,49.4,0
30,6,ince-ince,54.0,1
30,6,şarkı-şarki,57.4,1
31,1,ince-ince,34.0,0
31,1,gül-gül,41.7,0
31,1,ince-ince,47.5,0
31,1,yaz-yaz,35.1,0
31,1,şarkı-şarki,37.8,0
31,2,yaz-yaz,58.2,1
31,2,kalem-kalemlik,50.9,1
31,2,yaz-yaz,50.4,1
31,2,gül-gül,45.7,0
31,3,kalem-kalemlik,54.9,1
31,3,kalem-kalemlik,53.5,0
31,3,ince-ince,55.0,0
31,4,yaz-yaz,56.9,1
31,4,kalem-kalemlik,57.1,1
31,4,gül-gül,58.0,0
31,4,çalışan-çalışkan,52.1,1
31,4,kalem-kalemlik,79.2,1
31,5,yaz-yaz,60.1,1
31,5,çalışan-çalışkan,72.5,1
31,5,kalem-kalemlik,47.7,0
31,5,kalem-kalemlik,74.6,1
31,6,ince-ince,65.6,0
31,6,kalem-kalemlik,73.2,1
31,6,yaz-yaz,67.7,0
31,6,gül-gül,69.3,0
32,1,şarkı-şarki,50.4,0
32,1,gül-gül,54.6,0
32,1,şarkı-şarki,47.5,0
32,1,yaz-yaz,30.1,0
32,1,gül-gül,49.3,0
32,2,yaz-yaz,35.3,0
32,2,şarkı-şarki,55.3,0
32,2,gül-gül,50.0,0
32,2,kalem-kalemlik,58.1,0
32,2,kalem-kalemlik,52.5,1
32,3,gül-gül,67.7,0
32,3,şarkı-şarki,52.9,1
32,3,gül-gül,50.4,0
32,3,gül-gül,60.1,1
32,4,gül-gül,66.8,0
32,4,kalem-kalemlik,60.1,1
32,4,şarkı-şarki,76.8,1
32,5,yaz-yaz,80.5,1
32,5,kalem-kalemlik,58.0,0
32,5,çalışan-çalışkan,61.8,1
32,6,yaz-yaz,82.1,1
32,6,çalışan-çalışkan,82.5,1
32,6,gül-gül,73.3,1
32,6,çalışan-çalışkan,90.7,1
33,1,kalem-kalemlik,58.9,1
33,1,çalışan-çalışkan,63.6,1
33,1,şarkı-şarki,40.8,0
33,2,yaz-yaz,49.0,0
33,2,yaz-yaz,58.4,1
33,2,ince-ince,61.6,1
33,3,kalem-kalemlik,83.5,1
33,3,yaz-yaz,89.6,1
33,3,kalem-kalemlik,81.6,1
33,3,çalışan-çalışkan,81.1,1
33,4,çalışan-çalışkan,90.8,1
33,4,çalışan-çalışkan,81.2,1
33,4,şarkı-şarki,81.6,1
33,4,çalışan-çalışkan,98.9,1
33,4,gül-gül,52.7,0
33,5,ince-ince,83.2,1
33,5,yaz-yaz,97.3,1
33,5,ince-ince,99.1,1
33,5,kalem-kalemlik,86.6,1
33,5,gül-gül,94.0,1
33,6,gül-gül,88.2,1
33,6,ince-ince,87.7,1
33,6,yaz-yaz,100.0,1
33,6,kalem-kalemlik,92.4,1
33,6,gül-gül,87.3,1
34,1,yaz-yaz,72.7,1
34,1,gül-gül,59.8,1
34,1,kalem-kalemlik,47.5,0
34,2,ince-ince,71.2,1
34,2,ince-ince,70.2,1
34,2,gül-gül,68.4,0
34,3,ince-ince,69.3,1
34,3,kalem-kalemlik,74.8,1
34,3,çalışan-çalışkan,86.4,1
34,3,ince-ince,76.2,1
34,4,şarkı-şarki,58.4,0
34,4,yaz-yaz,86.3,1
34,4,kalem-kalemlik,81.1,1
34,4,şarkı-şarki,84.2,1
34,4,gül-gül,70.4,1
34,5,şarkı-şarki,99.8,1
34,5,ince-ince,85.7,1
34,5,yaz-yaz,89.6,1
34,5,ince-ince,100.0,1
34,5,şarkı-şarki,97.8,1
34,6,çalışan-çalışkan,100.0,1
34,6,çalışan-çalışkan,99.5,1
34,6,kalem-kalemlik,100.0,1
34,6,ince-ince,92.2,1
35,1,ince-ince,37.0,0
35,1,çalışan-çalışkan,23.6,0
35,1,kalem-kalemlik,44.1,0
35,2,yaz-yaz,45.2,0
35,2,yaz-yaz,74.9,1
35,2,yaz-yaz,54.2,0
35,2,yaz-yaz,57.9,1
35,3,çalışan-çalışkan,76.6,1
35,3,çalışan-çalışkan,53.7,1
35,3,kalem-kalemlik,53.3,1
35,3,şarkı-şarki,41.5,0
35,3,kalem-kalemlik,59.1,1
35,4,şarkı-şarki,55.2,1
35,4,ince-ince,71.8,1
35,4,şarkı-şarki,48.9,0
35,4,gül-gül,67.4,0
35,5,yaz-yaz,64.9,1
35,5,yaz-yaz,81.4,1
35,5,gül-gül,59.0,0
35,6,yaz-yaz,69.4,1
35,6,şarkı-şarki,86.9,1
35,6,şarkı-şarki,65.5,0
35,6,gül-gül,89.9,1
36,1,gül-gül,34.5,0
36,1,şarkı-şarki,32.7,0
36,1,şarkı-şarki,41.6,0
36,1,ince-ince,45.4,0
36,1,ince-ince,37.8,0
36,2,yaz-yaz,25.6,0
36,2,çalışan-çalışkan,52.8,1
36,2,çalışan-çalışkan,55.5,0
36,3,ince-ince,55.8,0
36,3,kalem-kalemlik,49.2,0
36,3,ince-ince,52.7,0
36,3,gül-gül,41.6,0
36,3,şarkı-şarki,60.2,0
36,4,çalışan-çalışkan,54.4,1
36,4,şarkı-şarki,26.1,0
36,4,ince-ince,67.4,0
36,4,şarkı-şarki,46.2,0
36,4,yaz-yaz,54.1,0
36,5,ince-ince,55.7,0
36,5,kalem-kalemlik,71.2,1
36,5,yaz-yaz,55.9,0
36,6,ince-ince,50.6,0
36,6,şarkı-şarki,73.3,1
36,6,gül-gül,63.7,1
36,6,gül-gül,55.3,1
37,1,çalışan-çalışkan,48.2,0
37,1,yaz-yaz,20.0,0
37,1,ince-ince,37.6,0
37,2,kalem-kalemlik,37.7,0
37,2,yaz-yaz,36.9,0
37,2,kalem-kalemlik,45.7,0
37,2,çalışan-çalışkan,33.0,0
37,3,çalışan-çalışkan,65.2,1
37,3,ince-ince,59.0,1
37,3,kalem-kalemlik,37.6,0
37,3,kalem-kalemlik,47.9,0
37,4,kalem-kalemlik,35.0,0
37,4,şarkı-şarki,45.6,0
37,4,ince-ince,28.5,0
37,4,gül-gül,49.9,0
37,4,ince-ince,54.4,1
37,5,şarkı-şarki,51.0,1
37,5,şarkı-şarki,56.7,1
37,5,kalem-kalemlik,40.3,0
37,5,gül-gül,49.9,0
37,5,ince-ince,57.5,0
37,6,şarkı-şarki,39.8,0
37,6,gül-gül,62.5,0
37,6,gül-gül,54.3,1
38,1,kalem-kalemlik,40.4,0
38,1,çalışan-çalışkan,55.0,0
38,1,şarkı-şarki,61.0,0
38,1,gül-gül,67.3,0
38,2,çalışan-çalışkan,62.4,0
38,2,gül-gül,64.5,1
38,2,ince-ince,56.3,0
38,3,gül-gül,64.5,0
38,3,şarkı-şarki,78.6,1
38,3,çalışan-çalışkan,67.3,0
38,3,şarkı-şarki,68.7,0
38,3,şarkı-şarki,54.5,1
38,4,gül-gül,78.3,1
38,4,yaz-yaz,85.5,1
38,4,yaz-yaz,75.0,1
38,5,gül-gül,81.8,1
38,5,şarkı-şarki,86.2,1
38,5,ince-ince,95.0,1
38,6,çalışan-çalışkan,100.0,1
38,6,çalışan-çalışkan,93.2,1
38,6,ince-ince,85.7,1
39,1,gül-gül,34.6,0
39,1,yaz-yaz,33.2,0
39,1,yaz-yaz,20.0,0
39,2,çalışan-çalışkan,53.1,0
39,2,gül-gül,29.6,0
39,2,yaz-yaz,68.5,1
39,3,yaz-yaz,48.4,0
39,3,ince-ince,46.9,0
39,3,ince-ince,47.7,0
39,3,kalem-kalemlik,42.0,0
39,4,ince-ince,40.5,0
39,4,ince-ince,64.6,0
39,4,kalem-kalemlik,67.0,1
39,4,ince-ince,56.6,0
39,4,ince-ince,36.5,0
39,5,şarkı-şarki,53.7,1
39,5,gül-gül,65.6,1
39,5,kalem-kalemlik,55.7,1
39,6,ince-ince,57.9,0
39,6,çalışan-çalışkan,56.0,0
39,6,kalem-kalemlik,67.7,1
39,6,gül-gül,66.7,1
39,6,kalem-kalemlik,66.9,0
40,1,ince-ince,65.9,0
40,1,kalem-kalemlik,60.8,0
40,1,ince-ince,60.3,0
40,2,çalışan-çalışkan,61.8,0
40,2,gül-gül,77.6,1
40,2,şarkı-şarki,83.0,1
40,2,ince-ince,69.5,0
40,3,çalışan-çalışkan,70.5,1
40,3,çalışan-çalışkan,72.2,1
40,3,çalışan-çalışkan,75.3,1
40,3,yaz-yaz,87.4,1
40,4,yaz-yaz,92.3,1
40,4,şarkı-şarki,91.1,1
40,4,kalem-kalemlik,85.8,1
40,5,gül-gül,98.0,1
40,5,gül-gül,97.6,1
40,5,şarkı-şarki,88.4,1
40,5,gül-gül,98.2,1
40,5,çalışan-çalışkan,94.6,1
40,6,çalışan-çalışkan,100.0,1
40,6,kalem-kalemlik,100.0,1
40,6,ince-ince,100.0,1
41,1,yaz-yaz,54.9,1
41,1,çalışan-çalışkan,47.7,0
41,1,gül-gül,55.5,0
41,1,kalem-kalemlik,37.4,0
41,2,yaz-yaz,68.5,1
41,2,çalışan-çalışkan,67.1,1
41,2,ince-ince,73.8,1
41,2,çalışan-çalışkan,62.1,1
41,3,ince-ince,69.7,1
41,3,çalışan-çalışkan,47.5,0
41,3,ince-ince,77.6,1
41,3,kalem-kalemlik,50.7,0
41,4,çalışan-çalışkan,72.8,1
41,4,çalışan-çalışkan,67.4,1
41,4,yaz-yaz,79.0,1
41,4,yaz-yaz,80.8,1
41,5,kalem-kalemlik,77.6,1
41,5,kalem-kalemlik,73.7,1
41,5,ince-ince,89.1,1
41,5,kalem-kalemlik,92.4,1
41,5,kalem-kalemlik,89.3,1
41,6,ince-ince,91.1,1
41,6,şarkı-şarki,87.3,1
41,6,gül-gül,89.8,1
42,1,gül-gül,48.4,0
42,1,yaz-yaz,75.3,1
42,1,kalem-kalemlik,80.1,1
42,2,şarkı-şarki,73.9,1
42,2,gül-gül,72.7,1
42,2,kalem-kalemlik,86.3,1
42,2,ince-ince,73.9,1
42,2,çalışan-çalışkan,68.8,0
42,3,kalem-kalemlik,86.0,1
42,3,ince-ince,77.2,1
42,3,şarkı-şarki,82.5,1
42,3,gül-gül,86.6,1
42,4,yaz-yaz,91.1,1
42,4,şarkı-şarki,77.1,1
42,4,şarkı-şarki,95.5,1
42,4,yaz-yaz,83.7,1
42,5,kalem-kalemlik,93.5,1
42,5,gül-gül,100.0,1
42,5,çalışan-çalışkan,73.3,1
42,6,gül-gül,95.2,1
42,6,çalışan-çalışkan,91.7,1
42,6,çalışan-çalışkan,100.0,1
42,6,yaz-yaz,100.0,1
42,6,yaz-yaz,99.6,1
43,1,kalem-kalemlik,49.3,0
43,1,gül-gül,57.2,0
43,1,gül-gül,51.1,0
43,1,kalem-kalemlik,47.7,0
43,2,çalışan-çalışkan,51.1,1
43,2,şarkı-şarki,60.7,1
43,2,gül-gül,74.7,1
43,3,çalışan-çalışkan,60.9,1
43,3,ince-ince,66.4,1
43,3,yaz-yaz,65.5,0
43,3,yaz-yaz,61.9,0
43,3,şarkı-şarki,54.7,0
43,4,kalem-kalemlik,57.6,0
43,4,yaz-yaz,77.0,1
43,4,yaz-yaz,88.3,1
43,4,gül-gül,44.0,0
43,5,şarkı-şarki,83.9,1
43,5,gül-gül,64.7,0
43,5,yaz-yaz,88.4,1
43,5,çalışan-çalışkan,73.8,1
43,5,gül-gül,72.0,1
43,6,kalem-kalemlik,84.7,1
43,6,ince-ince,89.8,1
43,6,kalem-kalemlik,84.6,1
43,6,şarkı-şarki,80.9,1
43,6,gül-gül,66.3,0
44,1,yaz-yaz,63.6,0
44,1,ince-ince,60.0,0
44,1,çalışan-çalışkan,52.3,0
44,1,yaz-yaz,56.5,0
44,2,kalem-kalemlik,76.4,1
44,2,yaz-yaz,60.7,0
44,2,ince-ince,70.6,1
44,2,çalışan-çalışkan,49.9,0
44,2,şarkı-şarki,60.9,1
44,3,gül-gül,55.6,0
44,3,gül-gül,65.8,1
44,3,şarkı-şarki,67.7,0
44,3,çalışan-çalışkan,56.0,0
44,3,kalem-kalemlik,54.8,1
44,4,ince-ince,58.3,0
44,4,yaz-yaz,71.7,1
44,4,gül-gül,46.7,0
44,4,çalışan-çalışkan,79.4,1
44,5,çalışan-çalışkan,69.4,0
44,5,şarkı-şarki,69.3,1
44,5,çalışan-çalışkan,62.0,1
44,5,kalem-kalemlik,66.5,0
44,5,kalem-kalemlik,89.8,1
44,6,gül-gül,60.4,1
44,6,çalışan-çalışkan,72.9,1
44,6,çalışan-çalışkan,85.7,1
44,6,kalem-kalemlik,91.7,1
44,6,şarkı-şarki,66.5,0
45,1,çalışan-çalışkan,50.4,0
45,1,gül-gül,46.1,0
45,1,kalem-kalemlik,43.8,0
45,1,yaz-yaz,53.2,1
45,1,gül-gül,49.5,0
45,2,şarkı-şarki,58.6,0
45,2,yaz-yaz,47.9,0
45,2,çalışan-çalışkan,52.0,1
45,2,yaz-yaz,60.3,0
45,2,kalem-kalemlik,80.5,1
45,3,yaz-yaz,76.7,1
45,3,çalışan-çalışkan,71.3,1
45,3,çalışan-çalışkan,63.4,1
45,3,kalem-kalemlik,51.5,0
45,4,yaz-yaz,47.9,0
45,4,çalışan-çalışkan,70.1,1
45,4,şarkı-şarki,60.4,0
45,5,gül-gül,60.6,0
45,5,yaz-yaz,77.0,1
45,5,çalışan-çalışkan,55.6,1
45,5,yaz-yaz,66.1,1
45,6,yaz-yaz,61.3,1
45,6,çalışan-çalışkan,66.7,1
45,6,yaz-yaz,91.0,1
46,1,gül-gül,71.8,1
46,1,çalışan-çalışkan,75.4,1
46,1,gül-gül,66.8,0
46,2,ince-ince,95.4,1
46,2,kalem-kalemlik,81.4,1
46,2,kalem-kalemlik,72.2,1
46,3,ince-ince,79.1,1
46,3,şarkı-şarki,73.0,1
46,3,yaz-yaz,79.0,1
46,4,ince-ince,81.5,1
46,4,çalışan-çalışkan,70.3,1
46,4,çalışan-çalışkan,85.8,1
46,5,çalışan-çalışkan,98.9,1
46,5,çalışan-çalışkan,87.1,1
46,5,ince-ince,84.5,1
46,5,kalem-kalemlik,87.7,1
46,6,yaz-yaz,100.0,1
46,6,çalışan-çalışkan,100.0,1
46,6,ince-ince,100.0,1
46,6,gül-gül,95.4,1
47,1,çalışan-çalışkan,74.7,1
47,1,gül-gül,56.3,1
47,1,yaz-yaz,82.5,1
47,1,ince-ince,59.5,0
47,1,ince-ince,59.1,1
47,2,şarkı-şarki,68.8,0
47,2,ince-ince,75.6,1
47,2,şarkı-şarki,65.2,0
47,2,yaz-yaz,69.0,0
47,2,kalem-kalemlik,67.0,1
47,3,gül-gül,83.6,1
47,3,gül-gül,71.2,1
47,3,ince-ince,74.4,1
47,3,kalem-kalemlik,76.0,1
47,4,kalem-kalemlik,91.0,1
47,4,ince-ince,81.6,1
47,4,ince-ince,77.8,1
47,4,yaz-yaz,83.4,1
47,5,yaz-yaz,90.0,1
47,5,gül-gül,99.5,1
47,5,şarkı-şarki,90.2,1
47,5,kalem-kalemlik,85.6,1
47,6,ince-ince,100.0,1
47,6,gül-gül,100.0,1
47,6,kalem-kalemlik,100.0,1
48,1,kalem-kalemlik,28.9,0
48,1,ince-ince,47.5,0
48,1,ince-ince,22.5,0
48,1,gül-gül,20.0,0
48,2,çalışan-çalışkan,32.3,0
48,2,yaz-yaz,56.4,0
48,2,ince-ince,41.5,0
48,3,şarkı-şarki,53.9,1
48,3,kalem-kalemlik,72.4,1
48,3,ince-ince,43.8,0
48,3,şarkı-şarki,32.4,0
48,4,ince-ince,53.9,0
48,4,yaz-yaz,54.8,0
48,4,gül-gül,51.3,0
48,5,gül-gül,70.8,1
48,5,gül-gül,47.2,0
48,5,şarkı-şarki,55.7,1
48,6,yaz-yaz,65.7,1
48,6,çalışan-çalışkan,62.6,0
48,6,kalem-kalemlik,72.7,1
48,6,çalışan-çalışkan,74.0,1
48,6,çalışan-çalışkan,65.5,0
49,1,yaz-yaz,74.3,1
49,1,kalem-kalemlik,56.8,1
49,1,çalışan-çalışkan,70.9,1
49,2,ince-ince,61.8,0
49,2,şarkı-şarki,69.4,0
49,2,yaz-yaz,61.5,0
49,3,kalem-kalemlik,89.8,1
49,3,çalışan-çalışkan,78.4,1
49,3,şarkı-şarki,85.4,1
49,3,kalem-kalemlik,62.3,1
49,3,şarkı-şarki,63.2,1
49,4,gül-gül,100.0,1
49,4,yaz-yaz,92.4,1
49,4,çalışan-çalışkan,79.4,1
49,4,çalışan-çalışkan,78.8,1
49,5,kalem-kalemlik,74.3,1
49,5,çalışan-çalışkan,86.2,1
49,5,gül-gül,96.7,1
49,5,yaz-yaz,82.8,1
49,6,kalem-kalemlik,100.0,1
49,6,yaz-yaz,100.0,1
49,6,şarkı-şarki,88.4,1
49,6,şarkı-şarki,96.5,1
50,1,şarkı-şarki,69.8,1
50,1,kalem-kalemlik,76.0,1
50,1,çalışan-çalışkan,55.9,0
50,1,kalem-kalemlik,53.5,0
50,2,yaz-yaz,69.7,1
50,2,yaz-yaz,69.7,0
50,2,gül-gül,84.9,1
50,3,kalem-kalemlik,79.0,1
50,3,kalem-kalemlik,66.7,1
50,3,yaz-yaz,92.7,1
50,3,şarkı-şarki,85.2,1
50,4,ince-ince,85.3,1
50,4,yaz-yaz,88.6,1
50,4,yaz-yaz,76.6,1
50,4,şarkı-şarki,76.6,1
50,5,şarkı-şarki,82.2,1
50,5,kalem-kalemlik,100.0,1
50,5,kalem-kalemlik,96.2,1
50,6,kalem-kalemlik,100.0,1
50,6,ince-ince,95.9,1
50,6,kalem-kalemlik,95.0,1
50,6,gül-gül,100.0,1
51,1,gül-gül,66.1,0
51,1,yaz-yaz,56.8,1
51,1,yaz-yaz,65.2,0
51,1,şarkı-şarki,61.0,1
51,1,şarkı-şarki,77.1,1
51,2,çalışan-çalışkan,73.9,1
51,2,kalem-kalemlik,58.9,1
51,2,ince-ince,64.9,1
51,2,şarkı-şarki,73.9,1
51,3,çalışan-çalışkan,70.8,1
51,3,çalışan-çalışkan,84.2,1
51,3,yaz-yaz,71.5,1
51,4,şarkı-şarki,77.3,1
51,4,şarkı-şarki,90.8,1
51,4,kalem-kalemlik,94.2,1
51,5,çalışan-çalışkan,65.8,0
51,5,kalem-kalemlik,86.1,1
51,5,kalem-kalemlik,100.0,1
51,5,şarkı-şarki,75.4,1
51,5,kalem-kalemlik,87.9,1
51,6,kalem-kalemlik,91.2,1
51,6,yaz-yaz,95.9,1
51,6,çalışan-çalışkan,98.1,1
52,1,çalışan-çalışkan,65.6,0
52,1,çalışan-çalışkan,56.6,1
52,1,kalem-kalemlik,68.7,1
52,1,çalışan-çalışkan,80.4,1
52,2,gül-gül,73.8,1
52,2,kalem-kalemlik,73.0,1
52,2,şarkı-şarki,66.1,1
52,2,şarkı-şarki,75.0,1
52,3,ince-ince,91.5,1
52,3,gül-gül,66.1,0
52,3,yaz-yaz,67.6,0
52,3,kalem-kalemlik,79.4,1
52,3,kalem-kalemlik,92.7,1
52,4,kalem-kalemlik,77.7,1
52,4,kalem-kalemlik,72.7,1
52,4,gül-gül,87.5,1
52,4,gül-gül,79.8,1
52,5,gül-gül,74.8,1
52,5,çalışan-çalışkan,99.8,1
52,5,çalışan-çalışkan,94.2,1
52,6,ince-ince,100.0,1
52,6,yaz-yaz,84.6,1
52,6,çalışan-çalışkan,90.8,1
52,6,kalem-kalemlik,92.9,1
53,1,çalışan-çalışkan,37.8,0
53,1,gül-gül,44.7,0
53,1,kalem-kalemlik,55.0,1
53,2,çalışan-çalışkan,41.1,0
53,2,yaz-yaz,55.7,1
53,2,şarkı-şarki,58.9,0
53,2,yaz-yaz,43.9,0
53,2,şarkı-şarki,51.8,1
53,3,kalem-kalemlik,55.5,0
53,3,gül-gül,39.2,0
53,3,şarkı-şarki,59.0,0
53,4,gül-gül,61.3,0
53,4,gül-gül,59.3,0
53,4,ince-ince,59.2,1
53,4,şarkı-şarki,57.3,1
53,4,ince-ince,68.8,1
53,5,gül-gül,55.4,1
53,5,çalışan-çalışkan,71.1,1
53,5,çalışan-çalışkan,57.6,0
53,5,ince-ince,65.1,0
53,6,kalem-kalemlik,61.2,0
53,6,çalışan-çalışkan,66.7,1
53,6,ince-ince,81.0,1
54,1,çalışan-çalışkan,58.3,0
54,1,çalışan-çalışkan,53.5,0
54,1,yaz-yaz,53.3,1
54,1,şarkı-şarki,49.1,0
54,2,ince-ince,55.1,1
54,2,şarkı-şarki,51.6,1
54,2,çalışan-çalışkan,66.6,1
54,3,çalışan-çalışkan,92.5,1
54,3,ince-ince,83.2,1
54,3,şarkı-şarki,71.6,1
54,3,yaz-yaz,65.7,0
54,4,çalışan-çalışkan,97.7,1
54,4,gül-gül,76.1,1
54,4,şarkı-şarki,69.9,0
54,4,çalışan-çalışkan,71.5,1
54,4,yaz-yaz,65.6,0
54,5,çalışan-çalışkan,82.4,1
54,5,şarkı-şarki,95.9,1
54,5,ince-ince,74.9,1
54,5,yaz-yaz,81.0,1
54,5,kalem-kalemlik,95.9,1
54,6,çalışan-çalışkan,93.9,1
54,6,şarkı-şarki,88.5,1
54,6,kalem-kalemlik,93.0,1
55,1,şarkı-şarki,50.5,1
55,1,çalışan-çalışkan,63.1,1
55,1,yaz-yaz,37.0,0
55,1,gül-gül,48.3,0
55,2,kalem-kalemlik,59.8,1
55,2,kalem-kalemlik,52.4,1
55,2,kalem-kalemlik,66.6,0
55,2,şarkı-şarki,55.2,1
55,2,ince-ince,38.5,0
55,3,kalem-kalemlik,70.3,1
55,3,yaz-yaz,38.2,0
55,3,ince-ince,60.8,0
55,4,kalem-kalemlik,69.9,0
55,4,gül-gül,71.7,1
55,4,gül-gül,57.3,1
55,4,şarkı-şarki,80.4,1
55,5,yaz-yaz,52.6,0
55,5,ince-ince,83.1,1
55,5,şarkı-şarki,73.2,1
55,5,şarkı-şarki,70.4,1
55,6,gül-gül,70.5,1
55,6,kalem-kalemlik,90.7,1
55,6,yaz-yaz,65.7,1
56,1,şarkı-şarki,56.6,1
56,1,ince-ince,67.1,1
56,1,kalem-kalemlik,66.7,0
56,1,kalem-kalemlik,64.5,1
56,2,ince-ince,67.9,0
56,2,yaz-yaz,61.8,1
56,2,çalışan-çalışkan,64.0,1
56,3,ince-ince,77.3,1
56,3,ince-ince,85.3,1
56,3,yaz-yaz,96.9,1
56,4,ince-ince,93.2,1
56,4,şarkı-şarki,78.3,1
56,4,yaz-yaz,95.7,1
56,4,ince-ince,83.9,1
56,5,ince-ince,90.9,1
56,5,çalışan-çalışkan,85.4,1
56,5,çalışan-çalışkan,100.0,1
56,6,kalem-kalemlik,100.0,1
56,6,kalem-kalemlik,90.7,1
56,6,yaz-yaz,100.0,1
56,6,çalışan-çalışkan,95.6,1
56,6,yaz-yaz,100.0,1
57,1,ince-ince,45.1,0
57,1,çalışan-çalışkan,56.2,1
57,1,kalem-kalemlik,71.1,1
57,1,kalem-kalemlik,55.9,0
57,1,ince-ince,60.7,1
57,2,gül-gül,60.1,1
57,2,ince-ince,53.8,1
57,2,gül-gül,56.7,0
57,2,yaz-yaz,74.0,1
57,2,şarkı-şarki,73.9,1
57,3,kalem-kalemlik,53.1,0
57,3,çalışan-çalışkan,77.4,1
57,3,şarkı-şarki,61.4,1
57,3,gül-gül,77.5,1
57,4,şarkı-şarki,97.4,1
57,4,ince-ince,77.6,1
57,4,gül-gül,72.8,1
57,5,yaz-yaz,100.0,1
57,5,şarkı-şarki,85.9,1
57,5,ince-ince,88.5,1
57,6,çalışan-çalışkan,99.7,1
57,6,yaz-yaz,97.8,1
57,6,çalışan-çalışkan,70.2,1
57,6,yaz-yaz,100.0,1
58,1,kalem-kalemlik,59.9,0
58,1,gül-gül,47.7,0
58,1,şarkı-şarki,42.5,0
58,1,çalışan-çalışkan,47.5,0
58,2,yaz-yaz,67.3,0
58,2,kalem-kalemlik,44.6,0
58,2,yaz-yaz,53.7,0
58,2,yaz-yaz,51.8,0
58,3,gül-gül,61.7,1
58,3,yaz-yaz,56.8,1
58,3,gül-gül,74.7,1
58,3,gül-gül,98.9,1
58,3,çalışan-çalışkan,71.2,1
58,4,gül-gül,88.3,1
58,4,ince-ince,65.7,0
58,4,kalem-kalemlik,74.9,1
58,4,ince-ince,78.2,1
58,5,ince-ince,88.3,1
58,5,şarkı-şarki,81.1,1
58,5,ince-ince,72.8,1
58,5,ince-ince,79.8,1
58,6,yaz-yaz,69.0,0
58,6,çalışan-çalışkan,67.2,1
58,6,çalışan-çalışkan,78.8,1
59,1,yaz-yaz,30.0,0
59,1,ince-ince,57.2,0
59,1,ince-ince,22.9,0
59,1,çalışan-çalışkan,43.0,0
59,1,ince-ince,36.7,0
59,2,ince-ince,46.8,0
59,2,şarkı-şarki,44.9,0
59,2,şarkı-şarki,34.3,0
59,2,kalem-kalemlik,51.2,1
59,3,şarkı-şarki,47.6,0
59,3,çalışan-çalışkan,37.5,0
59,3,gül-gül,25.7,0
59,3,şarkı-şarki,48.9,0
59,4,kalem-kalemlik,48.0,0
59,4,gül-gül,30.9,0
59,4,şarkı-şarki,49.8,0
59,4,ince-ince,44.0,0
59,5,gül-gül,38.3,0
59,5,gül-gül,37.6,0
59,5,kalem-kalemlik,41.2,0
59,6,ince-ince,65.3,0
59,6,şarkı-şarki,55.3,0
59,6,şarkı-şarki,56.4,1
59,6,çalışan-çalışkan,70.6,1
59,6,kalem-kalemlik,66.7,1
60,1,çalışan-çalışkan,67.5,1
60,1,ince-ince,61.1,1
60,1,yaz-yaz,53.0,0
60,1,gül-gül,52.5,1
60,1,şarkı-şarki,63.8,0
60,2,şarkı-şarki,75.3,1
60,2,ince-ince,75.0,1
60,2,ince-ince,78.3,1
60,3,kalem-kalemlik,70.8,1
60,3,kalem-kalemlik,89.3,1
60,3,kalem-kalemlik,78.1,1
60,3,ince-ince,73.3,1
60,4,çalışan-çalışkan,80.0,1
60,4,kalem-kalemlik,87.3,1
60,4,kalem-kalemlik,69.9,1
60,5,ince-ince,90.1,1
60,5,kalem-kalemlik,93.7,1
60,5,gül-gül,64.8,1
60,5,gül-gül,81.1,1
60,5,kalem-kalemlik,96.6,1
60,6,gül-gül,93.1,1
60,6,gül-gül,94.9,1
60,6,şarkı-şarki,80.7,1
60,6,şarkı-şarki,100.0,1
61,1,çalışan-çalışkan,33.0,0
61,1,şarkı-şarki,54.7,1
61,1,kalem-kalemlik,58.5,0
61,2,kalem-kalemlik,61.4,1
61,2,yaz-yaz,51.3,1
61,2,gül-gül,52.3,0
61,2,yaz-yaz,46.2,0
61,3,kalem-kalemlik,57.0,0
61,3,çalışan-çalışkan,76.0,1
61,3,şarkı-şarki,70.3,1
61,3,şarkı-şarki,59.3,0
61,4,çalışan-çalışkan,69.8,0
61,4,kalem-kalemlik,63.5,1
61,4,yaz-yaz,73.5,1
61,5,şarkı-şarki,63.1,0
61,5,çalışan-çalışkan,66.5,0
61,5,çalışan-çalışkan,55.8,1
61,5,yaz-yaz,71.8,1
61,5,çalışan-çalışkan,66.5,1
61,6,ince-ince,100.0,1
61,6,ince-ince,84.8,1
61,6,ince-ince,80.9,1
62,1,yaz-yaz,42.3,0
62,1,çalışan-çalışkan,56.2,0
62,1,çalışan-çalışkan,48.1,0
62,1,gül-gül,62.7,1
62,2,yaz-yaz,52.6,0
62,2,gül-gül,40.3,0
62,2,ince-ince,65.6,1
62,2,gül-gül,58.9,0
62,2,şarkı-şarki,68.1,1
62,3,yaz-yaz,67.8,0
62,3,gül-gül,60.2,1
62,3,kalem-kalemlik,70.7,1
62,3,yaz-yaz,39.3,0
62,3,çalışan-çalışkan,61.1,1
62,4,gül-gül,84.3,1
62,4,gül-gül,44.6,0
62,4,ince-ince,70.3,1
62,4,gül-gül,55.8,1
62,5,çalışan-çalışkan,64.8,1
62,5,kalem-kalemlik,63.7,0
62,5,kalem-kalemlik,82.3,1
62,5,yaz-yaz,75.9,1
62,5,kalem-kalemlik,56.5,0
62,6,ince-ince,70.1,1
62,6,çalışan-çalışkan,80.2,1
62,6,ince-ince,73.2,1
63,1,kalem-kalemlik,20.0,0
63,1,çalışan-çalışkan,23.2,0
63,1,yaz-yaz,42.5,0
63,1,gül-gül,57.4,0
63,2,yaz-yaz,57.1,1
63,2,kalem-kalemlik,33.6,0
63,2,şarkı-şarki,36.0,0
63,2,kalem-kalemlik,34.9,0
63,2,kalem-kalemlik,54.4,1
63,3,gül-gül,36.2,0
63,3,ince-ince,38.2,0
63,3,ince-ince,31.4,0
63,3,yaz-yaz,42.1,0
63,3,kalem-kalemlik,20.0,0
63,4,gül-gül,29.9,0
63,4,şarkı-şarki,46.3,0
63,4,kalem-kalemlik,44.9,0
63,5,gül-gül,24.7,0
63,5,çalışan-çalışkan,38.7,0
63,5,yaz-yaz,52.9,1
63,6,yaz-yaz,66.5,1
63,6,kalem-kalemlik,53.9,0
63,6,kalem-kalemlik,50.3,0
64,1,çalışan-çalışkan,27.1,0
64,1,şarkı-şarki,52.2,1
64,1,çalışan-çalışkan,32.1,0
64,1,ince-ince,35.4,0
64,2,şarkı-şarki,55.8,1
64,2,kalem-kalemlik,25.6,0
64,2,yaz-yaz,44.2,0
64,2,çalışan-çalışkan,42.4,0
64,3,yaz-yaz,41.2,0
64,3,yaz-yaz,37.9,0
64,3,yaz-yaz,65.6,0
64,3,ince-ince,49.0,0
64,4,gül-gül,45.0,0
64,4,ince-ince,53.5,1
64,4,yaz-yaz,53.8,0
64,5,yaz-yaz,57.1,1
64,5,ince-ince,64.3,0
64,5,kalem-kalemlik,71.2,1
64,5,çalışan-çalışkan,54.0,1
64,6,kalem-kalemlik,44.8,0
64,6,yaz-yaz,73.1,1
64,6,şarkı-şarki,59.3,1
64,6,gül-gül,73.7,1
64,6,yaz-yaz,62.4,0
65,1,şarkı-şarki,45.6,0
65,1,kalem-kalemlik,33.2,0
65,1,gül-gül,40.6,0
65,2,gül-gül,50.4,0
65,2,gül-gül,29.3,0
65,2,çalışan-çalışkan,58.9,1
65,2,kalem-kalemlik,48.5,0
65,3,gül-gül,42.8,0
65,3,kalem-kalemlik,25.6,0
65,3,yaz-yaz,45.5,0
65,3,kalem-kalemlik,35.5,0
65,4,yaz-yaz,58.7,1
65,4,ince-ince,50.0,1
65,4,ince-ince,58.6,1
65,5,yaz-yaz,47.6,0
65,5,çalışan-çalışkan,58.5,1
65,5,şarkı-şarki,45.2,0
65,5,gül-gül,40.4,0
65,5,çalışan-çalışkan,40.8,0
65,6,şarkı-şarki,49.2,0
65,6,şarkı-şarki,40.5,0
65,6,kalem-kalemlik,41.0,0
65,6,şarkı-şarki,49.1,0
66,1,gül-gül,65.3,1
66,1,kalem-kalemlik,60.4,1
66,1,kalem-kalemlik,53.6,0
66,1,çalışan-çalışkan,46.8,0
66,1,ince-ince,51.8,0
66,2,ince-ince,76.0,1
66,2,gül-gül,61.9,1
66,2,yaz-yaz,66.7,1
66,3,ince-ince,87.8,1
66,3,ince-ince,53.6,0
66,3,çalışan-çalışkan,52.3,1
66,3,şarkı-şarki,73.3,1
66,4,kalem-kalemlik,80.1,1
66,4,yaz-yaz,95.8,1
66,4,şarkı-şarki,75.7,1
66,4,çalışan-çalışkan,92.5,1
66,5,gül-gül,85.9,1
66,5,şarkı-şarki,76.3,1
66,5,çalışan-çalışkan,86.0,1
66,5,çalışan-çalışkan,87.7,1
66,5,gül-gül,81.8,1
66,6,kalem-kalemlik,90.7,1
66,6,gül-gül,94.8,1
66,6,çalışan-çalışkan,95.8,1
66,6,yaz-yaz,99.3,1
67,1,gül-gül,72.2,1
67,1,gül-gül,48.3,0
67,1,yaz-yaz,54.3,0
67,1,gül-gül,71.7,1
67,1,kalem-kalemlik,52.1,1
67,2,şarkı-şarki,76.1,1
67,2,çalışan-çalışkan,65.1,0
67,2,ince-ince,68.6,0
67,2,ince-ince,70.9,1
67,2,yaz-yaz,63.2,0
67,3,şarkı-şarki,68.7,0
67,3,çalışan-çalışkan,68.5,0
67,3,ince-ince,64.0,0
67,4,çalışan-çalışkan,91.2,1
67,4,kalem-kalemlik,85.8,1
67,4,yaz-yaz,71.2,1
67,4,yaz-yaz,74.4,1
67,4,şarkı-şarki,72.7,1
67,5,çalışan-çalışkan,89.8,1
67,5,kalem-kalemlik,88.4,1
67,5,kalem-kalemlik,84.9,1
67,5,şarkı-şarki,77.7,1
67,5,yaz-yaz,82.5,1
67,6,şarkı-şarki,94.2,1
67,6,şarkı-şarki,84.8,1
67,6,çalışan-çalışkan,92.2,1
67,6,çalışan-çalışkan,75.2,1
67,6,yaz-yaz,97.0,1
68,1,kalem-kalemlik,65.1,1
68,1,kalem-kalemlik,76.2,1
68,1,çalışan-çalışkan,57.5,0
68,2,kalem-kalemlik,83.7,1
68,2,çalışan-çalışkan,53.6,1
68,2,şarkı-şarki,76.1,1
68,2,ince-ince,76.2,1
68,2,kalem-kalemlik,66.0,1
68,3,ince-ince,93.6,1
68,3,kalem-kalemlik,72.4,1
68,3,kalem-kalemlik,81.5,1
68,3,çalışan-çalışkan,73.9,1
68,3,yaz-yaz,50.9,0
68,4,ince-ince,87.6,1
68,4,çalışan-çalışkan,71.7,1
68,4,gül-gül,84.9,1
68,5,ince-ince,100.0,1
68,5,çalışan-çalışkan,89.7,1
68,5,çalışan-çalışkan,90.9,1
68,5,çalışan-çalışkan,89.8,1
68,6,kalem-kalemlik,86.0,1
68,6,ince-ince,99.9,1
68,6,yaz-yaz,93.5,1
68,6,kalem-kalemlik,100.0,1
68,6,ince-ince,95.8,1
69,1,çalışan-çalışkan,43.8,0
69,1,gül-gül,48.9,0
69,1,yaz-yaz,45.2,0
69,1,şarkı-şarki,62.2,1
69,1,gül-gül,51.5,0
69,2,ince-ince,62.4,1
69,2,gül-gül,62.3,0
69,2,yaz-yaz,65.6,1
69,2,yaz-yaz,41.6,0
69,3,şarkı-şarki,65.9,1
69,3,çalışan-çalışkan,66.1,0
69,3,ince-ince,70.2,1
69,3,gül-gül,70.8,1
69,4,kalem-kalemlik,48.7,0
69,4,gül-gül,96.8,1
69,4,şarkı-şarki,74.6,1
69,4,ince-ince,55.8,1
69,4,yaz-yaz,70.8,1
69,5,şarkı-şarki,56.0,1
69,5,gül-gül,68.0,0
69,5,yaz-yaz,64.5,1
69,5,çalışan-çalışkan,79.0,1
69,5,kalem-kalemlik,69.0,1
69,6,çalışan-çalışkan,99.5,1
69,6,ince-ince,94.5,1
69,6,çalışan-çalışkan,86.3,1
70,1,çalışan-çalışkan,43.9,0
70,1,ince-ince,44.1,0
70,1,gül-gül,49.7,0
70,1,gül-gül,47.1,0
70,1,gül-gül,53.7,0
70,2,kalem-kalemlik,61.1,0
70,2,gül-gül,49.4,0
70,2,çalışan-çalışkan,51.4,1
70,2,gül-gül,62.2,1
70,2,çalışan-çalışkan,60.9,1
70,3,yaz-yaz,57.5,0
70,3,kalem-kalemlik,69.8,1
70,3,çalışan-çalışkan,63.4,1
70,4,çalışan-çalışkan,69.6,1
70,4,şarkı-şarki,55.8,1
70,4,ince-ince,76.9,1
70,4,ince-ince,57.8,1
70,5,gül-gül,71.4,1
70,5,çalışan-çalışkan,65.1,1
70,5,şarkı-şarki,65.1,0
70,6,ince-ince,79.2,1
70,6,ince-ince,72.1,1
70,6,çalışan-çalışkan,81.1,1
71,1,ince-ince,57.8,1
71,1,gül-gül,71.1,1
71,1,çalışan-çalışkan,60.5,1
71,1,çalışan-çalışkan,37.0,0
71,2,şarkı-şarki,77.1,1
71,2,gül-gül,68.7,1
71,2,çalışan-çalışkan,63.1,1
71,3,çalışan-çalışkan,87.0,1
71,3,yaz-yaz,68.1,1
71,3,yaz-yaz,60.8,1
71,3,çalışan-çalışkan,58.4,1
71,3,kalem-kalemlik,83.9,1
71,4,ince-ince,74.1,1
71,4,ince-ince,73.2,1
71,4,gül-gül,77.8,1
71,4,yaz-yaz,67.5,0
71,4,gül-gül,63.3,0
71,5,yaz-yaz,66.9,1
71,5,şarkı-şarki,99.4,1
71,5,ince-ince,73.1,1
71,5,gül-gül,70.1,1
71,5,gül-gül,89.4,1
71,6,ince-ince,77.7,1
71,6,gül-gül,85.9,1
71,6,çalışan-çalışkan,94.0,1
72,1,çalışan-çalışkan,53.7,0
72,1,çalışan-çalışkan,53.9,1
72,1,ince-ince,50.5,0
72,1,çalışan-çalışkan,64.5,0
72,2,kalem-kalemlik,70.3,1
72,2,yaz-yaz,79.6,1
72,2,gül-gül,89.5,1
72,2,çalışan-çalışkan,57.6,0
72,2,şarkı-şarki,74.7,1
72,3,çalışan-çalışkan,55.1,0
72,3,çalışan-çalışkan,79.3,1
72,3,kalem-kalemlik,68.2,1
72,3,çalışan-çalışkan,85.5,1
72,3,kalem-kalemlik,65.1,0
72,4,çalışan-çalışkan,79.3,1
72,4,şarkı-şarki,85.5,1
72,4,ince-ince,97.2,1
72,4,ince-ince,100.0,1
72,4,kalem-kalemlik,70.9,1
72,5,ince-ince,100.0,1
72,5,ince-ince,96.0,1
72,5,kalem-kalemlik,97.2,1
72,5,çalışan-çalışkan,87.8,1
72,6,ince-ince,86.3,1
72,6,şarkı-şarki,88.9,1
72,6,ince-ince,97.7,1
72,6,çalışan-çalışkan,95.9,1
72,6,yaz-yaz,84.0,1
73,1,ince-ince,61.7,1
73,1,çalışan-çalışkan,61.0,1
73,1,kalem-kalemlik,61.8,1
73,1,şarkı-şarki,44.6,0
73,1,gül-gül,57.0,1
73,2,çalışan-çalışkan,58.1,1
73,2,yaz-yaz,55.1,0
73,2,yaz-yaz,51.8,1
73,3,yaz-yaz,57.3,0
73,3,çalışan-çalışkan,56.3,0
73,3,kalem-kalemlik,75.0,1
73,3,kalem-kalemlik,83.3,1
73,4,yaz-yaz,76.2,1
73,4,ince-ince,66.9,0
73,4,ince-ince,79.8,1
73,4,çalışan-çalışkan,83.0,1
73,5,ince-ince,81.6,1
73,5,ince-ince,63.7,1
73,5,kalem-kalemlik,64.1,1
73,5,çalışan-çalışkan,78.0,1
73,5,kalem-kalemlik,89.3,1
73,6,çalışan-çalışkan,82.0,1
73,6,çalışan-çalışkan,91.4,1
73,6,yaz-yaz,82.1,1
73,6,çalışan-çalışkan,100.0,1
74,1,çalışan-çalışkan,56.4,0
74,1,kalem-kalemlik,52.0,1
74,1,kalem-kalemlik,45.2,0
74,2,şarkı-şarki,63.8,0
74,2,çalışan-çalışkan,45.1,0
74,2,ince-ince,57.8,1
74,2,gül-gül,61.9,1
74,3,yaz-yaz,78.6,1
74,3,çalışan-çalışkan,64.9,0
74,3,kalem-kalemlik,51.6,1
74,3,şarkı-şarki,52.1,1
74,4,çalışan-çalışkan,87.9,1
74,4,çalışan-çalışkan,59.8,1
74,4,kalem-kalemlik,79.2,1
74,5,yaz-yaz,62.9,0
74,5,ince-ince,93.0,1
74,5,çalışan-çalışkan,80.8,1
74,5,gül-gül,95.2,1
74,6,kalem-kalemlik,100.0,1
74,6,çalışan-çalışkan,97.7,1
74,6,şarkı-şarki,93.0,1
74,6,çalışan-çalışkan,100.0,1
75,1,şarkı-şarki,37.5,0
75,1,yaz-yaz,28.5,0
75,1,yaz-yaz,31.4,0
75,1,ince-ince,47.3,0
75,2,ince-ince,33.3,0
75,2,ince-ince,41.6,0
75,2,kalem-kalemlik,38.9,0
75,2,şarkı-şarki,45.3,0
75,3,şarkı-şarki,39.7,0
75,3,çalışan-çalışkan,38.0,0
75,3,yaz-yaz,55.3,0
75,3,çalışan-çalışkan,57.3,0
75,4,çalışan-çalışkan,58.1,0
75,4,gül-gül,62.2,0
75,4,şarkı-şarki,55.7,1
75,4,çalışan-çalışkan,56.8,1
75,5,yaz-yaz,48.1,0
75,5,şarkı-şarki,70.7,1
75,5,ince-ince,71.8,1
75,5,çalışan-çalışkan,57.8,0
75,5,çalışan-çalışkan,80.2,1
75,6,ince-ince,59.0,1
75,6,kalem-kalemlik,71.7,1
75,6,kalem-kalemlik,55.7,0
76,1,ince-ince,41.1,0
76,1,kalem-kalemlik,62.1,1
76,1,şarkı-şarki,56.9,1
76,1,şarkı-şarki,46.8,0
76,1,gül-gül,53.5,1
76,2,ince-ince,46.8,0
76,2,çalışan-çalışkan,57.7,0
76,2,şarkı-şarki,59.7,0
76,2,gül-gül,35.9,0
76,3,kalem-kalemlik,52.3,1
76,3,kalem-kalemlik,83.7,1
76,3,ince-ince,56.8,1
76,3,yaz-yaz,54.3,1
76,4,gül-gül,58.8,0
76,4,kalem-kalemlik,67.4,1
76,4,şarkı-şarki,62.3,1
76,4,kalem-kalemlik,61.7,1
76,5,kalem-kalemlik,87.6,1
76,5,kalem-kalemlik,81.0,1
76,5,kalem-kalemlik,78.5,1
76,6,ince-ince,86.6,1
76,6,yaz-yaz,70.8,1
76,6,gül-gül,93.2,1
77,1,çalışan-çalışkan,25.6,0
77,1,yaz-yaz,52.0,0
77,1,kalem-kalemlik,42.5,0
77,1,yaz-yaz,37.9,0
77,1,ince-ince,34.0,0
77,2,yaz-yaz,54.1,0
77,2,şarkı-şarki,46.3,0
77,2,kalem-kalemlik,63.5,1
77,2,kalem-kalemlik,68.0,0
77,3,ince-ince,55.4,1
77,3,ince-ince,41.4,0
77,3,kalem-kalemlik,48.0,0
77,3,ince-ince,51.2,0
77,4,ince-ince,65.2,1
77,4,ince-ince,60.3,0
77,4,gül-gül,59.7,1
77,5,yaz-yaz,46.7,0
77,5,çalışan-çalışkan,50.7,0
77,5,yaz-yaz,67.6,1
77,5,kalem-kalemlik,61.7,0
77,6,şarkı-şarki,80.1,1
77,6,ince-ince,72.3,1
77,6,yaz-yaz,72.3,1
77,6,gül-gül,84.7,1
77,6,ince-ince,75.4,1
78,1,gül-gül,54.0,0
78,1,gül-gül,28.7,0
78,1,gül-gül,47.5,0
78,1,şarkı-şarki,50.7,1
78,2,şarkı-şarki,31.2,0
78,2,şarkı-şarki,39.1,0
78,2,şarkı-şarki,48.9,0
78,2,şarkı-şarki,53.4,1
78,3,çalışan-çalışkan,57.0,1
78,3,gül-gül,36.2,0
78,3,çalışan-çalışkan,35.0,0
78,4,çalışan-çalışkan,54.2,1
78,4,yaz-yaz,37.1,0
78,4,ince-ince,51.6,1
78,4,yaz-yaz,65.6,1
78,4,kalem-kalemlik,52.2,1
78,5,kalem-kalemlik,55.8,0
78,5,şarkı-şarki,34.6,0
78,5,gül-gül,59.2,1
78,5,gül-gül,58.7,1
78,6,şarkı-şarki,78.3,1
78,6,ince-ince,52.5,0
78,6,yaz-yaz,63.1,0
79,1,yaz-yaz,51.0,1
79,1,kalem-kalemlik,35.7,0
79,1,gül-gül,24.1,0
79,1,yaz-yaz,54.6,0
79,2,şarkı-şarki,52.1,0
79,2,yaz-yaz,46.1,0
79,2,kalem-kalemlik,49.3,0
79,2,kalem-kalemlik,47.8,0
79,2,yaz-yaz,45.8,0
79,3,çalışan-çalışkan,68.8,1
79,3,çalışan-çalışkan,50.4,1
79,3,gül-gül,69.5,1
79,4,gül-gül,65.6,1
79,4,yaz-yaz,36.6,0
79,4,gül-gül,51.8,0
79,5,şarkı-şarki,71.2,1
79,5,yaz-yaz,57.5,1
79,5,çalışan-çalışkan,59.5,0
79,6,ince-ince,71.6,1
79,6,gül-gül,54.4,1
79,6,ince-ince,70.4,1
80,1,şarkı-şarki,34.5,0
80,1,kalem-kalemlik,52.1,1
80,1,çalışan-çalışkan,39.7,0
80,1,yaz-yaz,38.4,0
80,2,kalem-kalemlik,59.4,0
80,2,gül-gül,45.1,0
80,2,yaz-yaz,53.9,1
80,2,gül-gül,56.3,0
80,2,çalışan-çalışkan,43.7,0
80,3,gül-gül,67.2,0
80,3,çalışan-çalışkan,55.8,0
80,3,kalem-kalemlik,64.1,1
80,3,kalem-kalemlik,63.3,1
80,3,yaz-yaz,57.8,1
80,4,şarkı-şarki,50.9,0
80,4,çalışan-çalışkan,70.1,1
80,4,kalem-kalemlik,53.8,1
80,4,çalışan-çalışkan,84.6,1
80,5,ince-ince,81.6,1
80,5,şarkı-şarki,70.4,1
80,5,kalem-kalemlik,69.5,0
80,5,şarkı-şarki,77.8,1
80,5,şarkı-şarki,74.6,1
80,6,kalem-kalemlik,74.8,1
80,6,şarkı-şarki,76.1,1
80,6,yaz-yaz,81.4,1
80,6,gül-gül,89.9,1
80,6,yaz-yaz,91.1,1
81,1,şarkı-şarki,57.0,0
81,1,kalem-kalemlik,51.1,1
81,1,çalışan-çalışkan,67.1,1
81,1,ince-ince,63.6,1
81,1,kalem-kalemlik,60.0,0
81,2,çalışan-çalışkan,75.0,1
81,2,gül-gül,71.1,1
81,2,kalem-kalemlik,69.4,0
81,2,ince-ince,88.1,1
81,2,gül-gül,50.4,0
81,3,yaz-yaz,80.2,1
81,3,ince-ince,85.7,1
81,3,çalışan-çalışkan,81.6,1
81,4,kalem-kalemlik,100.0,1
81,4,şarkı-şarki,91.6,1
81,4,gül-gül,79.6,1
81,4,şarkı-şarki,94.9,1
81,5,şarkı-şarki,82.1,1
81,5,şarkı-şarki,100.0,1
81,5,kalem-kalemlik,79.8,1
81,5,ince-ince,96.5,1
81,5,yaz-yaz,87.1,1
81,6,çalışan-çalışkan,100.0,1
81,6,gül-gül,100.0,1
81,6,gül-gül,100.0,1
81,6,gül-gül,100.0,1
81,6,gül-gül,98.5,1
82,1,çalışan-çalışkan,52.1,1
82,1,ince-ince,72.3,1
82,1,çalışan-çalışkan,38.2,0
82,2,yaz-yaz,51.2,0
82,2,çalışan-çalışkan,56.7,0
82,2,kalem-kalemlik,58.2,0
82,2,gül-gül,56.4,0
82,3,ince-ince,53.2,0
82,3,ince-ince,58.1,1
82,3,şarkı-şarki,41.7,0
82,4,çalışan-çalışkan,66.7,1
82,4,gül-gül,65.2,1
82,4,kalem-kalemlik,64.5,0
82,4,gül-gül,71.6,1
82,5,yaz-yaz,72.6,1
82,5,yaz-yaz,70.9,1
82,5,şarkı-şarki,77.5,1
82,5,ince-ince,88.8,1
82,5,şarkı-şarki,53.9,0
82,6,şarkı-şarki,89.5,1
82,6,kalem-kalemlik,89.7,1
82,6,yaz-yaz,80.6,1
82,6,kalem-kalemlik,78.2,1
83,1,kalem-kalemlik,49.2,0
83,1,kalem-kalemlik,45.0,0
83,1,çalışan-çalışkan,33.1,0
83,1,şarkı-şarki,50.3,0
83,1,ince-ince,44.2,0
83,2,yaz-yaz,40.6,0
83,2,gül-gül,33.8,0
83,2,gül-gül,43.7,0
83,2,kalem-kalemlik,41.3,0
83,3,çalışan-çalışkan,58.2,0
83,3,ince-ince,36.8,0
83,3,ince-ince,22.8,0
83,3,çalışan-çalışkan,41.1,0
83,3,yaz-yaz,51.7,0
83,4,ince-ince,64.0,0
83,4,şarkı-şarki,56.3,0
83,4,gül-gül,34.9,0
83,4,ince-ince,48.6,0
83,4,yaz-yaz,65.7,1
83,5,ince-ince,41.8,0
83,5,çalışan-çalışkan,43.7,0
83,5,çalışan-çalışkan,56.5,0
83,5,şarkı-şarki,35.7,0
83,6,gül-gül,54.0,0
83,6,çalışan-çalışkan,71.4,1
83,6,yaz-yaz,52.1,0
83,6,çalışan-çalışkan,47.5,0
84,1,şarkı-şarki,42.7,0
84,1,yaz-yaz,50.3,0
84,1,ince-ince,36.1,0
84,2,kalem-kalemlik,34.7,0
84,2,gül-gül,65.2,1
84,2,yaz-yaz,40.2,0
84,3,gül-gül,44.1,0
84,3,kalem-kalemlik,57.7,1
84,3,gül-gül,29.8,0
84,3,şarkı-şarki,37.9,0
84,4,gül-gül,30.8,0
84,4,şarkı-şarki,47.7,0
84,4,kalem-kalemlik,46.6,0
84,4,şarkı-şarki,38.3,0
84,5,şarkı-şarki,46.5,0
84,5,şarkı-şarki,59.2,0
84,5,gül-gül,51.5,1
84,5,yaz-yaz,46.6,0
84,6,ince-ince,61.6,1
84,6,kalem-kalemlik,49.3,0
84,6,ince-ince,67.7,0
85,1,şarkı-şarki,69.1,0
85,1,çalışan-çalışkan,46.0,0
85,1,ince-ince,45.1,0
85,1,şarkı-şarki,63.2,1
85,2,yaz-yaz,62.1,0
85,2,yaz-yaz,74.8,1
85,2,şarkı-şarki,49.7,0
85,2,yaz-yaz,51.5,0
85,3,kalem-kalemlik,61.4,1
85,3,şarkı-şarki,71.7,1
85,3,yaz-yaz,57.2,0
85,4,gül-gül,89.2,1
85,4,kalem-kalemlik,78.9,1
85,4,gül-gül,62.9,0
85,4,kalem-kalemlik,80.8,1
85,4,gül-gül,87.5,1
85,5,gül-gül,83.1,1
85,5,çalışan-çalışkan,81.8,1
85,5,ince-ince,77.8,1
85,5,kalem-kalemlik,95.0,1
85,6,gül-gül,100.0,1
85,6,kalem-kalemlik,100.0,1
85,6,kalem-kalemlik,91.5,1
85,6,yaz-yaz,100.0,1
85,6,kalem-kalemlik,91.3,1
86,1,ince-ince,58.6,0
86,1,kalem-kalemlik,47.4,0
86,1,ince-ince,65.2,1
86,1,yaz-yaz,36.7,0
86,1,yaz-yaz,37.2,0
86,2,çalışan-çalışkan,57.0,0
86,2,kalem-kalemlik,63.2,0
86,2,ince-ince,53.8,1
86,2,çalışan-çalışkan,54.1,0
86,3,ince-ince,64.0,0
86,3,şarkı-şarki,50.7,1
86,3,şarkı-şarki,86.0,1
86,3,ince-ince,51.3,1
86,4,kalem-kalemlik,61.3,1
86,4,gül-gül,64.8,0
86,4,şarkı-şarki,63.2,0
86,4,şarkı-şarki,69.6,1
86,5,şarkı-şarki,60.9,0
86,5,yaz-yaz,85.9,1
86,5,şarkı-şarki,92.2,1
86,5,gül-gül,73.5,1
86,6,şarkı-şarki,81.3,1
86,6,çalışan-çalışkan,90.9,1
86,6,yaz-yaz,77.6,1
87,1,yaz-yaz,33.9,0
87,1,şarkı-şarki,52.7,1
87,1,gül-gül,36.5,0
87,2,şarkı-şarki,57.2,0
87,2,çalışan-çalışkan,39.2,0
87,2,çalışan-çalışkan,46.0,0
87,2,şarkı-şarki,49.1,0
87,2,gül-gül,29.2,0
87,3,yaz-yaz,62.3,0
87,3,çalışan-çalışkan,36.8,0
87,3,çalışan-çalışkan,48.2,0
87,3,gül-gül,37.1,0
87,4,gül-gül,20.0,0
87,4,yaz-yaz,42.8,0
87,4,şarkı-şarki,43.3,0
87,4,şarkı-şarki,44.9,0
87,4,şarkı-şarki,72.4,1
87,5,kalem-kalemlik,52.6,1
87,5,çalışan-çalışkan,58.3,0
87,5,kalem-kalemlik,64.3,1
87,6,yaz-yaz,39.7,0
87,6,ince-ince,54.9,0
87,6,yaz-yaz,62.4,1
88,1,gül-gül,55.2,0
88,1,ince-ince,53.6,0
88,1,şarkı-şarki,79.0,1
88,1,yaz-yaz,52.1,0
88,2,gül-gül,51.3,1
88,2,çalışan-çalışkan,52.4,1
88,2,çalışan-çalışkan,62.0,0
88,2,gül-gül,56.6,0
88,2,yaz-yaz,37.7,0
88,3,çalışan-çalışkan,61.8,1
88,3,yaz-yaz,77.3,1
88,3,şarkı-şarki,67.2,1
88,4,ince-ince,60.9,0
88,4,çalışan-çalışkan,72.4,1
88,4,gül-gül,65.8,1
88,4,yaz-yaz,47.9,0
88,4,çalışan-çalışkan,75.2,1
88,5,ince-ince,76.2,1
88,5,çalışan-çalışkan,75.7,1
88,5,çalışan-çalışkan,76.9,1
88,5,gül-gül,81.1,1
88,5,kalem-kalemlik,73.2,1
88,6,yaz-yaz,82.6,1
88,6,kalem-kalemlik,98.3,1
88,6,ince-ince,79.8,1
88,6,çalışan-çalışkan,84.7,1
89,1,ince-ince,57.6,1
89,1,gül-gül,62.2,1
89,1,yaz-yaz,62.0,1
89,1,ince-ince,71.1,1
89,1,gül-gül,73.0,1
89,2,ince-ince,54.7,1
89,2,ince-ince,53.5,1
89,2,kalem-kalemlik,78.8,1
89,2,ince-ince,65.0,0
89,2,şarkı-şarki,60.3,0
89,3,çalışan-çalışkan,97.3,1
89,3,ince-ince,71.9,1
89,3,çalışan-çalışkan,84.8,1
89,3,yaz-yaz,85.6,1
89,4,şarkı-şarki,87.4,1
89,4,çalışan-çalışkan,93.2,1
89,4,gül-gül,71.5,1
89,4,şarkı-şarki,100.0,1
89,5,gül-gül,100.0,1
89,5,kalem-kalemlik,85.7,1
89,5,ince-ince,99.8,1
89,5,kalem-kalemlik,100.0,1
89,6,gül-gül,99.2,1
89,6,şarkı-şarki,100.0,1
89,6,gül-gül,100.0,1
90,1,ince-ince,66.3,0
90,1,gül-gül,57.5,0
90,1,yaz-yaz,64.4,1
90,2,kalem-kalemlik,67.9,1
90,2,yaz-yaz,74.6,1
90,2,gül-gül,63.5,1
90,2,şarkı-şarki,63.4,0
90,3,yaz-yaz,69.3,1
90,3,yaz-yaz,88.9,1
90,3,kalem-kalemlik,74.4,1
90,3,şarkı-şarki,85.3,1
90,4,çalışan-çalışkan,90.9,1
90,4,gül-gül,86.8,1
90,4,ince-ince,65.5,1
90,4,yaz-yaz,55.7,0
90,5,gül-gül,100.0,1
90,5,yaz-yaz,90.9,1
90,5,çalışan-çalışkan,100.0,1
90,6,yaz-yaz,100.0,1
90,6,gül-gül,91.5,1
90,6,çalışan-çalışkan,98.1,1
90,6,kalem-kalemlik,100.0,1
90,6,kalem-kalemlik,100.0,1
91,1,kalem-kalemlik,74.1,1
91,1,çalışan-çalışkan,60.0,1
91,1,kalem-kalemlik,70.4,1
91,1,yaz-yaz,74.9,1
91,2,şarkı-şarki,74.2,1
91,2,yaz-yaz,65.6,0
91,2,gül-gül,76.0,1
91,2,yaz-yaz,80.6,1
91,3,kalem-kalemlik,60.1,0
91,3,çalışan-çalışkan,70.1,1
91,3,yaz-yaz,67.0,1
91,3,şarkı-şarki,73.6,1
91,3,şarkı-şarki,68.2,1
91,4,şarkı-şarki,83.4,1
91,4,ince-ince,75.0,1
91,4,şarkı-şarki,100.0,1
91,4,çalışan-çalışkan,70.5,1
91,5,çalışan-çalışkan,97.3,1
91,5,çalışan-çalışkan,97.9,1
91,5,çalışan-çalışkan,80.3,1
91,6,ince-ince,95.2,1
91,6,gül-gül,86.3,1
91,6,gül-gül,100.0,1
91,6,kalem-kalemlik,100.0,1
92,1,ince-ince,59.2,0
92,1,çalışan-çalışkan,70.5,1
92,1,şarkı-şarki,57.6,1
92,2,çalışan-çalışkan,66.8,0
92,2,şarkı-şarki,66.6,0
92,2,gül-gül,55.8,0
92,2,ince-ince,78.0,1
92,3,ince-ince,59.0,0
92,3,gül-gül,70.9,1
92,3,gül-gül,77.2,1
92,3,yaz-yaz,64.9,0
92,3,ince-ince,74.7,1
92,4,yaz-yaz,86.6,1
92,4,şarkı-şarki,79.8,1
92,4,şarkı-şarki,83.8,1
92,4,kalem-kalemlik,72.1,1
92,4,kalem-kalemlik,65.0,1
92,5,şarkı-şarki,90.9,1
92,5,çalışan-çalışkan,93.0,1
92,5,gül-gül,98.2,1
92,5,gül-gül,78.3,1
92,5,çalışan-çalışkan,80.5,1
92,6,kalem-kalemlik,90.2,1
92,6,şarkı-şarki,87.7,1
92,6,ince-ince,90.7,1
92,6,yaz-yaz,72.2,1
93,1,ince-ince,70.8,1
93,1,çalışan-çalışkan,57.3,0
93,1,şarkı-şarki,46.4,0
93,1,çalışan-çalışkan,58.8,1
93,2,şarkı-şarki,66.7,1
93,2,ince-ince,60.0,0
93,2,yaz-yaz,69.8,0
93,2,gül-gül,55.7,0
93,3,gül-gül,71.8,1
93,3,şarkı-şarki,69.4,0
93,3,çalışan-çalışkan,61.4,1
93,3,şarkı-şarki,61.0,0
93,3,gül-gül,68.6,0
93,4,çalışan-çalışkan,50.0,0
93,4,kalem-kalemlik,73.1,1
93,4,ince-ince,68.2,1
93,5,ince-ince,65.2,1
93,5,yaz-yaz,77.3,1
93,5,çalışan-çalışkan,63.0,0
93,6,şarkı-şarki,73.1,1
93,6,yaz-yaz,100.0,1
93,6,gül-gül,81.4,1
94,1,yaz-yaz,53.9,1
94,1,gül-gül,59.2,0
94,1,ince-ince,54.4,0
94,2,gül-gül,61.8,1
94,2,gül-gül,73.6,1
94,2,yaz-yaz,59.3,0
94,3,yaz-yaz,71.7,1
94,3,çalışan-çalışkan,76.6,1
94,3,çalışan-çalışkan,88.0,1
94,4,ince-ince,100.0,1
94,4,yaz-yaz,87.0,1
94,4,şarkı-şarki,82.6,1
94,4,şarkı-şarki,74.9,1
94,5,şarkı-şarki,81.1,1
94,5,kalem-kalemlik,89.6,1
94,5,gül-gül,94.5,1
94,5,gül-gül,87.8,1
94,5,çalışan-çalışkan,88.7,1
94,6,yaz-yaz,88.4,1
94,6,şarkı-şarki,83.1,1
94,6,ince-ince,100.0,1
95,1,kalem-kalemlik,48.5,0
95,1,yaz-yaz,49.0,0
95,1,yaz-yaz,32.9,0
95,1,yaz-yaz,43.7,0
95,2,şarkı-şarki,30.8,0
95,2,şarkı-şarki,41.8,0
95,2,gül-gül,45.9,0
95,3,yaz-yaz,63.2,1
95,3,gül-gül,68.4,0
95,3,şarkı-şarki,57.7,0
95,3,kalem-kalemlik,32.3,0
95,3,kalem-kalemlik,72.7,1
95,4,şarkı-şarki,36.2,0
95,4,gül-gül,53.7,0
95,4,ince-ince,53.0,0
95,4,şarkı-şarki,43.6,0
95,4,çalışan-çalışkan,58.6,0
95,5,kalem-kalemlik,64.7,1
95,5,gül-gül,66.3,0
95,5,yaz-yaz,42.1,0
95,5,şarkı-şarki,47.9,0
95,5,ince-ince,60.8,0
95,6,çalışan-çalışkan,78.4,1
95,6,çalışan-çalışkan,62.2,1
95,6,yaz-yaz,71.5,1
95,6,yaz-yaz,79.8,1
95,6,yaz-yaz,60.3,1
96,1,çalışan-çalışkan,40.6,0
96,1,gül-gül,57.5,0
96,1,gül-gül,42.8,0
96,1,çalışan-çalışkan,56.8,1
96,1,gül-gül,52.5,1
96,2,şarkı-şarki,39.3,0
96,2,gül-gül,36.0,0
96,2,çalışan-çalışkan,48.7,0
96,2,gül-gül,44.4,0
96,2,ince-ince,62.7,0
96,3,gül-gül,43.0,0
96,3,ince-ince,66.7,0
96,3,gül-gül,46.9,0
96,3,gül-gül,57.2,0
96,3,yaz-yaz,46.7,0
96,4,kalem-kalemlik,65.3,0
96,4,çalışan-çalışkan,52.0,1
96,4,çalışan-çalışkan,64.2,1
96,4,çalışan-çalışkan,67.8,0
96,4,yaz-yaz,64.8,1
96,5,şarkı-şarki,62.7,0
96,5,şarkı-şarki,64.6,1
96,5,çalışan-çalışkan,60.2,1
96,5,çalışan-çalışkan,65.1,1
96,5,gül-gül,68.2,0
96,6,çalışan-çalışkan,40.8,0
96,6,çalışan-çalışkan,60.2,1
96,6,kalem-kalemlik,68.5,1
96,6,kalem-kalemlik,70.7,1
97,1,kalem-kalemlik,49.3,0
97,1,şarkı-şarki,62.9,0
97,1,gül-gül,67.8,0
97,1,yaz-yaz,63.4,1
97,1,ince-ince,41.3,0
97,2,yaz-yaz,73.9,1
97,2,çalışan-çalışkan,53.0,1
97,2,şarkı-şarki,55.7,1
97,2,ince-ince,58.8,0
97,2,şarkı-şarki,75.7,1
97,3,yaz-yaz,57.9,1
97,3,gül-gül,60.1,1
97,3,ince-ince,59.4,1
97,3,ince-ince,66.9,0
97,3,kalem-kalemlik,84.4,1
97,4,şarkı-şarki,81.2,1
97,4,yaz-yaz,81.9,1
97,4,ince-ince,88.7,1
97,4,çalışan-çalışkan,77.0,1
97,5,kalem-kalemlik,79.0,1
97,5,ince-ince,85.6,1
97,5,gül-gül,87.7,1
97,5,ince-ince,75.4,1
97,5,ince-ince,92.4,1
97,6,kalem-kalemlik,100.0,1
97,6,kalem-kalemlik,88.0,1
97,6,kalem-kalemlik,77.3,1
97,6,ince-ince,100.0,1
97,6,kalem-kalemlik,84.5,1
98,1,ince-ince,47.4,0
98,1,çalışan-çalışkan,49.0,0
98,1,gül-gül,63.9,0
98,1,ince-ince,53.2,1
98,1,şarkı-şarki,44.2,0
98,2,yaz-yaz,47.2,0
98,2,kalem-kalemlik,55.3,0
98,2,ince-ince,60.7,0
98,2,ince-ince,55.6,0
98,2,kalem-kalemlik,46.2,0
98,3,kalem-kalemlik,52.0,1
98,3,kalem-kalemlik,47.7,0
98,3,gül-gül,54.2,0
98,4,şarkı-şarki,59.2,1
98,4,şarkı-şarki,75.1,1
98,4,yaz-yaz,81.7,1
98,4,gül-gül,52.2,1
98,5,gül-gül,78.8,1
98,5,yaz-yaz,69.6,0
98,5,kalem-kalemlik,88.5,1
98,5,ince-ince,78.7,1
98,5,ince-ince,71.7,1
98,6,yaz-yaz,74.0,1
98,6,yaz-yaz,73.7,1
98,6,çalışan-çalışkan,78.5,1
98,6,gül-gül,79.3,1
99,1,ince-ince,28.0,0
99,1,çalışan-çalışkan,40.1,0
99,1,kalem-kalemlik,28.1,0
99,1,yaz-yaz,44.7,0
99,2,kalem-kalemlik,44.9,0
99,2,ince-ince,48.5,0
99,2,ince-ince,53.4,1
99,2,yaz-yaz,43.0,0
99,2,yaz-yaz,59.2,1
99,3,ince-ince,51.1,0
99,3,kalem-kalemlik,51.5,0
99,3,yaz-yaz,48.4,0
99,3,gül-gül,60.1,0
99,4,çalışan-çalışkan,37.7,0
99,4,yaz-yaz,50.2,1
99,4,gül-gül,54.0,1
99,4,ince-ince,79.5,1
99,5,yaz-yaz,85.3,1
99,5,çalışan-çalışkan,69.2,1
99,5,çalışan-çalışkan,61.6,0
99,6,kalem-kalemlik,74.6,1
99,6,çalışan-çalışkan,55.2,0
99,6,çalışan-çalışkan,74.7,1
99,6,ince-ince,89.9,1
100,1,çalışan-çalışkan,59.1,1
100,1,çalışan-çalışkan,63.5,1
100,1,gül-gül,69.8,1
100,1,şarkı-şarki,63.5,0
100,2,yaz-yaz,74.6,1
100,2,şarkı-şarki,53.0,0
100,2,yaz-yaz,59.8,0
100,2,kalem-kalemlik,66.2,0
100,3,kalem-kalemlik,55.9,0
100,3,şarkı-şarki,72.3,1
100,3,yaz-yaz,78.9,1
100,4,yaz-yaz,81.0,1
100,4,çalışan-çalışkan,90.3,1
100,4,çalışan-çalışkan,72.0,1
100,5,gül-gül,92.8,1
100,5,kalem-kalemlik,89.0,1
100,5,kalem-kalemlik,76.8,1
100,5,kalem-kalemlik,85.0,1
100,5,yaz-yaz,94.3,1
100,6,çalışan-çalışkan,87.7,1
100,6,kalem-kalemlik,100.0,1
100,6,çalışan-çalışkan,100.0,1
100,6,çalışan-çalışkan,97.4,1
100,6,şarkı-şarki,100.0,1
